{"textures":{"0":"modelengine:entity/giant_zombie"},"elements":[{"name":"cube","from":[5.6,6.8,4.3999996],"to":[11.6,11.0,10.4],"rotation":{"angle":0.0,"axis":"x","origin":[8.0,-19.600002,5.6]},"faces":{"down":{"uv":[6.0,5.75,4.75,7.0],"rotation":0,"texture":"#0","tintindex":0},"east":{"uv":[4.375,7.0,5.625,7.875],"rotation":0,"texture":"#0","tintindex":0},"north":{"uv":[2.125,6.875,3.375,7.75],"rotation":0,"texture":"#0","tintindex":0},"south":{"uv":[7.0,6.5,8.25,7.375],"rotation":0,"texture":"#0","tintindex":0},"up":{"uv":[6.875,2.5,5.625,1.25],"rotation":0,"texture":"#0","tintindex":0},"west":{"uv":[7.125,3.25,8.375,4.125],"rotation":0,"texture":"#0","tintindex":0}}}],"display":{"head":{"translation":[0.0,-6.4,0.0],"rotation":[0.0,0.0,0.0],"scale":[3.8095,3.8095,3.8095]}}}