{"textures":{"0":"modelengine:entity/giant_zombie"},"elements":[{"name":"cube","from":[6.2,6.8,6.8],"to":[11.0,8.6,9.2],"rotation":{"angle":0.0,"axis":"x","origin":[8.0,-19.600002,5.6]},"faces":{"down":{"uv":[9.625,2.625,8.625,3.125],"rotation":0,"texture":"#0","tintindex":0},"east":{"uv":[8.0,1.75,8.5,2.125],"rotation":0,"texture":"#0","tintindex":0},"north":{"uv":[9.0,6.625,10.0,7.0],"rotation":0,"texture":"#0","tintindex":0},"south":{"uv":[9.125,1.375,10.125,1.75],"rotation":0,"texture":"#0","tintindex":0},"up":{"uv":[5.625,3.5,4.625,3.0],"rotation":0,"texture":"#0","tintindex":0},"west":{"uv":[8.25,7.0,8.75,7.375],"rotation":0,"texture":"#0","tintindex":0}}},{"name":"cube","from":[6.2,5.0,4.3999996],"to":[11.0,6.8,9.2],"rotation":{"angle":0.0,"axis":"x","origin":[8.0,-19.600002,5.6]},"faces":{"down":{"uv":[8.5,0.0,7.5,1.0],"rotation":0,"texture":"#0","tintindex":0},"east":{"uv":[9.25,2.125,10.25,2.5],"rotation":0,"texture":"#0","tintindex":0},"north":{"uv":[9.25,1.75,10.25,2.125],"rotation":0,"texture":"#0","tintindex":0},"south":{"uv":[7.5,9.25,8.5,9.625],"rotation":0,"texture":"#0","tintindex":0},"up":{"uv":[8.0,8.375,7.0,7.375],"rotation":0,"texture":"#0","tintindex":0},"west":{"uv":[0.0,9.375,1.0,9.75],"rotation":0,"texture":"#0","tintindex":0}}}],"display":{"head":{"translation":[0.0,-6.4,0.0],"rotation":[0.0,0.0,0.0],"scale":[3.8095,3.8095,3.8095]}}}