{"textures":{"0":"modelengine:entity/giant_zombie"},"elements":[{"name":"cube","from":[5.8999996,3.7999997,3.1999998],"to":[10.1,8.0,8.0],"rotation":{"angle":0.0,"axis":"x","origin":[16.400002,-6.1000004,2.2999997]},"faces":{"down":{"uv":[5.625,7.75,6.5,8.75],"rotation":0,"texture":"#0","tintindex":0},"east":{"uv":[2.0,7.75,1.0,8.625],"rotation":0,"texture":"#0","tintindex":0},"north":{"uv":[8.875,5.125,8.0,6.0],"rotation":0,"texture":"#0","tintindex":0},"south":{"uv":[8.875,7.375,8.0,8.25],"rotation":0,"texture":"#0","tintindex":0},"up":{"uv":[2.0,8.75,2.875,7.75],"rotation":0,"texture":"#0","tintindex":0},"west":{"uv":[8.625,2.25,7.625,3.125],"rotation":0,"texture":"#0","tintindex":0}}},{"name":"cube","from":[5.8999996,0.7999997,3.1999998],"to":[8.9,3.7999997,7.4],"rotation":{"angle":0.0,"axis":"x","origin":[16.400002,-6.1000004,2.2999997]},"faces":{"down":{"uv":[4.375,8.625,5.0,9.5],"rotation":0,"texture":"#0","tintindex":0},"east":{"uv":[1.625,8.625,0.75,9.25],"rotation":0,"texture":"#0","tintindex":0},"north":{"uv":[7.5,9.125,6.875,9.75],"rotation":0,"texture":"#0","tintindex":0},"south":{"uv":[9.875,0.0,9.25,0.625],"rotation":0,"texture":"#0","tintindex":0},"up":{"uv":[8.625,2.625,9.25,1.75],"rotation":0,"texture":"#0","tintindex":0},"west":{"uv":[8.0,5.125,7.125,5.75],"rotation":0,"texture":"#0","tintindex":0}}},{"name":"cube","from":[6.8,6.8,6.8],"to":[9.2,9.8,8.6],"rotation":{"angle":0.0,"axis":"x","origin":[16.400002,-6.1000004,2.2999997]},"faces":{"down":{"uv":[9.625,2.5,10.125,2.875],"rotation":0,"texture":"#0","tintindex":0},"east":{"uv":[4.5,9.5,4.125,10.125],"rotation":0,"texture":"#0","tintindex":0},"north":{"uv":[2.875,9.5,2.375,10.125],"rotation":0,"texture":"#0","tintindex":0},"south":{"uv":[10.0,3.875,9.5,4.5],"rotation":0,"texture":"#0","tintindex":0},"up":{"uv":[5.75,9.875,6.25,9.5],"rotation":0,"texture":"#0","tintindex":0},"west":{"uv":[6.0,7.0,5.625,7.625],"rotation":0,"texture":"#0","tintindex":0}}}],"display":{"head":{"translation":[0.0,-6.4,0.0],"rotation":[0.0,0.0,0.0],"scale":[3.8095,3.8095,3.8095]}}}