{"textures":{"0":"modelengine:entity/giant_zombie"},"elements":[{"name":"cube","from":[5.6,2.6,4.3999996],"to":[8.6,6.2,8.0],"rotation":{"angle":0.0,"axis":"x","origin":[9.2,13.400001,8.0]},"faces":{"down":{"uv":[8.875,4.625,9.5,5.375],"rotation":0,"texture":"#0","tintindex":0},"east":{"uv":[9.25,0.0,8.5,0.75],"rotation":0,"texture":"#0","tintindex":0},"north":{"uv":[9.375,8.25,8.75,9.0],"rotation":0,"texture":"#0","tintindex":0},"south":{"uv":[3.5,8.875,2.875,9.625],"rotation":0,"texture":"#0","tintindex":0},"up":{"uv":[8.875,4.625,9.5,3.875],"rotation":0,"texture":"#0","tintindex":0},"west":{"uv":[8.0,8.375,7.25,9.125],"rotation":0,"texture":"#0","tintindex":0}}},{"name":"cube","from":[5.3,1.3999997,3.7999997],"to":[8.9,9.800001,8.6],"rotation":{"angle":0.0,"axis":"x","origin":[9.2,13.400001,8.0]},"faces":{"down":{"uv":[8.25,6.0,9.0,7.0],"rotation":0,"texture":"#0","tintindex":0},"east":{"uv":[5.625,1.25,4.625,3.0],"rotation":0,"texture":"#0","tintindex":0},"north":{"uv":[4.375,6.25,3.625,8.0],"rotation":0,"texture":"#0","tintindex":0},"south":{"uv":[7.125,3.25,6.375,5.0],"rotation":0,"texture":"#0","tintindex":0},"up":{"uv":[8.125,5.125,8.875,4.125],"rotation":0,"texture":"#0","tintindex":0},"west":{"uv":[4.75,4.5,3.75,6.25],"rotation":0,"texture":"#0","tintindex":0}}}],"display":{"head":{"translation":[0.0,-6.4,0.0],"rotation":[0.0,0.0,0.0],"scale":[3.8095,3.8095,3.8095]}}}