{"textures":{"0":"modelengine:entity/giant_zombie"},"elements":[{"name":"cube","from":[3.7999997,4.7,2.8999999],"to":[8.6,10.700001,9.5],"rotation":{"angle":0.0,"axis":"x","origin":[14.0,-14.200002,3.1999998]},"faces":{"down":{"uv":[0.0,6.0,1.0,7.375],"rotation":0,"texture":"#0","tintindex":0},"east":{"uv":[6.125,4.5,4.75,5.75],"rotation":0,"texture":"#0","tintindex":0},"north":{"uv":[7.5,0.0,6.5,1.25],"rotation":0,"texture":"#0","tintindex":0},"south":{"uv":[7.0,6.5,6.0,7.75],"rotation":0,"texture":"#0","tintindex":0},"up":{"uv":[2.625,6.875,3.625,5.5],"rotation":0,"texture":"#0","tintindex":0},"west":{"uv":[1.375,4.75,0.0,6.0],"rotation":0,"texture":"#0","tintindex":0}}},{"name":"cube","from":[3.7999997,-0.10000038,3.4999998],"to":[7.4,4.7,8.9],"rotation":{"angle":0.0,"axis":"x","origin":[14.0,-14.200002,3.1999998]},"faces":{"down":{"uv":[3.625,8.0,4.375,9.125],"rotation":0,"texture":"#0","tintindex":0},"east":{"uv":[8.0,1.25,6.875,2.25],"rotation":0,"texture":"#0","tintindex":0},"north":{"uv":[8.75,8.25,8.0,9.25],"rotation":0,"texture":"#0","tintindex":0},"south":{"uv":[0.75,8.375,0.0,9.375],"rotation":0,"texture":"#0","tintindex":0},"up":{"uv":[2.875,8.875,3.625,7.75],"rotation":0,"texture":"#0","tintindex":0},"west":{"uv":[2.125,6.75,1.0,7.75],"rotation":0,"texture":"#0","tintindex":0}}}],"display":{"head":{"translation":[0.0,-6.4,0.0],"rotation":[0.0,0.0,0.0],"scale":[3.8095,3.8095,3.8095]}}}