{"textures":{"0":"modelengine:entity/giant_zombie"},"elements":[{"name":"cube","from":[9.2,6.5,5.3],"to":[11.0,8.3,7.7],"rotation":{"angle":0.0,"axis":"x","origin":[17.6,1.3999997,4.3999996]},"faces":{"down":{"uv":[5.375,9.5,5.75,10.0],"rotation":0,"texture":"#0","tintindex":0},"east":{"uv":[10.0,4.5,9.5,4.875],"rotation":0,"texture":"#0","tintindex":0},"north":{"uv":[3.25,9.625,2.875,10.0],"rotation":0,"texture":"#0","tintindex":0},"south":{"uv":[10.0,5.375,9.625,5.75],"rotation":0,"texture":"#0","tintindex":0},"up":{"uv":[9.5,5.375,9.875,4.875],"rotation":0,"texture":"#0","tintindex":0},"west":{"uv":[5.0,9.5,4.5,9.875],"rotation":0,"texture":"#0","tintindex":0}}},{"name":"cube","from":[7.4,4.7,5.3],"to":[9.2,8.3,10.1],"rotation":{"angle":0.0,"axis":"x","origin":[17.6,1.3999997,4.3999996]},"faces":{"down":{"uv":[5.0,9.375,5.375,10.375],"rotation":0,"texture":"#0","tintindex":0},"east":{"uv":[9.375,3.125,8.375,3.875],"rotation":0,"texture":"#0","tintindex":0},"north":{"uv":[1.375,6.0,1.0,6.75],"rotation":0,"texture":"#0","tintindex":0},"south":{"uv":[4.75,6.25,4.375,7.0],"rotation":0,"texture":"#0","tintindex":0},"up":{"uv":[1.0,10.25,1.375,9.25],"rotation":0,"texture":"#0","tintindex":0},"west":{"uv":[7.125,5.0,6.125,5.75],"rotation":0,"texture":"#0","tintindex":0}}},{"name":"cube","from":[9.2,4.7,5.3],"to":[11.0,6.5,10.1],"rotation":{"angle":0.0,"axis":"x","origin":[17.6,1.3999997,4.3999996]},"faces":{"down":{"uv":[9.375,9.25,9.75,10.25],"rotation":0,"texture":"#0","tintindex":0},"east":{"uv":[10.375,3.5,9.375,3.875],"rotation":0,"texture":"#0","tintindex":0},"north":{"uv":[10.0,7.0,9.625,7.375],"rotation":0,"texture":"#0","tintindex":0},"south":{"uv":[10.0,7.375,9.625,7.75],"rotation":0,"texture":"#0","tintindex":0},"up":{"uv":[9.375,9.25,9.75,8.25],"rotation":0,"texture":"#0","tintindex":0},"west":{"uv":[10.375,3.125,9.375,3.5],"rotation":0,"texture":"#0","tintindex":0}}}],"display":{"head":{"translation":[0.0,-6.4,0.0],"rotation":[0.0,0.0,0.0],"scale":[3.8095,3.8095,3.8095]}}}