{"textures":{"0":"modelengine:entity/giant_zombie"},"elements":[{"name":"cube","from":[6.1499996,5.1,8.0],"to":[9.15,8.7,11.6],"rotation":{"angle":0.0,"axis":"x","origin":[5.7,19.5,11.6]},"faces":{"down":{"uv":[6.25,8.75,5.625,9.5],"rotation":0,"texture":"#0","tintindex":0},"east":{"uv":[1.875,3.75,2.625,4.5],"rotation":0,"texture":"#0","tintindex":0},"north":{"uv":[5.0,8.625,5.625,9.375],"rotation":0,"texture":"#0","tintindex":0},"south":{"uv":[1.625,8.75,2.25,9.5],"rotation":0,"texture":"#0","tintindex":0},"up":{"uv":[2.875,9.5,2.25,8.75],"rotation":0,"texture":"#0","tintindex":0},"west":{"uv":[6.5,8.375,7.25,9.125],"rotation":0,"texture":"#0","tintindex":0}}},{"name":"cube","from":[6.75,2.0999994,8.0],"to":[9.15,5.1,11.0],"rotation":{"angle":0.0,"axis":"x","origin":[5.7,19.5,11.6]},"faces":{"down":{"uv":[2.375,9.5,1.875,10.125],"rotation":0,"texture":"#0","tintindex":0},"east":{"uv":[8.75,9.0,9.375,9.625],"rotation":0,"texture":"#0","tintindex":0},"north":{"uv":[1.375,4.75,1.875,5.375],"rotation":0,"texture":"#0","tintindex":0},"south":{"uv":[6.5,7.75,7.0,8.375],"rotation":0,"texture":"#0","tintindex":0},"up":{"uv":[1.875,10.125,1.375,9.5],"rotation":0,"texture":"#0","tintindex":0},"west":{"uv":[9.125,0.75,9.75,1.375],"rotation":0,"texture":"#0","tintindex":0}}},{"name":"cube","from":[6.75,2.0999994,6.8],"to":[9.15,3.2999997,8.0],"rotation":{"angle":0.0,"axis":"x","origin":[5.7,19.5,11.6]},"faces":{"down":{"uv":[8.875,3.875,8.375,4.125],"rotation":0,"texture":"#0","tintindex":0},"east":{"uv":[6.125,3.25,6.375,3.5],"rotation":0,"texture":"#0","tintindex":0},"north":{"uv":[5.625,3.25,6.125,3.5],"rotation":0,"texture":"#0","tintindex":0},"south":{"uv":[6.875,2.25,7.375,2.5],"rotation":0,"texture":"#0","tintindex":0},"up":{"uv":[8.0,1.25,7.5,1.0],"rotation":0,"texture":"#0","tintindex":0},"west":{"uv":[6.125,4.5,6.375,4.75],"rotation":0,"texture":"#0","tintindex":0}}}],"display":{"head":{"translation":[0.0,-6.4,0.0],"rotation":[0.0,0.0,0.0],"scale":[3.8095,3.8095,3.8095]}}}