{"textures":{"0":"modelengine:entity/giant_zombie"},"elements":[{"name":"cube","from":[5.0,6.5,5.3],"to":[6.8,8.3,7.7],"rotation":{"angle":0.0,"axis":"x","origin":[-1.6000004,1.3999997,4.3999996]},"faces":{"down":{"uv":[5.75,9.5,5.375,10.0],"rotation":0,"texture":"#0","tintindex":0},"east":{"uv":[4.5,9.5,5.0,9.875],"rotation":0,"texture":"#0","tintindex":0},"north":{"uv":[2.875,9.625,3.25,10.0],"rotation":0,"texture":"#0","tintindex":0},"south":{"uv":[9.625,5.375,10.0,5.75],"rotation":0,"texture":"#0","tintindex":0},"up":{"uv":[9.875,5.375,9.5,4.875],"rotation":0,"texture":"#0","tintindex":0},"west":{"uv":[9.5,4.5,10.0,4.875],"rotation":0,"texture":"#0","tintindex":0}}},{"name":"cube","from":[6.8,4.7,5.3],"to":[8.6,8.3,10.1],"rotation":{"angle":0.0,"axis":"x","origin":[-1.6000004,1.3999997,4.3999996]},"faces":{"down":{"uv":[5.375,9.375,5.0,10.375],"rotation":0,"texture":"#0","tintindex":0},"east":{"uv":[6.125,5.0,7.125,5.75],"rotation":0,"texture":"#0","tintindex":0},"north":{"uv":[1.0,6.0,1.375,6.75],"rotation":0,"texture":"#0","tintindex":0},"south":{"uv":[4.375,6.25,4.75,7.0],"rotation":0,"texture":"#0","tintindex":0},"up":{"uv":[1.375,10.25,1.0,9.25],"rotation":0,"texture":"#0","tintindex":0},"west":{"uv":[8.375,3.125,9.375,3.875],"rotation":0,"texture":"#0","tintindex":0}}},{"name":"cube","from":[5.0,4.7,5.3],"to":[6.8,6.5,10.1],"rotation":{"angle":0.0,"axis":"x","origin":[-1.6000004,1.3999997,4.3999996]},"faces":{"down":{"uv":[9.75,9.25,9.375,10.25],"rotation":0,"texture":"#0","tintindex":0},"east":{"uv":[9.375,3.125,10.375,3.5],"rotation":0,"texture":"#0","tintindex":0},"north":{"uv":[9.625,7.0,10.0,7.375],"rotation":0,"texture":"#0","tintindex":0},"south":{"uv":[9.625,7.375,10.0,7.75],"rotation":0,"texture":"#0","tintindex":0},"up":{"uv":[9.75,9.25,9.375,8.25],"rotation":0,"texture":"#0","tintindex":0},"west":{"uv":[9.375,3.5,10.375,3.875],"rotation":0,"texture":"#0","tintindex":0}}}],"display":{"head":{"translation":[0.0,-6.4,0.0],"rotation":[0.0,0.0,0.0],"scale":[3.8095,3.8095,3.8095]}}}