{"textures":{"0":"modelengine:entity/giant_zombie"},"elements":[{"name":"cube","from":[7.4,2.6,4.3999996],"to":[10.4,6.2,8.0],"rotation":{"angle":0.0,"axis":"x","origin":[6.8,13.400001,8.0]},"faces":{"down":{"uv":[9.5,4.625,8.875,5.375],"rotation":0,"texture":"#0","tintindex":0},"east":{"uv":[7.25,8.375,8.0,9.125],"rotation":0,"texture":"#0","tintindex":0},"north":{"uv":[8.75,8.25,9.375,9.0],"rotation":0,"texture":"#0","tintindex":0},"south":{"uv":[2.875,8.875,3.5,9.625],"rotation":0,"texture":"#0","tintindex":0},"up":{"uv":[9.5,4.625,8.875,3.875],"rotation":0,"texture":"#0","tintindex":0},"west":{"uv":[8.5,0.0,9.25,0.75],"rotation":0,"texture":"#0","tintindex":0}}},{"name":"cube","from":[7.1,1.3999997,3.7999997],"to":[10.700001,9.800001,8.6],"rotation":{"angle":0.0,"axis":"x","origin":[6.8,13.400001,8.0]},"faces":{"down":{"uv":[9.0,6.0,8.25,7.0],"rotation":0,"texture":"#0","tintindex":0},"east":{"uv":[3.75,4.5,4.75,6.25],"rotation":0,"texture":"#0","tintindex":0},"north":{"uv":[3.625,6.25,4.375,8.0],"rotation":0,"texture":"#0","tintindex":0},"south":{"uv":[6.375,3.25,7.125,5.0],"rotation":0,"texture":"#0","tintindex":0},"up":{"uv":[8.875,5.125,8.125,4.125],"rotation":0,"texture":"#0","tintindex":0},"west":{"uv":[4.625,1.25,5.625,3.0],"rotation":0,"texture":"#0","tintindex":0}}}],"display":{"head":{"translation":[0.0,-6.4,0.0],"rotation":[0.0,0.0,0.0],"scale":[3.8095,3.8095,3.8095]}}}