{"textures":{"0":"modelengine:entity/giant_zombie"},"elements":[{"name":"cube","from":[7.4,4.7,2.8999999],"to":[12.2,10.700001,9.5],"rotation":{"angle":0.0,"axis":"x","origin":[1.9999998,-14.200002,3.1999998]},"faces":{"down":{"uv":[1.0,6.0,0.0,7.375],"rotation":0,"texture":"#0","tintindex":0},"east":{"uv":[0.0,4.75,1.375,6.0],"rotation":0,"texture":"#0","tintindex":0},"north":{"uv":[6.5,0.0,7.5,1.25],"rotation":0,"texture":"#0","tintindex":0},"south":{"uv":[6.0,6.5,7.0,7.75],"rotation":0,"texture":"#0","tintindex":0},"up":{"uv":[3.625,6.875,2.625,5.5],"rotation":0,"texture":"#0","tintindex":0},"west":{"uv":[4.75,4.5,6.125,5.75],"rotation":0,"texture":"#0","tintindex":0}}},{"name":"cube","from":[8.6,-0.10000038,3.4999998],"to":[12.2,4.7,8.9],"rotation":{"angle":0.0,"axis":"x","origin":[1.9999998,-14.200002,3.1999998]},"faces":{"down":{"uv":[4.375,8.0,3.625,9.125],"rotation":0,"texture":"#0","tintindex":0},"east":{"uv":[1.0,6.75,2.125,7.75],"rotation":0,"texture":"#0","tintindex":0},"north":{"uv":[8.0,8.25,8.75,9.25],"rotation":0,"texture":"#0","tintindex":0},"south":{"uv":[0.0,8.375,0.75,9.375],"rotation":0,"texture":"#0","tintindex":0},"up":{"uv":[3.625,8.875,2.875,7.75],"rotation":0,"texture":"#0","tintindex":0},"west":{"uv":[6.875,1.25,8.0,2.25],"rotation":0,"texture":"#0","tintindex":0}}}],"display":{"head":{"translation":[0.0,-6.4,0.0],"rotation":[0.0,0.0,0.0],"scale":[3.8095,3.8095,3.8095]}}}