{"textures":{"0":"modelengine:entity/giant_zombie"},"elements":[{"name":"cube","from":[5.8999996,3.7999997,3.1999998],"to":[10.1,8.0,8.0],"rotation":{"angle":0.0,"axis":"x","origin":[-0.40000033,-6.1000004,2.2999997]},"faces":{"down":{"uv":[6.5,7.75,5.625,8.75],"rotation":0,"texture":"#0","tintindex":0},"east":{"uv":[7.625,2.25,8.625,3.125],"rotation":0,"texture":"#0","tintindex":0},"north":{"uv":[8.0,5.125,8.875,6.0],"rotation":0,"texture":"#0","tintindex":0},"south":{"uv":[8.0,7.375,8.875,8.25],"rotation":0,"texture":"#0","tintindex":0},"up":{"uv":[2.875,8.75,2.0,7.75],"rotation":0,"texture":"#0","tintindex":0},"west":{"uv":[1.0,7.75,2.0,8.625],"rotation":0,"texture":"#0","tintindex":0}}},{"name":"cube","from":[7.1,0.7999997,3.1999998],"to":[10.1,3.7999997,7.4],"rotation":{"angle":0.0,"axis":"x","origin":[-0.40000033,-6.1000004,2.2999997]},"faces":{"down":{"uv":[5.0,8.625,4.375,9.5],"rotation":0,"texture":"#0","tintindex":0},"east":{"uv":[7.125,5.125,8.0,5.75],"rotation":0,"texture":"#0","tintindex":0},"north":{"uv":[6.875,9.125,7.5,9.75],"rotation":0,"texture":"#0","tintindex":0},"south":{"uv":[9.25,0.0,9.875,0.625],"rotation":0,"texture":"#0","tintindex":0},"up":{"uv":[9.25,2.625,8.625,1.75],"rotation":0,"texture":"#0","tintindex":0},"west":{"uv":[0.75,8.625,1.625,9.25],"rotation":0,"texture":"#0","tintindex":0}}},{"name":"cube","from":[6.8,6.8,6.8],"to":[9.2,9.8,8.6],"rotation":{"angle":0.0,"axis":"x","origin":[-0.40000033,-6.1000004,2.2999997]},"faces":{"down":{"uv":[10.125,2.5,9.625,2.875],"rotation":0,"texture":"#0","tintindex":0},"east":{"uv":[5.625,7.0,6.0,7.625],"rotation":0,"texture":"#0","tintindex":0},"north":{"uv":[2.375,9.5,2.875,10.125],"rotation":0,"texture":"#0","tintindex":0},"south":{"uv":[9.5,3.875,10.0,4.5],"rotation":0,"texture":"#0","tintindex":0},"up":{"uv":[6.25,9.875,5.75,9.5],"rotation":0,"texture":"#0","tintindex":0},"west":{"uv":[4.125,9.5,4.5,10.125],"rotation":0,"texture":"#0","tintindex":0}}}],"display":{"head":{"translation":[0.0,-6.4,0.0],"rotation":[0.0,0.0,0.0],"scale":[3.8095,3.8095,3.8095]}}}