{"textures":{"0":"modelengine:entity/giant_zombie"},"elements":[{"name":"cube","from":[1.6249998,11.874435,6.0428753],"to":[14.225,17.874435,12.042875],"rotation":{"angle":0.0,"axis":"x","origin":[7.625,-6.725566,6.0428753]},"faces":{"down":{"uv":[5.25,0.0,2.625,1.25],"rotation":0,"texture":"#0","tintindex":0},"east":{"uv":[5.25,0.0,6.5,1.25],"rotation":0,"texture":"#0","tintindex":0},"north":{"uv":[0.0,0.0,2.625,1.25],"rotation":0,"texture":"#0","tintindex":0},"south":{"uv":[0.0,1.25,2.625,2.5],"rotation":0,"texture":"#0","tintindex":0},"up":{"uv":[2.625,3.75,0.0,2.5],"rotation":0,"texture":"#0","tintindex":0},"west":{"uv":[1.375,5.5,2.625,6.75],"rotation":0,"texture":"#0","tintindex":0}}},{"name":"cube","from":[3.4249997,8.175565,6.5071244],"to":[12.425,12.975565,11.307125],"rotation":{"angle":22.5,"axis":"x","origin":[9.725,10.575565,8.9071245]},"faces":{"down":{"uv":[6.375,3.5,4.5,4.5],"rotation":0,"texture":"#0","tintindex":0},"east":{"uv":[7.125,4.125,8.125,5.125],"rotation":0,"texture":"#0","tintindex":0},"north":{"uv":[2.625,3.5,4.5,4.5],"rotation":0,"texture":"#0","tintindex":0},"south":{"uv":[0.0,3.75,1.875,4.75],"rotation":0,"texture":"#0","tintindex":0},"up":{"uv":[3.75,5.5,1.875,4.5],"rotation":0,"texture":"#0","tintindex":0},"west":{"uv":[0.0,7.375,1.0,8.375],"rotation":0,"texture":"#0","tintindex":0}}},{"name":"cube","from":[3.1249998,4.5755644,6.2071247],"to":[12.725,8.175565,11.607124],"rotation":{"angle":22.5,"axis":"x","origin":[9.725,10.575565,8.9071245]},"faces":{"down":{"uv":[4.625,2.375,2.625,3.5],"rotation":0,"texture":"#0","tintindex":0},"east":{"uv":[4.375,7.875,5.5,8.625],"rotation":0,"texture":"#0","tintindex":0},"north":{"uv":[5.625,2.5,7.625,3.25],"rotation":0,"texture":"#0","tintindex":0},"south":{"uv":[6.0,5.75,8.0,6.5],"rotation":0,"texture":"#0","tintindex":0},"up":{"uv":[4.625,2.375,2.625,1.25],"rotation":0,"texture":"#0","tintindex":0},"west":{"uv":[8.0,1.0,9.125,1.75],"rotation":0,"texture":"#0","tintindex":0}}},{"name":"cube","from":[6.425,17.874435,8.442875],"to":[10.025,20.874435,11.442876],"rotation":{"angle":0.0,"axis":"x","origin":[7.625,-6.725566,6.0428753]},"faces":{"down":{"uv":[9.75,6.0,9.0,6.625],"rotation":0,"texture":"#0","tintindex":0},"east":{"uv":[3.5,9.125,4.125,9.75],"rotation":0,"texture":"#0","tintindex":0},"north":{"uv":[8.875,5.375,9.625,6.0],"rotation":0,"texture":"#0","tintindex":0},"south":{"uv":[8.875,7.0,9.625,7.625],"rotation":0,"texture":"#0","tintindex":0},"up":{"uv":[9.625,8.25,8.875,7.625],"rotation":0,"texture":"#0","tintindex":0},"west":{"uv":[6.25,9.125,6.875,9.75],"rotation":0,"texture":"#0","tintindex":0}}}],"display":{"head":{"translation":[0.0,-6.4,0.0],"rotation":[0.0,0.0,0.0],"scale":[3.8095,3.8095,3.8095]}}}