{"textures":{"0":"modelengine:entity/phoenix_egg","1":"modelengine:entity/gui_bar"},"elements":[{"name":"cube","from":[5.8999996,7.91,5.3],"to":[10.1,12.110001,10.700001],"rotation":{"angle":0.0,"axis":"x","origin":[7.7,6.71,7.7]},"faces":{"down":{"uv":[4.0,2.25,2.25,4.5],"rotation":0,"texture":"#0","tintindex":0},"east":{"uv":[0.0,0.0,2.25,1.75],"rotation":0,"texture":"#0","tintindex":0},"north":{"uv":[0.0,3.5,1.75,5.25],"rotation":0,"texture":"#0","tintindex":0},"south":{"uv":[4.0,0.0,5.75,1.75],"rotation":0,"texture":"#0","tintindex":0},"up":{"uv":[4.0,2.25,2.25,0.0],"rotation":0,"texture":"#0","tintindex":0},"west":{"uv":[0.0,1.75,2.25,3.5],"rotation":0,"texture":"#0","tintindex":0}}},{"name":"cube","from":[10.1,7.91,5.8999996],"to":[10.700001,12.110001,10.1],"rotation":{"angle":0.0,"axis":"x","origin":[7.7,6.71,7.7]},"faces":{"down":{"uv":[8.0,10.0,7.75,11.75],"rotation":0,"texture":"#0","tintindex":0},"east":{"uv":[1.75,4.5,3.5,6.25],"rotation":0,"texture":"#0","tintindex":0},"north":{"uv":[6.25,10.0,6.5,11.75],"rotation":0,"texture":"#0","tintindex":0},"south":{"uv":[7.25,10.0,7.5,11.75],"rotation":0,"texture":"#0","tintindex":0},"up":{"uv":[7.75,11.75,7.5,10.0],"rotation":0,"texture":"#0","tintindex":0},"west":{"uv":[0.0,5.25,1.75,7.0],"rotation":0,"texture":"#0","tintindex":0}}},{"name":"cube","from":[9.5,12.110001,6.5],"to":[10.1,13.910001,9.5],"rotation":{"angle":0.0,"axis":"x","origin":[7.7,6.71,7.7]},"faces":{"down":{"uv":[3.0,10.25,2.75,11.5],"rotation":0,"texture":"#0","tintindex":0},"east":{"uv":[8.5,8.75,9.75,9.5],"rotation":0,"texture":"#0","tintindex":0},"north":{"uv":[3.0,6.25,3.25,7.0],"rotation":0,"texture":"#0","tintindex":0},"south":{"uv":[3.25,6.25,3.5,7.0],"rotation":0,"texture":"#0","tintindex":0},"up":{"uv":[2.75,11.5,2.5,10.25],"rotation":0,"texture":"#0","tintindex":0},"west":{"uv":[9.25,2.5,10.5,3.25],"rotation":0,"texture":"#0","tintindex":0}}},{"name":"cube","from":[6.5,12.110001,5.8999996],"to":[9.5,13.910001,6.5],"rotation":{"angle":0.0,"axis":"x","origin":[7.7,6.71,7.7]},"faces":{"down":{"uv":[9.25,10.25,8.0,10.5],"rotation":0,"texture":"#0","tintindex":0},"east":{"uv":[1.75,3.5,2.0,4.25],"rotation":0,"texture":"#0","tintindex":0},"north":{"uv":[5.75,4.5,7.0,5.25],"rotation":0,"texture":"#0","tintindex":0},"south":{"uv":[8.75,1.0,10.0,1.75],"rotation":0,"texture":"#0","tintindex":0},"up":{"uv":[2.5,10.5,1.25,10.25],"rotation":0,"texture":"#0","tintindex":0},"west":{"uv":[2.0,3.5,2.25,4.25],"rotation":0,"texture":"#0","tintindex":0}}},{"name":"cube","from":[6.5,11.51,6.5],"to":[9.5,15.110001,9.5],"rotation":{"angle":0.0,"axis":"x","origin":[7.7,6.71,7.7]},"faces":{"down":{"uv":[6.75,7.0,5.5,8.25],"rotation":0,"texture":"#0","tintindex":0},"east":{"uv":[1.75,6.25,3.0,7.75],"rotation":0,"texture":"#0","tintindex":0},"north":{"uv":[5.75,3.0,7.0,4.5],"rotation":0,"texture":"#0","tintindex":0},"south":{"uv":[0.0,7.0,1.25,8.5],"rotation":0,"texture":"#0","tintindex":0},"up":{"uv":[8.25,5.5,7.0,4.25],"rotation":0,"texture":"#0","tintindex":0},"west":{"uv":[3.0,7.0,4.25,8.5],"rotation":0,"texture":"#0","tintindex":0}}},{"name":"cube","from":[5.8999996,12.110001,6.5],"to":[6.5,13.910001,9.5],"rotation":{"angle":0.0,"axis":"x","origin":[7.7,6.71,7.7]},"faces":{"down":{"uv":[7.0,10.25,6.75,11.5],"rotation":0,"texture":"#0","tintindex":0},"east":{"uv":[9.25,3.25,10.5,4.0],"rotation":0,"texture":"#0","tintindex":0},"north":{"uv":[1.25,7.0,1.5,7.75],"rotation":0,"texture":"#0","tintindex":0},"south":{"uv":[1.5,7.0,1.75,7.75],"rotation":0,"texture":"#0","tintindex":0},"up":{"uv":[6.75,11.5,6.5,10.25],"rotation":0,"texture":"#0","tintindex":0},"west":{"uv":[9.25,4.0,10.5,4.75],"rotation":0,"texture":"#0","tintindex":0}}},{"name":"cube","from":[5.3,7.91,5.8999996],"to":[5.8999996,12.110001,10.1],"rotation":{"angle":0.0,"axis":"x","origin":[7.7,6.71,7.7]},"faces":{"down":{"uv":[6.25,10.0,6.0,11.75],"rotation":0,"texture":"#0","tintindex":0},"east":{"uv":[4.0,1.75,5.75,3.5],"rotation":0,"texture":"#0","tintindex":0},"north":{"uv":[5.25,10.0,5.5,11.75],"rotation":0,"texture":"#0","tintindex":0},"south":{"uv":[5.5,10.0,5.75,11.75],"rotation":0,"texture":"#0","tintindex":0},"up":{"uv":[6.0,11.75,5.75,10.0],"rotation":0,"texture":"#0","tintindex":0},"west":{"uv":[4.0,3.5,5.75,5.25],"rotation":0,"texture":"#0","tintindex":0}}},{"name":"cube","from":[6.5,12.110001,9.5],"to":[9.5,13.910001,10.1],"rotation":{"angle":0.0,"axis":"x","origin":[7.7,6.71,7.7]},"faces":{"down":{"uv":[1.25,10.5,0.0,10.75],"rotation":0,"texture":"#0","tintindex":0},"east":{"uv":[3.5,4.5,3.75,5.25],"rotation":0,"texture":"#0","tintindex":0},"north":{"uv":[8.75,1.75,10.0,2.5],"rotation":0,"texture":"#0","tintindex":0},"south":{"uv":[7.25,8.75,8.5,9.5],"rotation":0,"texture":"#0","tintindex":0},"up":{"uv":[10.5,10.5,9.25,10.25],"rotation":0,"texture":"#0","tintindex":0},"west":{"uv":[3.75,4.5,4.0,5.25],"rotation":0,"texture":"#0","tintindex":0}}},{"name":"cube","from":[6.5,6.71,6.5],"to":[9.5,7.31,9.5],"rotation":{"angle":0.0,"axis":"x","origin":[7.7,6.71,7.7]},"faces":{"down":{"uv":[5.5,7.0,4.25,8.25],"rotation":0,"texture":"#0","tintindex":0},"east":{"uv":[8.0,10.0,9.25,10.25],"rotation":0,"texture":"#0","tintindex":0},"north":{"uv":[10.0,2.25,11.25,2.5],"rotation":0,"texture":"#0","tintindex":0},"south":{"uv":[9.25,10.0,10.5,10.25],"rotation":0,"texture":"#0","tintindex":0},"up":{"uv":[8.25,4.25,7.0,3.0],"rotation":0,"texture":"#0","tintindex":0},"west":{"uv":[0.0,10.25,1.25,10.5],"rotation":0,"texture":"#0","tintindex":0}}},{"name":"cube","from":[5.8999996,7.31,5.8999996],"to":[10.1,7.91,10.1],"rotation":{"angle":0.0,"axis":"x","origin":[7.7,6.71,7.7]},"faces":{"down":{"uv":[7.0,5.25,5.25,7.0],"rotation":0,"texture":"#0","tintindex":0},"east":{"uv":[10.0,1.5,11.75,1.75],"rotation":0,"texture":"#0","tintindex":0},"north":{"uv":[10.0,1.25,11.75,1.5],"rotation":0,"texture":"#0","tintindex":0},"south":{"uv":[10.0,1.75,11.75,2.0],"rotation":0,"texture":"#0","tintindex":0},"up":{"uv":[5.25,7.0,3.5,5.25],"rotation":0,"texture":"#0","tintindex":0},"west":{"uv":[10.0,2.0,11.75,2.25],"rotation":0,"texture":"#0","tintindex":0}}}],"display":{"head":{"translation":[0.0,-6.4,0.0],"rotation":[0.0,0.0,0.0],"scale":[3.8095,3.8095,3.8095]}}}