{"textures":{"0":"modelengine:entity/phoenix_egg","1":"modelengine:entity/gui_bar"},"elements":[{"name":"cube","from":[7.7,7.7,7.7],"to":[8.3,8.3,8.3],"rotation":{"angle":0.0,"axis":"x","origin":[7.7,-7.3,7.7]},"faces":{"down":{"uv":[0.0,12.5,0.25,12.75],"rotation":0,"texture":"#1","tintindex":0},"east":{"uv":[0.0,0.0,0.25,0.25],"rotation":0,"texture":"#1","tintindex":0},"north":{"uv":[0.0,0.0,0.25,0.25],"rotation":0,"texture":"#1","tintindex":0},"south":{"uv":[0.0,0.0,0.25,0.25],"rotation":0,"texture":"#1","tintindex":0},"up":{"uv":[0.0,12.75,0.25,13.0],"rotation":0,"texture":"#1","tintindex":0},"west":{"uv":[0.0,0.0,0.25,0.25],"rotation":0,"texture":"#1","tintindex":0}}}],"display":{"head":{"translation":[0.0,-6.4,0.0],"rotation":[0.0,0.0,0.0],"scale":[3.8095,3.8095,3.8095]}}}