{"textures":{"0":"modelengine:entity/phoenix_egg","1":"modelengine:entity/gui_bar"},"elements":[{"name":"cube","from":[4.7298107,7.400727,8.466021],"to":[8.329811,9.800727,12.06602],"rotation":{"angle":-22.5,"axis":"x","origin":[6.529811,9.200727,9.666019]},"faces":{"down":{"uv":[7.25,1.5,5.75,3.0],"rotation":0,"texture":"#0","tintindex":0},"east":{"uv":[7.25,1.0,8.75,2.0],"rotation":0,"texture":"#0","tintindex":0},"north":{"uv":[7.25,0.0,8.75,1.0],"rotation":0,"texture":"#0","tintindex":0},"south":{"uv":[7.25,2.0,8.75,3.0],"rotation":0,"texture":"#0","tintindex":0},"up":{"uv":[7.25,1.5,5.75,0.0],"rotation":0,"texture":"#0","tintindex":0},"west":{"uv":[1.25,7.75,2.75,8.75],"rotation":0,"texture":"#0","tintindex":0}}},{"name":"cube","from":[8.329811,7.400727,7.86602],"to":[10.729811,9.800727,10.26602],"rotation":{"angle":-22.5,"axis":"y","origin":[6.529811,9.200727,9.666019]},"faces":{"down":{"uv":[3.75,8.5,2.75,9.5],"rotation":0,"texture":"#0","tintindex":0},"east":{"uv":[5.25,8.25,6.25,9.25],"rotation":0,"texture":"#0","tintindex":0},"north":{"uv":[8.25,4.25,9.25,5.25],"rotation":0,"texture":"#0","tintindex":0},"south":{"uv":[8.25,5.25,9.25,6.25],"rotation":0,"texture":"#0","tintindex":0},"up":{"uv":[1.0,9.5,0.0,8.5],"rotation":0,"texture":"#0","tintindex":0},"west":{"uv":[6.25,8.25,7.25,9.25],"rotation":0,"texture":"#0","tintindex":0}}},{"name":"cube","from":[9.529811,8.000727,6.66602],"to":[12.529811,9.800727,9.06602],"rotation":{"angle":22.5,"axis":"z","origin":[11.029811,8.900726,7.86602]},"faces":{"down":{"uv":[9.25,7.75,8.0,8.75],"rotation":0,"texture":"#0","tintindex":0},"east":{"uv":[0.0,9.5,1.0,10.25],"rotation":0,"texture":"#0","tintindex":0},"north":{"uv":[9.25,4.75,10.5,5.5],"rotation":0,"texture":"#0","tintindex":0},"south":{"uv":[5.25,9.25,6.5,10.0],"rotation":0,"texture":"#0","tintindex":0},"up":{"uv":[9.25,7.75,8.0,6.75],"rotation":0,"texture":"#0","tintindex":0},"west":{"uv":[2.0,9.5,3.0,10.25],"rotation":0,"texture":"#0","tintindex":0}}},{"name":"cube","from":[3.5298104,8.000727,7.26602],"to":[5.9298105,9.200727,10.26602],"rotation":{"angle":0.0,"axis":"x","origin":[6.529811,9.200727,9.666019]},"faces":{"down":{"uv":[5.25,8.25,4.25,9.5],"rotation":0,"texture":"#0","tintindex":0},"east":{"uv":[7.25,9.5,8.5,10.0],"rotation":0,"texture":"#0","tintindex":0},"north":{"uv":[8.25,6.25,9.25,6.75],"rotation":0,"texture":"#0","tintindex":0},"south":{"uv":[1.0,9.75,2.0,10.25],"rotation":0,"texture":"#0","tintindex":0},"up":{"uv":[9.25,4.25,8.25,3.0],"rotation":0,"texture":"#0","tintindex":0},"west":{"uv":[8.5,9.5,9.75,10.0],"rotation":0,"texture":"#0","tintindex":0}}},{"name":"cube","from":[8.929811,8.000727,4.26602],"to":[11.329811,9.200727,6.66602],"rotation":{"angle":0.0,"axis":"x","origin":[6.529811,9.200727,9.666019]},"faces":{"down":{"uv":[2.0,8.75,1.0,9.75],"rotation":0,"texture":"#0","tintindex":0},"east":{"uv":[9.75,9.0,10.75,9.5],"rotation":0,"texture":"#0","tintindex":0},"north":{"uv":[9.75,8.5,10.75,9.0],"rotation":0,"texture":"#0","tintindex":0},"south":{"uv":[9.75,9.5,10.75,10.0],"rotation":0,"texture":"#0","tintindex":0},"up":{"uv":[9.75,1.0,8.75,0.0],"rotation":0,"texture":"#0","tintindex":0},"west":{"uv":[10.0,0.75,11.0,1.25],"rotation":0,"texture":"#0","tintindex":0}}},{"name":"cube","from":[7.1298103,8.000727,4.26602],"to":[8.929811,10.400726,6.06602],"rotation":{"angle":22.5,"axis":"x","origin":[6.2298107,9.200727,5.16602]},"faces":{"down":{"uv":[10.5,0.0,9.75,0.75],"rotation":0,"texture":"#0","tintindex":0},"east":{"uv":[3.0,9.5,3.75,10.5],"rotation":0,"texture":"#0","tintindex":0},"north":{"uv":[6.5,9.25,7.25,10.25],"rotation":0,"texture":"#0","tintindex":0},"south":{"uv":[3.75,9.5,4.5,10.5],"rotation":0,"texture":"#0","tintindex":0},"up":{"uv":[2.75,9.5,2.0,8.75],"rotation":0,"texture":"#0","tintindex":0},"west":{"uv":[4.5,9.5,5.25,10.5],"rotation":0,"texture":"#0","tintindex":0}}},{"name":"cube","from":[4.1298103,8.000727,4.8660197],"to":[7.1298103,9.800727,7.86602],"rotation":{"angle":-22.5,"axis":"z","origin":[5.3298106,8.600727,5.76602]},"faces":{"down":{"uv":[8.0,7.0,6.75,8.25],"rotation":0,"texture":"#0","tintindex":0},"east":{"uv":[9.25,6.25,10.5,7.0],"rotation":0,"texture":"#0","tintindex":0},"north":{"uv":[9.25,5.5,10.5,6.25],"rotation":0,"texture":"#0","tintindex":0},"south":{"uv":[9.25,7.0,10.5,7.75],"rotation":0,"texture":"#0","tintindex":0},"up":{"uv":[8.25,6.75,7.0,5.5],"rotation":0,"texture":"#0","tintindex":0},"west":{"uv":[9.25,7.75,10.5,8.5],"rotation":0,"texture":"#0","tintindex":0}}}],"display":{"head":{"translation":[0.0,-6.4,0.0],"rotation":[0.0,0.0,0.0],"scale":[3.8095,3.8095,3.8095]}}}