{"data":510,"parent":"item/generated","textures":{"layer0":"item/leather_horse_armor"},"overrides":[{"predicate":{"custom_model_data":1},"model":"modelengine:amethystgolem/spike"},{"predicate":{"custom_model_data":2},"model":"modelengine:amethystgolem/spike4"},{"predicate":{"custom_model_data":3},"model":"modelengine:amethystgolem/spike5"},{"predicate":{"custom_model_data":4},"model":"modelengine:amethystgolem/spike2"},{"predicate":{"custom_model_data":5},"model":"modelengine:amethystgolem/spike3"},{"predicate":{"custom_model_data":6},"model":"modelengine:amethystgolem/handshard"},{"predicate":{"custom_model_data":7},"model":"modelengine:amethystgolem/righthand"},{"predicate":{"custom_model_data":8},"model":"modelengine:amethystgolem/rightelbow"},{"predicate":{"custom_model_data":9},"model":"modelengine:amethystgolem/rightshoulder"},{"predicate":{"custom_model_data":10},"model":"modelengine:amethystgolem/leftfoot"},{"predicate":{"custom_model_data":11},"model":"modelengine:amethystgolem/leftleg"},{"predicate":{"custom_model_data":12},"model":"modelengine:amethystgolem/rightfoot"},{"predicate":{"custom_model_data":13},"model":"modelengine:amethystgolem/rightleg"},{"predicate":{"custom_model_data":14},"model":"modelengine:amethystgolem/lefthand"},{"predicate":{"custom_model_data":15},"model":"modelengine:amethystgolem/leftelbow"},{"predicate":{"custom_model_data":16},"model":"modelengine:amethystgolem/leftshoulder"},{"predicate":{"custom_model_data":17},"model":"modelengine:amethystgolem/jawleft"},{"predicate":{"custom_model_data":18},"model":"modelengine:amethystgolem/jawright"},{"predicate":{"custom_model_data":19},"model":"modelengine:amethystgolem/jawmid"},{"predicate":{"custom_model_data":20},"model":"modelengine:amethystgolem/head"},{"predicate":{"custom_model_data":21},"model":"modelengine:amethystgolem/quartzgolem"},{"predicate":{"custom_model_data":22},"model":"modelengine:amethystpupa/pupa"},{"predicate":{"custom_model_data":23},"model":"modelengine:amethystspikes/spike1"},{"predicate":{"custom_model_data":24},"model":"modelengine:amethystspikes/spike2"},{"predicate":{"custom_model_data":25},"model":"modelengine:amethystspikes/spike3"},{"predicate":{"custom_model_data":26},"model":"modelengine:bonfire/bonfire"},{"predicate":{"custom_model_data":27},"model":"modelengine:bonfire_lit/bonfire"},{"predicate":{"custom_model_data":28},"model":"modelengine:concussion/concussionring2"},{"predicate":{"custom_model_data":29},"model":"modelengine:concussion/concussionring3"},{"predicate":{"custom_model_data":30},"model":"modelengine:diamondgolem/spike"},{"predicate":{"custom_model_data":31},"model":"modelengine:diamondgolem/spike4"},{"predicate":{"custom_model_data":32},"model":"modelengine:diamondgolem/spike5"},{"predicate":{"custom_model_data":33},"model":"modelengine:diamondgolem/spike2"},{"predicate":{"custom_model_data":34},"model":"modelengine:diamondgolem/spike3"},{"predicate":{"custom_model_data":35},"model":"modelengine:diamondgolem/handshard"},{"predicate":{"custom_model_data":36},"model":"modelengine:diamondgolem/righthand"},{"predicate":{"custom_model_data":37},"model":"modelengine:diamondgolem/rightelbow"},{"predicate":{"custom_model_data":38},"model":"modelengine:diamondgolem/rightshoulder"},{"predicate":{"custom_model_data":39},"model":"modelengine:diamondgolem/leftfoot"},{"predicate":{"custom_model_data":40},"model":"modelengine:diamondgolem/leftleg"},{"predicate":{"custom_model_data":41},"model":"modelengine:diamondgolem/rightfoot"},{"predicate":{"custom_model_data":42},"model":"modelengine:diamondgolem/rightleg"},{"predicate":{"custom_model_data":43},"model":"modelengine:diamondgolem/lefthand"},{"predicate":{"custom_model_data":44},"model":"modelengine:diamondgolem/leftelbow"},{"predicate":{"custom_model_data":45},"model":"modelengine:diamondgolem/leftshoulder"},{"predicate":{"custom_model_data":46},"model":"modelengine:diamondgolem/jawleft"},{"predicate":{"custom_model_data":47},"model":"modelengine:diamondgolem/jawright"},{"predicate":{"custom_model_data":48},"model":"modelengine:diamondgolem/jawmid"},{"predicate":{"custom_model_data":49},"model":"modelengine:diamondgolem/head"},{"predicate":{"custom_model_data":50},"model":"modelengine:diamondgolem/quartzgolem"},{"predicate":{"custom_model_data":51},"model":"modelengine:diamondpupa/pupa"},{"predicate":{"custom_model_data":52},"model":"modelengine:diamondshard/jaw"},{"predicate":{"custom_model_data":53},"model":"modelengine:diamondshard/head"},{"predicate":{"custom_model_data":54},"model":"modelengine:diamondshard/righthand"},{"predicate":{"custom_model_data":55},"model":"modelengine:diamondshard/rightarm"},{"predicate":{"custom_model_data":56},"model":"modelengine:diamondshard/lefthand"},{"predicate":{"custom_model_data":57},"model":"modelengine:diamondshard/leftarm"},{"predicate":{"custom_model_data":58},"model":"modelengine:diamondshard/rightfoot"},{"predicate":{"custom_model_data":59},"model":"modelengine:diamondshard/rightleg"},{"predicate":{"custom_model_data":60},"model":"modelengine:diamondshard/leftfoot"},{"predicate":{"custom_model_data":61},"model":"modelengine:diamondshard/leftleg"},{"predicate":{"custom_model_data":62},"model":"modelengine:diamondshard/shard"},{"predicate":{"custom_model_data":63},"model":"modelengine:diamondspikes/spike1"},{"predicate":{"custom_model_data":64},"model":"modelengine:diamondspikes/spike2"},{"predicate":{"custom_model_data":65},"model":"modelengine:diamondspikes/spike3"},{"predicate":{"custom_model_data":66},"model":"modelengine:direwolf/rbfoot"},{"predicate":{"custom_model_data":67},"model":"modelengine:direwolf/rthigh"},{"predicate":{"custom_model_data":68},"model":"modelengine:direwolf/rbfoot2"},{"predicate":{"custom_model_data":69},"model":"modelengine:direwolf/rthigh2"},{"predicate":{"custom_model_data":70},"model":"modelengine:direwolf/tailtip"},{"predicate":{"custom_model_data":71},"model":"modelengine:direwolf/tail2"},{"predicate":{"custom_model_data":72},"model":"modelengine:direwolf/tail1"},{"predicate":{"custom_model_data":73},"model":"modelengine:direwolf/tailbase"},{"predicate":{"custom_model_data":74},"model":"modelengine:direwolf/rffoot"},{"predicate":{"custom_model_data":75},"model":"modelengine:direwolf/rfshoulder"},{"predicate":{"custom_model_data":76},"model":"modelengine:direwolf/rffoot2"},{"predicate":{"custom_model_data":77},"model":"modelengine:direwolf/rfshoulder2"},{"predicate":{"custom_model_data":78},"model":"modelengine:direwolf/head"},{"predicate":{"custom_model_data":79},"model":"modelengine:direwolf/shoulders"},{"predicate":{"custom_model_data":80},"model":"modelengine:direwolf/back"},{"predicate":{"custom_model_data":81},"model":"modelengine:direwolf_desert/rbfoot"},{"predicate":{"custom_model_data":82},"model":"modelengine:direwolf_desert/rthigh"},{"predicate":{"custom_model_data":83},"model":"modelengine:direwolf_desert/rbfoot2"},{"predicate":{"custom_model_data":84},"model":"modelengine:direwolf_desert/rthigh2"},{"predicate":{"custom_model_data":85},"model":"modelengine:direwolf_desert/tailtip"},{"predicate":{"custom_model_data":86},"model":"modelengine:direwolf_desert/tail2"},{"predicate":{"custom_model_data":87},"model":"modelengine:direwolf_desert/tail1"},{"predicate":{"custom_model_data":88},"model":"modelengine:direwolf_desert/tailbase"},{"predicate":{"custom_model_data":89},"model":"modelengine:direwolf_desert/rffoot"},{"predicate":{"custom_model_data":90},"model":"modelengine:direwolf_desert/rfshoulder"},{"predicate":{"custom_model_data":91},"model":"modelengine:direwolf_desert/rffoot2"},{"predicate":{"custom_model_data":92},"model":"modelengine:direwolf_desert/rfshoulder2"},{"predicate":{"custom_model_data":93},"model":"modelengine:direwolf_desert/head"},{"predicate":{"custom_model_data":94},"model":"modelengine:direwolf_desert/shoulders"},{"predicate":{"custom_model_data":95},"model":"modelengine:direwolf_desert/back"},{"predicate":{"custom_model_data":96},"model":"modelengine:direwolf_taiga/rbfoot"},{"predicate":{"custom_model_data":97},"model":"modelengine:direwolf_taiga/rthigh"},{"predicate":{"custom_model_data":98},"model":"modelengine:direwolf_taiga/rbfoot2"},{"predicate":{"custom_model_data":99},"model":"modelengine:direwolf_taiga/rthigh2"},{"predicate":{"custom_model_data":100},"model":"modelengine:direwolf_taiga/tailtip"},{"predicate":{"custom_model_data":101},"model":"modelengine:direwolf_taiga/tail2"},{"predicate":{"custom_model_data":102},"model":"modelengine:direwolf_taiga/tail1"},{"predicate":{"custom_model_data":103},"model":"modelengine:direwolf_taiga/tailbase"},{"predicate":{"custom_model_data":104},"model":"modelengine:direwolf_taiga/rffoot"},{"predicate":{"custom_model_data":105},"model":"modelengine:direwolf_taiga/rfshoulder"},{"predicate":{"custom_model_data":106},"model":"modelengine:direwolf_taiga/rffoot2"},{"predicate":{"custom_model_data":107},"model":"modelengine:direwolf_taiga/rfshoulder2"},{"predicate":{"custom_model_data":108},"model":"modelengine:direwolf_taiga/head"},{"predicate":{"custom_model_data":109},"model":"modelengine:direwolf_taiga/shoulders"},{"predicate":{"custom_model_data":110},"model":"modelengine:direwolf_taiga/back"},{"predicate":{"custom_model_data":111},"model":"modelengine:direwolfbite/bottomjaw"},{"predicate":{"custom_model_data":112},"model":"modelengine:direwolfbite/topjaw"},{"predicate":{"custom_model_data":113},"model":"modelengine:direwolfslash/slash"},{"predicate":{"custom_model_data":114},"model":"modelengine:emeraldgolem/spike"},{"predicate":{"custom_model_data":115},"model":"modelengine:emeraldgolem/spike4"},{"predicate":{"custom_model_data":116},"model":"modelengine:emeraldgolem/spike5"},{"predicate":{"custom_model_data":117},"model":"modelengine:emeraldgolem/spike2"},{"predicate":{"custom_model_data":118},"model":"modelengine:emeraldgolem/spike3"},{"predicate":{"custom_model_data":119},"model":"modelengine:emeraldgolem/handshard"},{"predicate":{"custom_model_data":120},"model":"modelengine:emeraldgolem/righthand"},{"predicate":{"custom_model_data":121},"model":"modelengine:emeraldgolem/rightelbow"},{"predicate":{"custom_model_data":122},"model":"modelengine:emeraldgolem/rightshoulder"},{"predicate":{"custom_model_data":123},"model":"modelengine:emeraldgolem/leftfoot"},{"predicate":{"custom_model_data":124},"model":"modelengine:emeraldgolem/leftleg"},{"predicate":{"custom_model_data":125},"model":"modelengine:emeraldgolem/rightfoot"},{"predicate":{"custom_model_data":126},"model":"modelengine:emeraldgolem/rightleg"},{"predicate":{"custom_model_data":127},"model":"modelengine:emeraldgolem/lefthand"},{"predicate":{"custom_model_data":128},"model":"modelengine:emeraldgolem/leftelbow"},{"predicate":{"custom_model_data":129},"model":"modelengine:emeraldgolem/leftshoulder"},{"predicate":{"custom_model_data":130},"model":"modelengine:emeraldgolem/jawleft"},{"predicate":{"custom_model_data":131},"model":"modelengine:emeraldgolem/jawright"},{"predicate":{"custom_model_data":132},"model":"modelengine:emeraldgolem/jawmid"},{"predicate":{"custom_model_data":133},"model":"modelengine:emeraldgolem/head"},{"predicate":{"custom_model_data":134},"model":"modelengine:emeraldgolem/quartzgolem"},{"predicate":{"custom_model_data":135},"model":"modelengine:emeraldpupa/pupa"},{"predicate":{"custom_model_data":136},"model":"modelengine:emeraldshard/jaw"},{"predicate":{"custom_model_data":137},"model":"modelengine:emeraldshard/head"},{"predicate":{"custom_model_data":138},"model":"modelengine:emeraldshard/righthand"},{"predicate":{"custom_model_data":139},"model":"modelengine:emeraldshard/rightarm"},{"predicate":{"custom_model_data":140},"model":"modelengine:emeraldshard/lefthand"},{"predicate":{"custom_model_data":141},"model":"modelengine:emeraldshard/leftarm"},{"predicate":{"custom_model_data":142},"model":"modelengine:emeraldshard/rightfoot"},{"predicate":{"custom_model_data":143},"model":"modelengine:emeraldshard/rightleg"},{"predicate":{"custom_model_data":144},"model":"modelengine:emeraldshard/leftfoot"},{"predicate":{"custom_model_data":145},"model":"modelengine:emeraldshard/leftleg"},{"predicate":{"custom_model_data":146},"model":"modelengine:emeraldshard/shard"},{"predicate":{"custom_model_data":147},"model":"modelengine:emeraldspikes/spike1"},{"predicate":{"custom_model_data":148},"model":"modelengine:emeraldspikes/spike2"},{"predicate":{"custom_model_data":149},"model":"modelengine:emeraldspikes/spike3"},{"predicate":{"custom_model_data":150},"model":"modelengine:firebat/leftwing"},{"predicate":{"custom_model_data":151},"model":"modelengine:firebat/rightwing"},{"predicate":{"custom_model_data":152},"model":"modelengine:firebat/leftleg"},{"predicate":{"custom_model_data":153},"model":"modelengine:firebat/rightleg"},{"predicate":{"custom_model_data":154},"model":"modelengine:firebat/jaw"},{"predicate":{"custom_model_data":155},"model":"modelengine:firebat/firebat"},{"predicate":{"custom_model_data":156},"model":"modelengine:giantzombie/jaw"},{"predicate":{"custom_model_data":157},"model":"modelengine:giantzombie/head"},{"predicate":{"custom_model_data":158},"model":"modelengine:giantzombie/righthand"},{"predicate":{"custom_model_data":159},"model":"modelengine:giantzombie/rightforearm"},{"predicate":{"custom_model_data":160},"model":"modelengine:giantzombie/rightarm"},{"predicate":{"custom_model_data":161},"model":"modelengine:giantzombie/lefthand"},{"predicate":{"custom_model_data":162},"model":"modelengine:giantzombie/leftforearm"},{"predicate":{"custom_model_data":163},"model":"modelengine:giantzombie/leftarm"},{"predicate":{"custom_model_data":164},"model":"modelengine:giantzombie/rightfoot"},{"predicate":{"custom_model_data":165},"model":"modelengine:giantzombie/rightleg"},{"predicate":{"custom_model_data":166},"model":"modelengine:giantzombie/leftfoot"},{"predicate":{"custom_model_data":167},"model":"modelengine:giantzombie/leftleg"},{"predicate":{"custom_model_data":168},"model":"modelengine:giantzombie/torso"},{"predicate":{"custom_model_data":169},"model":"modelengine:glume/b_clusterbox"},{"predicate":{"custom_model_data":170},"model":"modelengine:glume/cluster"},{"predicate":{"custom_model_data":171},"model":"modelengine:glume/hanging9"},{"predicate":{"custom_model_data":172},"model":"modelengine:glume/hanging8"},{"predicate":{"custom_model_data":173},"model":"modelengine:glume/hanging7"},{"predicate":{"custom_model_data":174},"model":"modelengine:glume/hanging6"},{"predicate":{"custom_model_data":175},"model":"modelengine:glume/hanging5"},{"predicate":{"custom_model_data":176},"model":"modelengine:glume/hanging4"},{"predicate":{"custom_model_data":177},"model":"modelengine:glume/hanging3"},{"predicate":{"custom_model_data":178},"model":"modelengine:glume/hanging2"},{"predicate":{"custom_model_data":179},"model":"modelengine:glume/hanging1"},{"predicate":{"custom_model_data":180},"model":"modelengine:glume/cap"},{"predicate":{"custom_model_data":181},"model":"modelengine:glume/b_capbox"},{"predicate":{"custom_model_data":182},"model":"modelengine:glume/head"},{"predicate":{"custom_model_data":183},"model":"modelengine:glume/neck"},{"predicate":{"custom_model_data":184},"model":"modelengine:glume/left_foot"},{"predicate":{"custom_model_data":185},"model":"modelengine:glume/left_leg"},{"predicate":{"custom_model_data":186},"model":"modelengine:glume/right_foot"},{"predicate":{"custom_model_data":187},"model":"modelengine:glume/right_leg"},{"predicate":{"custom_model_data":188},"model":"modelengine:glume/body"},{"predicate":{"custom_model_data":189},"model":"modelengine:glume_baby/head"},{"predicate":{"custom_model_data":190},"model":"modelengine:glume_baby/left_leg"},{"predicate":{"custom_model_data":191},"model":"modelengine:glume_baby/right_leg"},{"predicate":{"custom_model_data":192},"model":"modelengine:glume_baby/body"},{"predicate":{"custom_model_data":193},"model":"modelengine:glume_parts/shroom1"},{"predicate":{"custom_model_data":194},"model":"modelengine:glume_parts/shroom2"},{"predicate":{"custom_model_data":195},"model":"modelengine:glume_parts/shroom3"},{"predicate":{"custom_model_data":196},"model":"modelengine:glume_parts/blank"},{"predicate":{"custom_model_data":197},"model":"modelengine:gui_bar/0"},{"predicate":{"custom_model_data":198},"model":"modelengine:gui_bar/1"},{"predicate":{"custom_model_data":199},"model":"modelengine:gui_bar/2"},{"predicate":{"custom_model_data":200},"model":"modelengine:gui_bar/3"},{"predicate":{"custom_model_data":201},"model":"modelengine:gui_bar/4"},{"predicate":{"custom_model_data":202},"model":"modelengine:gui_bar/5"},{"predicate":{"custom_model_data":203},"model":"modelengine:gui_bar/6"},{"predicate":{"custom_model_data":204},"model":"modelengine:gui_bar/7"},{"predicate":{"custom_model_data":205},"model":"modelengine:magnus/head"},{"predicate":{"custom_model_data":206},"model":"modelengine:magnus/right_hand"},{"predicate":{"custom_model_data":207},"model":"modelengine:magnus/right_forearm"},{"predicate":{"custom_model_data":208},"model":"modelengine:magnus/right_arm"},{"predicate":{"custom_model_data":209},"model":"modelengine:magnus/left_hand"},{"predicate":{"custom_model_data":210},"model":"modelengine:magnus/left_forearm"},{"predicate":{"custom_model_data":211},"model":"modelengine:magnus/left_arm"},{"predicate":{"custom_model_data":212},"model":"modelengine:magnus/right_foot"},{"predicate":{"custom_model_data":213},"model":"modelengine:magnus/right_leg"},{"predicate":{"custom_model_data":214},"model":"modelengine:magnus/left_foot"},{"predicate":{"custom_model_data":215},"model":"modelengine:magnus/left_leg"},{"predicate":{"custom_model_data":216},"model":"modelengine:magnus/cape4"},{"predicate":{"custom_model_data":217},"model":"modelengine:magnus/cape3"},{"predicate":{"custom_model_data":218},"model":"modelengine:magnus/cape2"},{"predicate":{"custom_model_data":219},"model":"modelengine:magnus/cape"},{"predicate":{"custom_model_data":220},"model":"modelengine:magnus/magnus"},{"predicate":{"custom_model_data":221},"model":"modelengine:magnus_fx/head"},{"predicate":{"custom_model_data":222},"model":"modelengine:magnus_fx/right_hand"},{"predicate":{"custom_model_data":223},"model":"modelengine:magnus_fx/right_hand_nosword"},{"predicate":{"custom_model_data":224},"model":"modelengine:magnus_fx/right_forearm"},{"predicate":{"custom_model_data":225},"model":"modelengine:magnus_fx/right_arm"},{"predicate":{"custom_model_data":226},"model":"modelengine:magnus_fx/left_hand"},{"predicate":{"custom_model_data":227},"model":"modelengine:magnus_fx/left_forearm"},{"predicate":{"custom_model_data":228},"model":"modelengine:magnus_fx/left_arm"},{"predicate":{"custom_model_data":229},"model":"modelengine:magnus_fx/right_foot"},{"predicate":{"custom_model_data":230},"model":"modelengine:magnus_fx/right_leg"},{"predicate":{"custom_model_data":231},"model":"modelengine:magnus_fx/left_foot"},{"predicate":{"custom_model_data":232},"model":"modelengine:magnus_fx/left_leg"},{"predicate":{"custom_model_data":233},"model":"modelengine:magnus_fx/cape4"},{"predicate":{"custom_model_data":234},"model":"modelengine:magnus_fx/cape3"},{"predicate":{"custom_model_data":235},"model":"modelengine:magnus_fx/cape2"},{"predicate":{"custom_model_data":236},"model":"modelengine:magnus_fx/cape"},{"predicate":{"custom_model_data":237},"model":"modelengine:magnus_fx/magnus"},{"predicate":{"custom_model_data":238},"model":"modelengine:magnus_sword/right_hand"},{"predicate":{"custom_model_data":239},"model":"modelengine:medusa/snake_hair_head4"},{"predicate":{"custom_model_data":240},"model":"modelengine:medusa/snake_hair_stand12"},{"predicate":{"custom_model_data":241},"model":"modelengine:medusa/snake_hair_stand11"},{"predicate":{"custom_model_data":242},"model":"modelengine:medusa/snake_hair_stand10"},{"predicate":{"custom_model_data":243},"model":"modelengine:medusa/snake_hair_head3"},{"predicate":{"custom_model_data":244},"model":"modelengine:medusa/snake_hair_stand9"},{"predicate":{"custom_model_data":245},"model":"modelengine:medusa/snake_hair_stand8"},{"predicate":{"custom_model_data":246},"model":"modelengine:medusa/snake_hair_stand7"},{"predicate":{"custom_model_data":247},"model":"modelengine:medusa/snake_hair_head2"},{"predicate":{"custom_model_data":248},"model":"modelengine:medusa/snake_hair_stand6"},{"predicate":{"custom_model_data":249},"model":"modelengine:medusa/snake_hair_stand5"},{"predicate":{"custom_model_data":250},"model":"modelengine:medusa/snake_hair_stand4"},{"predicate":{"custom_model_data":251},"model":"modelengine:medusa/snake_hair_head1"},{"predicate":{"custom_model_data":252},"model":"modelengine:medusa/snake_hair_stand3"},{"predicate":{"custom_model_data":253},"model":"modelengine:medusa/snake_hair_stand2"},{"predicate":{"custom_model_data":254},"model":"modelengine:medusa/snake_hair_stand1"},{"predicate":{"custom_model_data":255},"model":"modelengine:medusa/head"},{"predicate":{"custom_model_data":256},"model":"modelengine:medusa/bow"},{"predicate":{"custom_model_data":257},"model":"modelengine:medusa/lefthand"},{"predicate":{"custom_model_data":258},"model":"modelengine:medusa/leftforearm"},{"predicate":{"custom_model_data":259},"model":"modelengine:medusa/leftarm"},{"predicate":{"custom_model_data":260},"model":"modelengine:medusa/tail10"},{"predicate":{"custom_model_data":261},"model":"modelengine:medusa/tail9"},{"predicate":{"custom_model_data":262},"model":"modelengine:medusa/tail8"},{"predicate":{"custom_model_data":263},"model":"modelengine:medusa/tail7"},{"predicate":{"custom_model_data":264},"model":"modelengine:medusa/tail6"},{"predicate":{"custom_model_data":265},"model":"modelengine:medusa/tail5"},{"predicate":{"custom_model_data":266},"model":"modelengine:medusa/tail4"},{"predicate":{"custom_model_data":267},"model":"modelengine:medusa/tail3"},{"predicate":{"custom_model_data":268},"model":"modelengine:medusa/tail2"},{"predicate":{"custom_model_data":269},"model":"modelengine:medusa/tail1"},{"predicate":{"custom_model_data":270},"model":"modelengine:medusa/righthand"},{"predicate":{"custom_model_data":271},"model":"modelengine:medusa/rightforearm"},{"predicate":{"custom_model_data":272},"model":"modelengine:medusa/rightarm"},{"predicate":{"custom_model_data":273},"model":"modelengine:medusa/body"},{"predicate":{"custom_model_data":274},"model":"modelengine:medusa_bits/head"},{"predicate":{"custom_model_data":275},"model":"modelengine:medusa_bits/bow"},{"predicate":{"custom_model_data":276},"model":"modelengine:medusa_bits/righthand"},{"predicate":{"custom_model_data":277},"model":"modelengine:medusa_bits/snake_hair_head4"},{"predicate":{"custom_model_data":278},"model":"modelengine:medusa_bits/snake_hair_stand12"},{"predicate":{"custom_model_data":279},"model":"modelengine:medusa_bits/snake_hair_stand11"},{"predicate":{"custom_model_data":280},"model":"modelengine:medusa_bits/snake_hair_stand10"},{"predicate":{"custom_model_data":281},"model":"modelengine:medusa_bits/snake_hair_head3"},{"predicate":{"custom_model_data":282},"model":"modelengine:medusa_bits/snake_hair_stand9"},{"predicate":{"custom_model_data":283},"model":"modelengine:medusa_bits/snake_hair_stand8"},{"predicate":{"custom_model_data":284},"model":"modelengine:medusa_bits/snake_hair_stand7"},{"predicate":{"custom_model_data":285},"model":"modelengine:medusa_bits/snake_hair_head2"},{"predicate":{"custom_model_data":286},"model":"modelengine:medusa_bits/snake_hair_stand6"},{"predicate":{"custom_model_data":287},"model":"modelengine:medusa_bits/snake_hair_stand5"},{"predicate":{"custom_model_data":288},"model":"modelengine:medusa_bits/snake_hair_stand4"},{"predicate":{"custom_model_data":289},"model":"modelengine:medusa_bits/snake_hair_head1"},{"predicate":{"custom_model_data":290},"model":"modelengine:medusa_bits/snake_hair_stand3"},{"predicate":{"custom_model_data":291},"model":"modelengine:medusa_bits/snake_hair_stand2"},{"predicate":{"custom_model_data":292},"model":"modelengine:medusa_bits/snake_hair_stand1"},{"predicate":{"custom_model_data":293},"model":"modelengine:medusa_snakehead/jaw"},{"predicate":{"custom_model_data":294},"model":"modelengine:medusa_snakehead/head"},{"predicate":{"custom_model_data":295},"model":"modelengine:medusa_stone/lefthand"},{"predicate":{"custom_model_data":296},"model":"modelengine:medusa_stone/leftforearm"},{"predicate":{"custom_model_data":297},"model":"modelengine:medusa_stone/leftarm"},{"predicate":{"custom_model_data":298},"model":"modelengine:medusa_stone/tail10"},{"predicate":{"custom_model_data":299},"model":"modelengine:medusa_stone/tail9"},{"predicate":{"custom_model_data":300},"model":"modelengine:medusa_stone/tail8"},{"predicate":{"custom_model_data":301},"model":"modelengine:medusa_stone/tail7"},{"predicate":{"custom_model_data":302},"model":"modelengine:medusa_stone/tail6"},{"predicate":{"custom_model_data":303},"model":"modelengine:medusa_stone/tail5"},{"predicate":{"custom_model_data":304},"model":"modelengine:medusa_stone/tail4"},{"predicate":{"custom_model_data":305},"model":"modelengine:medusa_stone/tail3"},{"predicate":{"custom_model_data":306},"model":"modelengine:medusa_stone/tail2"},{"predicate":{"custom_model_data":307},"model":"modelengine:medusa_stone/tail1"},{"predicate":{"custom_model_data":308},"model":"modelengine:medusa_stone/righthand"},{"predicate":{"custom_model_data":309},"model":"modelengine:medusa_stone/rightforearm"},{"predicate":{"custom_model_data":310},"model":"modelengine:medusa_stone/rightarm"},{"predicate":{"custom_model_data":311},"model":"modelengine:medusa_stone/body"},{"predicate":{"custom_model_data":312},"model":"modelengine:phoenix/left_foot_toe1"},{"predicate":{"custom_model_data":313},"model":"modelengine:phoenix/right_foot_toe2"},{"predicate":{"custom_model_data":314},"model":"modelengine:phoenix/right_foot_toe3"},{"predicate":{"custom_model_data":315},"model":"modelengine:phoenix/left_shin"},{"predicate":{"custom_model_data":316},"model":"modelengine:phoenix/left_thigh"},{"predicate":{"custom_model_data":317},"model":"modelengine:phoenix/right_foot_toe"},{"predicate":{"custom_model_data":318},"model":"modelengine:phoenix/left_foot_toe4"},{"predicate":{"custom_model_data":319},"model":"modelengine:phoenix/left_foot_toe5"},{"predicate":{"custom_model_data":320},"model":"modelengine:phoenix/right_shin"},{"predicate":{"custom_model_data":321},"model":"modelengine:phoenix/right_thigh"},{"predicate":{"custom_model_data":322},"model":"modelengine:phoenix/jaw"},{"predicate":{"custom_model_data":323},"model":"modelengine:phoenix/plumage"},{"predicate":{"custom_model_data":324},"model":"modelengine:phoenix/head"},{"predicate":{"custom_model_data":325},"model":"modelengine:phoenix/neck"},{"predicate":{"custom_model_data":326},"model":"modelengine:phoenix/left_big_wing4"},{"predicate":{"custom_model_data":327},"model":"modelengine:phoenix/left_big_wing3"},{"predicate":{"custom_model_data":328},"model":"modelengine:phoenix/left_big_wing2"},{"predicate":{"custom_model_data":329},"model":"modelengine:phoenix/left_big_wing"},{"predicate":{"custom_model_data":330},"model":"modelengine:phoenix/right_big_wing8"},{"predicate":{"custom_model_data":331},"model":"modelengine:phoenix/right_big_wing7"},{"predicate":{"custom_model_data":332},"model":"modelengine:phoenix/right_big_wing6"},{"predicate":{"custom_model_data":333},"model":"modelengine:phoenix/right_big_wing5"},{"predicate":{"custom_model_data":334},"model":"modelengine:phoenix/torso"},{"predicate":{"custom_model_data":335},"model":"modelengine:phoenix/tail5"},{"predicate":{"custom_model_data":336},"model":"modelengine:phoenix/tail4"},{"predicate":{"custom_model_data":337},"model":"modelengine:phoenix/tail3"},{"predicate":{"custom_model_data":338},"model":"modelengine:phoenix/tail2"},{"predicate":{"custom_model_data":339},"model":"modelengine:phoenix/tail1"},{"predicate":{"custom_model_data":340},"model":"modelengine:phoenix/left_small_wing"},{"predicate":{"custom_model_data":341},"model":"modelengine:phoenix/right_small_wing"},{"predicate":{"custom_model_data":342},"model":"modelengine:phoenix/pelvis"},{"predicate":{"custom_model_data":343},"model":"modelengine:phoenix_pet/tail"},{"predicate":{"custom_model_data":344},"model":"modelengine:phoenix_pet/head"},{"predicate":{"custom_model_data":345},"model":"modelengine:phoenix_pet/legs"},{"predicate":{"custom_model_data":346},"model":"modelengine:phoenix_pet/right_wing"},{"predicate":{"custom_model_data":347},"model":"modelengine:phoenix_pet/left_wing"},{"predicate":{"custom_model_data":348},"model":"modelengine:phoenix_pet/body"},{"predicate":{"custom_model_data":349},"model":"modelengine:phoenix_pet_parts/head"},{"predicate":{"custom_model_data":350},"model":"modelengine:phoenix_ash/left_foot_toe1"},{"predicate":{"custom_model_data":351},"model":"modelengine:phoenix_ash/right_foot_toe2"},{"predicate":{"custom_model_data":352},"model":"modelengine:phoenix_ash/right_foot_toe3"},{"predicate":{"custom_model_data":353},"model":"modelengine:phoenix_ash/left_shin"},{"predicate":{"custom_model_data":354},"model":"modelengine:phoenix_ash/left_thigh"},{"predicate":{"custom_model_data":355},"model":"modelengine:phoenix_ash/right_foot_toe"},{"predicate":{"custom_model_data":356},"model":"modelengine:phoenix_ash/left_foot_toe4"},{"predicate":{"custom_model_data":357},"model":"modelengine:phoenix_ash/left_foot_toe5"},{"predicate":{"custom_model_data":358},"model":"modelengine:phoenix_ash/right_shin"},{"predicate":{"custom_model_data":359},"model":"modelengine:phoenix_ash/right_thigh"},{"predicate":{"custom_model_data":360},"model":"modelengine:phoenix_ash/jaw"},{"predicate":{"custom_model_data":361},"model":"modelengine:phoenix_ash/plumage"},{"predicate":{"custom_model_data":362},"model":"modelengine:phoenix_ash/head"},{"predicate":{"custom_model_data":363},"model":"modelengine:phoenix_ash/neck"},{"predicate":{"custom_model_data":364},"model":"modelengine:phoenix_ash/left_big_wing4"},{"predicate":{"custom_model_data":365},"model":"modelengine:phoenix_ash/left_big_wing3"},{"predicate":{"custom_model_data":366},"model":"modelengine:phoenix_ash/left_big_wing2"},{"predicate":{"custom_model_data":367},"model":"modelengine:phoenix_ash/left_big_wing"},{"predicate":{"custom_model_data":368},"model":"modelengine:phoenix_ash/right_big_wing8"},{"predicate":{"custom_model_data":369},"model":"modelengine:phoenix_ash/right_big_wing7"},{"predicate":{"custom_model_data":370},"model":"modelengine:phoenix_ash/right_big_wing6"},{"predicate":{"custom_model_data":371},"model":"modelengine:phoenix_ash/right_big_wing5"},{"predicate":{"custom_model_data":372},"model":"modelengine:phoenix_ash/torso"},{"predicate":{"custom_model_data":373},"model":"modelengine:phoenix_ash/tail5"},{"predicate":{"custom_model_data":374},"model":"modelengine:phoenix_ash/tail4"},{"predicate":{"custom_model_data":375},"model":"modelengine:phoenix_ash/tail3"},{"predicate":{"custom_model_data":376},"model":"modelengine:phoenix_ash/tail2"},{"predicate":{"custom_model_data":377},"model":"modelengine:phoenix_ash/tail1"},{"predicate":{"custom_model_data":378},"model":"modelengine:phoenix_ash/left_small_wing"},{"predicate":{"custom_model_data":379},"model":"modelengine:phoenix_ash/right_small_wing"},{"predicate":{"custom_model_data":380},"model":"modelengine:phoenix_ash/pelvis"},{"predicate":{"custom_model_data":381},"model":"modelengine:phoenix_egg/eggy"},{"predicate":{"custom_model_data":382},"model":"modelengine:phoenix_egg/phoenix_egg"},{"predicate":{"custom_model_data":383},"model":"modelengine:phoenix_egg/head"},{"predicate":{"custom_model_data":384},"model":"modelengine:quartzgolem/spike"},{"predicate":{"custom_model_data":385},"model":"modelengine:quartzgolem/spike4"},{"predicate":{"custom_model_data":386},"model":"modelengine:quartzgolem/spike5"},{"predicate":{"custom_model_data":387},"model":"modelengine:quartzgolem/spike2"},{"predicate":{"custom_model_data":388},"model":"modelengine:quartzgolem/spike3"},{"predicate":{"custom_model_data":389},"model":"modelengine:quartzgolem/handshard"},{"predicate":{"custom_model_data":390},"model":"modelengine:quartzgolem/righthand"},{"predicate":{"custom_model_data":391},"model":"modelengine:quartzgolem/rightelbow"},{"predicate":{"custom_model_data":392},"model":"modelengine:quartzgolem/rightshoulder"},{"predicate":{"custom_model_data":393},"model":"modelengine:quartzgolem/leftfoot"},{"predicate":{"custom_model_data":394},"model":"modelengine:quartzgolem/leftleg"},{"predicate":{"custom_model_data":395},"model":"modelengine:quartzgolem/rightfoot"},{"predicate":{"custom_model_data":396},"model":"modelengine:quartzgolem/rightleg"},{"predicate":{"custom_model_data":397},"model":"modelengine:quartzgolem/lefthand"},{"predicate":{"custom_model_data":398},"model":"modelengine:quartzgolem/leftelbow"},{"predicate":{"custom_model_data":399},"model":"modelengine:quartzgolem/leftshoulder"},{"predicate":{"custom_model_data":400},"model":"modelengine:quartzgolem/jawleft"},{"predicate":{"custom_model_data":401},"model":"modelengine:quartzgolem/jawright"},{"predicate":{"custom_model_data":402},"model":"modelengine:quartzgolem/jawmid"},{"predicate":{"custom_model_data":403},"model":"modelengine:quartzgolem/head"},{"predicate":{"custom_model_data":404},"model":"modelengine:quartzgolem/quartzgolem"},{"predicate":{"custom_model_data":405},"model":"modelengine:quartzpupa/pupa"},{"predicate":{"custom_model_data":406},"model":"modelengine:quartzshard/jaw"},{"predicate":{"custom_model_data":407},"model":"modelengine:quartzshard/head"},{"predicate":{"custom_model_data":408},"model":"modelengine:quartzshard/righthand"},{"predicate":{"custom_model_data":409},"model":"modelengine:quartzshard/rightarm"},{"predicate":{"custom_model_data":410},"model":"modelengine:quartzshard/lefthand"},{"predicate":{"custom_model_data":411},"model":"modelengine:quartzshard/leftarm"},{"predicate":{"custom_model_data":412},"model":"modelengine:quartzshard/rightfoot"},{"predicate":{"custom_model_data":413},"model":"modelengine:quartzshard/rightleg"},{"predicate":{"custom_model_data":414},"model":"modelengine:quartzshard/leftfoot"},{"predicate":{"custom_model_data":415},"model":"modelengine:quartzshard/leftleg"},{"predicate":{"custom_model_data":416},"model":"modelengine:quartzshard/shard"},{"predicate":{"custom_model_data":417},"model":"modelengine:quartzspikes/spike1"},{"predicate":{"custom_model_data":418},"model":"modelengine:quartzspikes/spike2"},{"predicate":{"custom_model_data":419},"model":"modelengine:quartzspikes/spike3"},{"predicate":{"custom_model_data":420},"model":"modelengine:redstonegolem/spike"},{"predicate":{"custom_model_data":421},"model":"modelengine:redstonegolem/spike4"},{"predicate":{"custom_model_data":422},"model":"modelengine:redstonegolem/spike5"},{"predicate":{"custom_model_data":423},"model":"modelengine:redstonegolem/spike2"},{"predicate":{"custom_model_data":424},"model":"modelengine:redstonegolem/spike3"},{"predicate":{"custom_model_data":425},"model":"modelengine:redstonegolem/handshard"},{"predicate":{"custom_model_data":426},"model":"modelengine:redstonegolem/righthand"},{"predicate":{"custom_model_data":427},"model":"modelengine:redstonegolem/rightelbow"},{"predicate":{"custom_model_data":428},"model":"modelengine:redstonegolem/rightshoulder"},{"predicate":{"custom_model_data":429},"model":"modelengine:redstonegolem/leftfoot"},{"predicate":{"custom_model_data":430},"model":"modelengine:redstonegolem/leftleg"},{"predicate":{"custom_model_data":431},"model":"modelengine:redstonegolem/rightfoot"},{"predicate":{"custom_model_data":432},"model":"modelengine:redstonegolem/rightleg"},{"predicate":{"custom_model_data":433},"model":"modelengine:redstonegolem/lefthand"},{"predicate":{"custom_model_data":434},"model":"modelengine:redstonegolem/leftelbow"},{"predicate":{"custom_model_data":435},"model":"modelengine:redstonegolem/leftshoulder"},{"predicate":{"custom_model_data":436},"model":"modelengine:redstonegolem/jawleft"},{"predicate":{"custom_model_data":437},"model":"modelengine:redstonegolem/jawright"},{"predicate":{"custom_model_data":438},"model":"modelengine:redstonegolem/jawmid"},{"predicate":{"custom_model_data":439},"model":"modelengine:redstonegolem/head"},{"predicate":{"custom_model_data":440},"model":"modelengine:redstonegolem/quartzgolem"},{"predicate":{"custom_model_data":441},"model":"modelengine:redstonepupa/pupa"},{"predicate":{"custom_model_data":442},"model":"modelengine:redstoneshard/jaw"},{"predicate":{"custom_model_data":443},"model":"modelengine:redstoneshard/head"},{"predicate":{"custom_model_data":444},"model":"modelengine:redstoneshard/righthand"},{"predicate":{"custom_model_data":445},"model":"modelengine:redstoneshard/rightarm"},{"predicate":{"custom_model_data":446},"model":"modelengine:redstoneshard/lefthand"},{"predicate":{"custom_model_data":447},"model":"modelengine:redstoneshard/leftarm"},{"predicate":{"custom_model_data":448},"model":"modelengine:redstoneshard/rightfoot"},{"predicate":{"custom_model_data":449},"model":"modelengine:redstoneshard/rightleg"},{"predicate":{"custom_model_data":450},"model":"modelengine:redstoneshard/leftfoot"},{"predicate":{"custom_model_data":451},"model":"modelengine:redstoneshard/leftleg"},{"predicate":{"custom_model_data":452},"model":"modelengine:redstoneshard/shard"},{"predicate":{"custom_model_data":453},"model":"modelengine:redstonespikes/spike1"},{"predicate":{"custom_model_data":454},"model":"modelengine:redstonespikes/spike2"},{"predicate":{"custom_model_data":455},"model":"modelengine:redstonespikes/spike3"},{"predicate":{"custom_model_data":456},"model":"modelengine:shadowwolf/rbfoot"},{"predicate":{"custom_model_data":457},"model":"modelengine:shadowwolf/rthigh"},{"predicate":{"custom_model_data":458},"model":"modelengine:shadowwolf/rbfoot2"},{"predicate":{"custom_model_data":459},"model":"modelengine:shadowwolf/rthigh2"},{"predicate":{"custom_model_data":460},"model":"modelengine:shadowwolf/tailtip"},{"predicate":{"custom_model_data":461},"model":"modelengine:shadowwolf/tail2"},{"predicate":{"custom_model_data":462},"model":"modelengine:shadowwolf/tail1"},{"predicate":{"custom_model_data":463},"model":"modelengine:shadowwolf/tailbase"},{"predicate":{"custom_model_data":464},"model":"modelengine:shadowwolf/rffoot"},{"predicate":{"custom_model_data":465},"model":"modelengine:shadowwolf/rfshoulder"},{"predicate":{"custom_model_data":466},"model":"modelengine:shadowwolf/rffoot2"},{"predicate":{"custom_model_data":467},"model":"modelengine:shadowwolf/rfshoulder2"},{"predicate":{"custom_model_data":468},"model":"modelengine:shadowwolf/head"},{"predicate":{"custom_model_data":469},"model":"modelengine:shadowwolf/shoulders"},{"predicate":{"custom_model_data":470},"model":"modelengine:shadowwolf/back"},{"predicate":{"custom_model_data":471},"model":"modelengine:shard/jaw"},{"predicate":{"custom_model_data":472},"model":"modelengine:shard/head"},{"predicate":{"custom_model_data":473},"model":"modelengine:shard/righthand"},{"predicate":{"custom_model_data":474},"model":"modelengine:shard/rightarm"},{"predicate":{"custom_model_data":475},"model":"modelengine:shard/lefthand"},{"predicate":{"custom_model_data":476},"model":"modelengine:shard/leftarm"},{"predicate":{"custom_model_data":477},"model":"modelengine:shard/rightfoot"},{"predicate":{"custom_model_data":478},"model":"modelengine:shard/rightleg"},{"predicate":{"custom_model_data":479},"model":"modelengine:shard/leftfoot"},{"predicate":{"custom_model_data":480},"model":"modelengine:shard/leftleg"},{"predicate":{"custom_model_data":481},"model":"modelengine:shard/shard"},{"predicate":{"custom_model_data":482},"model":"modelengine:stone_player/body"},{"predicate":{"custom_model_data":483},"model":"modelengine:tiamat/right_foot"},{"predicate":{"custom_model_data":484},"model":"modelengine:tiamat/right_calf"},{"predicate":{"custom_model_data":485},"model":"modelengine:tiamat/right_leg"},{"predicate":{"custom_model_data":486},"model":"modelengine:tiamat/left_foot"},{"predicate":{"custom_model_data":487},"model":"modelengine:tiamat/left_calf"},{"predicate":{"custom_model_data":488},"model":"modelengine:tiamat/left_leg"},{"predicate":{"custom_model_data":489},"model":"modelengine:tiamat/tail3"},{"predicate":{"custom_model_data":490},"model":"modelengine:tiamat/tail2"},{"predicate":{"custom_model_data":491},"model":"modelengine:tiamat/tail1"},{"predicate":{"custom_model_data":492},"model":"modelengine:tiamat/right_finger1"},{"predicate":{"custom_model_data":493},"model":"modelengine:tiamat/left_finger"},{"predicate":{"custom_model_data":494},"model":"modelengine:tiamat/right_hand"},{"predicate":{"custom_model_data":495},"model":"modelengine:tiamat/right_forearm"},{"predicate":{"custom_model_data":496},"model":"modelengine:tiamat/right_arm"},{"predicate":{"custom_model_data":497},"model":"modelengine:tiamat/right_finger2"},{"predicate":{"custom_model_data":498},"model":"modelengine:tiamat/right_finger"},{"predicate":{"custom_model_data":499},"model":"modelengine:tiamat/left_hand"},{"predicate":{"custom_model_data":500},"model":"modelengine:tiamat/left_forearm"},{"predicate":{"custom_model_data":501},"model":"modelengine:tiamat/left_arm"},{"predicate":{"custom_model_data":502},"model":"modelengine:tiamat/left_ear"},{"predicate":{"custom_model_data":503},"model":"modelengine:tiamat/right_ear"},{"predicate":{"custom_model_data":504},"model":"modelengine:tiamat/jaw"},{"predicate":{"custom_model_data":505},"model":"modelengine:tiamat/head"},{"predicate":{"custom_model_data":506},"model":"modelengine:tiamat/body"},{"predicate":{"custom_model_data":507},"model":"modelengine:tiamat/pelvis"},{"predicate":{"custom_model_data":508},"model":"modelengine:tiamat_pillar/pillar_base"},{"predicate":{"custom_model_data":509},"model":"modelengine:tiamat_pillar/pillar_mid"},{"predicate":{"custom_model_data":510},"model":"modelengine:tiamat_pillar/pillar_top"}]}