{"textures":{"0":"modelengine:entity/amethystspikes"},"elements":[{"name":"cube","from":[5.8999996,4.7,6.2],"to":[10.1,25.7,9.8],"rotation":{"angle":0.0,"axis":"x","origin":[5.8999996,34.7,6.2]},"faces":{"down":{"uv":[11.5,1.5,9.75,3.0],"rotation":0,"texture":"#0","tintindex":0},"east":{"uv":[3.5,0.0,5.0,8.75],"rotation":0,"texture":"#0","tintindex":0},"north":{"uv":[0.0,0.0,1.75,8.75],"rotation":0,"texture":"#0","tintindex":0},"south":{"uv":[1.75,0.0,3.5,8.75],"rotation":0,"texture":"#0","tintindex":0},"up":{"uv":[11.5,1.5,9.75,0.0],"rotation":0,"texture":"#0","tintindex":0},"west":{"uv":[5.0,0.0,6.5,8.75],"rotation":0,"texture":"#0","tintindex":0}}}],"display":{"head":{"translation":[0.0,-6.4,0.0],"rotation":[0.0,0.0,0.0],"scale":[3.8095,3.8095,3.8095]}}}