{"textures":{"0":"modelengine:entity/medusa","1":"modelengine:entity/medusa_bow"},"elements":[{"name":"cube","from":[4.58,13.464957,6.411058],"to":[11.780001,16.464958,9.411058],"rotation":{"angle":45.0,"axis":"x","origin":[8.18,16.464958,8.211058]},"faces":{"down":{"uv":[11.125,2.25,9.625,2.875],"rotation":0,"texture":"#0","tintindex":0},"east":{"uv":[11.125,7.75,11.75,8.375],"rotation":0,"texture":"#0","tintindex":0},"north":{"uv":[9.625,1.0,11.125,1.625],"rotation":0,"texture":"#0","tintindex":0},"south":{"uv":[1.375,9.625,2.875,10.25],"rotation":0,"texture":"#0","tintindex":0},"up":{"uv":[11.125,2.25,9.625,1.625],"rotation":0,"texture":"#0","tintindex":0},"west":{"uv":[1.875,11.25,2.5,11.875],"rotation":0,"texture":"#0","tintindex":0}}},{"name":"cube","from":[3.98,13.495108,6.938266],"to":[12.38,18.295109,11.138266],"rotation":{"angle":0.0,"axis":"x","origin":[8.18,17.695107,9.938265]},"faces":{"down":{"uv":[7.25,4.0,5.5,4.875],"rotation":0,"texture":"#0","tintindex":0},"east":{"uv":[9.5,9.75,10.375,10.75],"rotation":0,"texture":"#0","tintindex":0},"north":{"uv":[2.625,1.875,4.375,2.875],"rotation":0,"texture":"#0","tintindex":0},"south":{"uv":[2.75,0.0,4.5,1.0],"rotation":0,"texture":"#0","tintindex":0},"up":{"uv":[6.25,0.875,4.5,0.0],"rotation":0,"texture":"#0","tintindex":0},"west":{"uv":[9.875,0.0,10.75,1.0],"rotation":0,"texture":"#0","tintindex":0}}},{"name":"cube","from":[6.98,18.111168,9.013548],"to":[9.38,22.311169,11.4135475],"rotation":{"angle":-22.5,"axis":"x","origin":[11.18,17.51117,10.813547]},"faces":{"down":{"uv":[10.375,11.875,9.875,12.375],"rotation":0,"texture":"#0","tintindex":0},"east":{"uv":[11.125,10.5,11.625,11.375],"rotation":0,"texture":"#0","tintindex":0},"north":{"uv":[11.125,6.875,11.625,7.75],"rotation":0,"texture":"#0","tintindex":0},"south":{"uv":[0.0,11.25,0.5,12.125],"rotation":0,"texture":"#0","tintindex":0},"up":{"uv":[12.375,10.0,11.875,9.5],"rotation":0,"texture":"#0","tintindex":0},"west":{"uv":[1.375,11.25,1.875,12.125],"rotation":0,"texture":"#0","tintindex":0}}},{"name":"cube","from":[5.18,9.8,7.4],"to":[11.18,14.0,11.0],"rotation":{"angle":22.5,"axis":"x","origin":[8.18,13.400001,9.8]},"faces":{"down":{"uv":[11.0,2.875,9.75,3.625],"rotation":0,"texture":"#0","tintindex":0},"east":{"uv":[10.5,8.375,11.25,9.25],"rotation":0,"texture":"#0","tintindex":0},"north":{"uv":[2.75,1.0,4.0,1.875],"rotation":0,"texture":"#0","tintindex":0},"south":{"uv":[5.625,3.125,6.875,4.0],"rotation":0,"texture":"#0","tintindex":0},"up":{"uv":[5.625,2.875,4.375,2.125],"rotation":0,"texture":"#0","tintindex":0},"west":{"uv":[10.375,10.5,11.125,11.375],"rotation":0,"texture":"#0","tintindex":0}}},{"name":"cube","from":[4.5499997,5.0,7.4],"to":[11.81,9.8,12.8],"rotation":{"angle":22.5,"axis":"x","origin":[8.0,13.400001,9.8]},"faces":{"down":{"uv":[1.5,3.375,0.0,4.5],"rotation":0,"texture":"#0","tintindex":0},"east":{"uv":[0.0,8.25,1.125,9.25],"rotation":0,"texture":"#0","tintindex":0},"north":{"uv":[5.5,4.875,7.0,5.875],"rotation":0,"texture":"#0","tintindex":0},"south":{"uv":[5.625,2.125,7.125,3.125],"rotation":0,"texture":"#0","tintindex":0},"up":{"uv":[4.125,4.0,2.625,2.875],"rotation":0,"texture":"#0","tintindex":0},"west":{"uv":[8.375,4.875,9.5,5.875],"rotation":0,"texture":"#0","tintindex":0}}},{"name":"cube","from":[6.35,6.2,6.8],"to":[10.01,9.2,7.4],"rotation":{"angle":22.5,"axis":"x","origin":[8.0,13.400001,9.8]},"faces":{"down":{"uv":[0.75,6.125,0.0,6.25],"rotation":0,"texture":"#0","tintindex":0},"east":{"uv":[2.5,3.375,2.625,4.0],"rotation":0,"texture":"#0","tintindex":0},"north":{"uv":[11.125,1.75,11.875,2.375],"rotation":0,"texture":"#0","tintindex":0},"south":{"uv":[11.125,5.75,11.875,6.375],"rotation":0,"texture":"#0","tintindex":0},"up":{"uv":[5.25,1.0,4.5,0.875],"rotation":0,"texture":"#0","tintindex":0},"west":{"uv":[8.5,3.0,8.625,3.625],"rotation":0,"texture":"#0","tintindex":0}}},{"name":"cube","from":[2.7499998,5.6,5.0],"to":[4.61,9.2,17.6],"rotation":{"angle":22.5,"axis":"x","origin":[8.0,13.400001,9.8]},"faces":{"down":{"uv":[1.375,9.625,1.0,12.25],"rotation":0,"texture":"#0","tintindex":0},"east":{"uv":[0.0,1.875,2.625,2.625],"rotation":0,"texture":"#0","tintindex":0},"north":{"uv":[5.125,11.875,5.5,12.625],"rotation":0,"texture":"#0","tintindex":0},"south":{"uv":[11.875,5.25,12.25,6.0],"rotation":0,"texture":"#0","tintindex":0},"up":{"uv":[5.0,11.625,4.625,9.0],"rotation":0,"texture":"#0","tintindex":0},"west":{"uv":[0.0,2.625,2.625,3.375],"rotation":0,"texture":"#0","tintindex":0}}},{"name":"cube","from":[3.9499998,5.0,1.3999997],"to":[3.9499998,8.0,5.0],"rotation":{"angle":22.5,"axis":"x","origin":[8.0,13.400001,9.8]},"faces":{"down":{"uv":[1.375,9.625,1.0,12.25],"rotation":0,"texture":"#0","tintindex":0},"east":{"uv":[0.0,12.75,1.5,14.0],"rotation":0,"texture":"#0","tintindex":0},"north":{"uv":[5.125,11.875,5.5,12.625],"rotation":0,"texture":"#0","tintindex":0},"south":{"uv":[11.875,5.25,12.25,6.0],"rotation":0,"texture":"#0","tintindex":0},"up":{"uv":[5.0,11.625,4.625,9.0],"rotation":0,"texture":"#0","tintindex":0},"west":{"uv":[1.5,12.75,0.0,14.0],"rotation":0,"texture":"#0","tintindex":0}}}],"display":{"head":{"translation":[0.0,-6.4,0.0],"rotation":[0.0,0.0,0.0],"scale":[3.8095,3.8095,3.8095]}}}