{"textures":{"0":"modelengine:entity/medusa","1":"modelengine:entity/medusa_bow"},"elements":[{"name":"cube","from":[7.5615387,6.071109,5.704288],"to":[8.161539,7.2711086,9.904288],"rotation":{"angle":0.0,"axis":"x","origin":[-3.894248,6.7116804,11.552287]},"faces":{"down":{"uv":[7.0,7.25,6.75,9.0],"rotation":0,"texture":"#1","tintindex":0},"east":{"uv":[6.5,4.0,8.25,4.5],"rotation":0,"texture":"#1","tintindex":0},"north":{"uv":[2.0,6.0,2.25,6.5],"rotation":0,"texture":"#1","tintindex":0},"south":{"uv":[2.0,6.5,2.25,7.0],"rotation":0,"texture":"#1","tintindex":0},"up":{"uv":[6.75,9.0,6.5,7.25],"rotation":0,"texture":"#1","tintindex":0},"west":{"uv":[2.0,7.0,3.75,7.5],"rotation":0,"texture":"#1","tintindex":0}}},{"name":"cube","from":[8.761538,3.0711079,4.5042877],"to":[10.561539,7.8711085,11.104288],"rotation":{"angle":0.0,"axis":"x","origin":[-3.894248,6.7116804,11.552287]},"faces":{"down":{"uv":[1.5,4.0,0.75,6.75],"rotation":0,"texture":"#1","tintindex":0},"east":{"uv":[0.0,0.0,2.75,2.0],"rotation":0,"texture":"#1","tintindex":0},"north":{"uv":[1.5,4.0,2.25,6.0],"rotation":0,"texture":"#1","tintindex":0},"south":{"uv":[2.25,5.0,3.0,7.0],"rotation":0,"texture":"#1","tintindex":0},"up":{"uv":[0.75,6.75,0.0,4.0],"rotation":0,"texture":"#1","tintindex":0},"west":{"uv":[0.0,2.0,2.75,4.0],"rotation":0,"texture":"#1","tintindex":0}}},{"name":"cube","from":[6.9615383,5.4711084,1.5042875],"to":[8.761538,7.8711085,5.704288],"rotation":{"angle":0.0,"axis":"x","origin":[-3.894248,6.7116804,11.552287]},"faces":{"down":{"uv":[6.0,5.5,5.25,7.25],"rotation":0,"texture":"#1","tintindex":0},"east":{"uv":[4.5,4.5,6.25,5.5],"rotation":0,"texture":"#1","tintindex":0},"north":{"uv":[4.25,7.25,5.0,8.25],"rotation":0,"texture":"#1","tintindex":0},"south":{"uv":[5.0,7.25,5.75,8.25],"rotation":0,"texture":"#1","tintindex":0},"up":{"uv":[5.25,7.25,4.5,5.5],"rotation":0,"texture":"#1","tintindex":0},"west":{"uv":[4.75,0.0,6.5,1.0],"rotation":0,"texture":"#1","tintindex":0}}},{"name":"cube","from":[6.9615383,5.9459124,-2.146203],"to":[8.761538,8.345913,2.6537974],"rotation":{"angle":22.5,"axis":"x","origin":[8.405752,8.597996,0.88554096]},"faces":{"down":{"uv":[4.5,5.0,3.75,7.0],"rotation":0,"texture":"#1","tintindex":0},"east":{"uv":[4.5,2.5,6.5,3.5],"rotation":0,"texture":"#1","tintindex":0},"north":{"uv":[5.75,7.25,6.5,8.25],"rotation":0,"texture":"#1","tintindex":0},"south":{"uv":[7.5,0.0,8.25,1.0],"rotation":0,"texture":"#1","tintindex":0},"up":{"uv":[3.75,7.0,3.0,5.0],"rotation":0,"texture":"#1","tintindex":0},"west":{"uv":[4.5,3.5,6.5,4.5],"rotation":0,"texture":"#1","tintindex":0}}},{"name":"cube","from":[6.9615383,3.6711078,2.7042875],"to":[8.761538,5.4711084,4.5042877],"rotation":{"angle":0.0,"axis":"x","origin":[-3.894248,6.7116804,11.552287]},"faces":{"down":{"uv":[8.25,3.25,7.5,4.0],"rotation":0,"texture":"#1","tintindex":0},"east":{"uv":[7.5,1.75,8.25,2.5],"rotation":0,"texture":"#1","tintindex":0},"north":{"uv":[7.5,1.0,8.25,1.75],"rotation":0,"texture":"#1","tintindex":0},"south":{"uv":[2.0,7.5,2.75,8.25],"rotation":0,"texture":"#1","tintindex":0},"up":{"uv":[3.5,8.25,2.75,7.5],"rotation":0,"texture":"#1","tintindex":0},"west":{"uv":[7.5,2.5,8.25,3.25],"rotation":0,"texture":"#1","tintindex":0}}},{"name":"cube","from":[7.2615385,8.100145,-4.116014],"to":[8.461538,9.900145,0.08398628],"rotation":{"angle":45.0,"axis":"x","origin":[8.405752,11.342673,-2.3793912]},"faces":{"down":{"uv":[7.5,6.25,7.0,8.0],"rotation":0,"texture":"#1","tintindex":0},"east":{"uv":[6.0,5.5,7.75,6.25],"rotation":0,"texture":"#1","tintindex":0},"north":{"uv":[7.5,7.0,8.0,7.75],"rotation":0,"texture":"#1","tintindex":0},"south":{"uv":[0.0,7.75,0.5,8.5],"rotation":0,"texture":"#1","tintindex":0},"up":{"uv":[4.25,8.75,3.75,7.0],"rotation":0,"texture":"#1","tintindex":0},"west":{"uv":[6.25,4.5,8.0,5.25],"rotation":0,"texture":"#1","tintindex":0}}},{"name":"cube","from":[6.661538,7.500145,-6.516014],"to":[9.061538,9.900145,-4.116014],"rotation":{"angle":45.0,"axis":"x","origin":[8.405752,11.342673,-2.3793912]},"faces":{"down":{"uv":[1.0,6.75,0.0,7.75],"rotation":0,"texture":"#1","tintindex":0},"east":{"uv":[6.5,0.0,7.5,1.0],"rotation":0,"texture":"#1","tintindex":0},"north":{"uv":[6.0,6.25,7.0,7.25],"rotation":0,"texture":"#1","tintindex":0},"south":{"uv":[6.5,1.0,7.5,2.0],"rotation":0,"texture":"#1","tintindex":0},"up":{"uv":[7.5,4.0,6.5,3.0],"rotation":0,"texture":"#1","tintindex":0},"west":{"uv":[6.5,2.0,7.5,3.0],"rotation":0,"texture":"#1","tintindex":0}}},{"name":"cube","from":[7.8615384,11.302101,-6.42739],"to":[7.8615384,11.9021015,21.172611],"rotation":{"angle":0.0,"axis":"x","origin":[8.405752,11.342673,-2.3793912]},"faces":{"down":{"uv":[13.5,3.75,13.75,15.25],"rotation":0,"texture":"#1","tintindex":0},"east":{"uv":[0.0,9.0,11.5,9.25],"rotation":0,"texture":"#1","tintindex":0},"north":{"uv":[4.0,12.5,4.0,12.75],"rotation":0,"texture":"#1","tintindex":0},"south":{"uv":[0.25,10.0,0.25,10.25],"rotation":0,"texture":"#1","tintindex":0},"up":{"uv":[14.0,13.5,14.0,2.0],"rotation":0,"texture":"#1","tintindex":0},"west":{"uv":[0.0,9.0,11.5,9.25],"rotation":0,"texture":"#1","tintindex":0}}},{"name":"cube","from":[6.9615383,5.4711084,9.904288],"to":[8.761538,7.8711085,14.104288],"rotation":{"angle":0.0,"axis":"x","origin":[-3.894248,6.7116804,8.552287]},"faces":{"down":{"uv":[6.0,7.25,5.25,5.5],"rotation":0,"texture":"#1","tintindex":0},"east":{"uv":[6.25,4.5,4.5,5.5],"rotation":0,"texture":"#1","tintindex":0},"north":{"uv":[5.75,7.25,5.0,8.25],"rotation":0,"texture":"#1","tintindex":0},"south":{"uv":[5.0,7.25,4.25,8.25],"rotation":0,"texture":"#1","tintindex":0},"up":{"uv":[5.25,5.5,4.5,7.25],"rotation":0,"texture":"#1","tintindex":0},"west":{"uv":[6.5,0.0,4.75,1.0],"rotation":0,"texture":"#1","tintindex":0}}},{"name":"cube","from":[6.9615383,7.666456,13.297017],"to":[8.761538,10.066456,18.097017],"rotation":{"angle":-22.5,"axis":"x","origin":[8.405752,8.597996,19.219032]},"faces":{"down":{"uv":[4.5,7.0,3.75,5.0],"rotation":0,"texture":"#1","tintindex":0},"east":{"uv":[6.5,2.5,4.5,3.5],"rotation":0,"texture":"#1","tintindex":0},"north":{"uv":[8.25,0.0,7.5,1.0],"rotation":0,"texture":"#1","tintindex":0},"south":{"uv":[6.5,7.25,5.75,8.25],"rotation":0,"texture":"#1","tintindex":0},"up":{"uv":[3.75,5.0,3.0,7.0],"rotation":0,"texture":"#1","tintindex":0},"west":{"uv":[6.5,3.5,4.5,4.5],"rotation":0,"texture":"#1","tintindex":0}}},{"name":"cube","from":[6.9615383,3.6711078,11.104288],"to":[8.761538,5.4711084,12.904288],"rotation":{"angle":0.0,"axis":"x","origin":[-3.894248,6.7116804,8.552287]},"faces":{"down":{"uv":[8.25,4.0,7.5,3.25],"rotation":0,"texture":"#1","tintindex":0},"east":{"uv":[8.25,1.75,7.5,2.5],"rotation":0,"texture":"#1","tintindex":0},"north":{"uv":[2.75,7.5,2.0,8.25],"rotation":0,"texture":"#1","tintindex":0},"south":{"uv":[8.25,1.0,7.5,1.75],"rotation":0,"texture":"#1","tintindex":0},"up":{"uv":[3.5,7.5,2.75,8.25],"rotation":0,"texture":"#1","tintindex":0},"west":{"uv":[8.25,2.5,7.5,3.25],"rotation":0,"texture":"#1","tintindex":0}}},{"name":"cube","from":[7.2615385,11.279296,16.841438],"to":[8.461538,13.079295,21.04144],"rotation":{"angle":-45.0,"axis":"x","origin":[8.405752,11.342673,22.483967]},"faces":{"down":{"uv":[7.5,8.0,7.0,6.25],"rotation":0,"texture":"#1","tintindex":0},"east":{"uv":[7.75,5.5,6.0,6.25],"rotation":0,"texture":"#1","tintindex":0},"north":{"uv":[0.5,7.75,0.0,8.5],"rotation":0,"texture":"#1","tintindex":0},"south":{"uv":[8.0,7.0,7.5,7.75],"rotation":0,"texture":"#1","tintindex":0},"up":{"uv":[4.25,7.0,3.75,8.75],"rotation":0,"texture":"#1","tintindex":0},"west":{"uv":[8.0,4.5,6.25,5.25],"rotation":0,"texture":"#1","tintindex":0}}},{"name":"cube","from":[6.661538,10.679296,21.04144],"to":[9.061538,13.079295,23.441437],"rotation":{"angle":-45.0,"axis":"x","origin":[8.405752,11.342673,22.483967]},"faces":{"down":{"uv":[1.0,7.75,0.0,6.75],"rotation":0,"texture":"#1","tintindex":0},"east":{"uv":[7.5,0.0,6.5,1.0],"rotation":0,"texture":"#1","tintindex":0},"north":{"uv":[7.5,1.0,6.5,2.0],"rotation":0,"texture":"#1","tintindex":0},"south":{"uv":[7.0,6.25,6.0,7.25],"rotation":0,"texture":"#1","tintindex":0},"up":{"uv":[7.5,3.0,6.5,4.0],"rotation":0,"texture":"#1","tintindex":0},"west":{"uv":[7.5,2.0,6.5,3.0],"rotation":0,"texture":"#1","tintindex":0}}}],"display":{"head":{"translation":[0.0,-6.4,0.0],"rotation":[0.0,0.0,0.0],"scale":[3.8095,3.8095,3.8095]}}}