{"textures":{"0":"modelengine:entity/medusa","1":"modelengine:entity/medusa_bow"},"elements":[{"name":"cube","from":[5.3,8.534632,4.3549604],"to":[10.700001,12.134631,9.754961],"rotation":{"angle":0.0,"axis":"x","origin":[5.3,6.7346315,4.3549604]},"faces":{"down":{"uv":[5.25,7.875,4.125,9.0],"rotation":0,"texture":"#0","tintindex":0},"east":{"uv":[7.375,1.0,8.5,1.75],"rotation":0,"texture":"#0","tintindex":0},"north":{"uv":[6.25,0.0,7.375,0.75],"rotation":0,"texture":"#0","tintindex":0},"south":{"uv":[10.0,6.875,11.125,7.625],"rotation":0,"texture":"#0","tintindex":0},"up":{"uv":[8.75,8.0,7.625,6.875],"rotation":0,"texture":"#0","tintindex":0},"west":{"uv":[7.125,10.0,8.25,10.75],"rotation":0,"texture":"#0","tintindex":0}}},{"name":"cube","from":[5.3,12.134631,3.7549605],"to":[10.1,13.334632,10.354961],"rotation":{"angle":0.0,"axis":"x","origin":[5.3,10.334631,4.3549604]},"faces":{"down":{"uv":[3.5,6.25,2.5,7.625],"rotation":0,"texture":"#0","tintindex":0},"east":{"uv":[11.25,9.0,12.625,9.25],"rotation":0,"texture":"#0","tintindex":0},"north":{"uv":[5.875,1.875,6.875,2.125],"rotation":0,"texture":"#0","tintindex":0},"south":{"uv":[11.75,9.25,12.75,9.5],"rotation":0,"texture":"#0","tintindex":0},"up":{"uv":[2.5,7.625,1.5,6.25],"rotation":0,"texture":"#0","tintindex":0},"west":{"uv":[11.375,5.0,12.75,5.25],"rotation":0,"texture":"#0","tintindex":0}}},{"name":"cube","from":[5.3,4.9346313,9.154961],"to":[10.1,12.734632,10.954961],"rotation":{"angle":0.0,"axis":"x","origin":[5.3,10.334631,4.3549604]},"faces":{"down":{"uv":[12.375,3.625,11.375,4.0],"rotation":0,"texture":"#0","tintindex":0},"east":{"uv":[8.125,10.75,8.5,12.375],"rotation":0,"texture":"#0","tintindex":0},"north":{"uv":[0.0,4.5,1.0,6.125],"rotation":0,"texture":"#0","tintindex":0},"south":{"uv":[4.5,4.0,5.5,5.625],"rotation":0,"texture":"#0","tintindex":0},"up":{"uv":[12.375,0.875,11.375,0.5],"rotation":0,"texture":"#0","tintindex":0},"west":{"uv":[8.5,10.75,8.875,12.375],"rotation":0,"texture":"#0","tintindex":0}}},{"name":"cube","from":[10.1,10.934631,4.3549604],"to":[11.3,12.734632,10.354961],"rotation":{"angle":0.0,"axis":"x","origin":[5.3,10.334631,4.9549603]},"faces":{"down":{"uv":[4.375,11.875,4.125,13.125],"rotation":0,"texture":"#0","tintindex":0},"east":{"uv":[10.5,5.375,11.75,5.75],"rotation":0,"texture":"#0","tintindex":0},"north":{"uv":[6.875,3.5,7.125,3.875],"rotation":0,"texture":"#0","tintindex":0},"south":{"uv":[1.125,8.25,1.375,8.625],"rotation":0,"texture":"#0","tintindex":0},"up":{"uv":[2.375,13.125,2.125,11.875],"rotation":0,"texture":"#0","tintindex":0},"west":{"uv":[10.5,9.25,11.75,9.625],"rotation":0,"texture":"#0","tintindex":0}}},{"name":"cube","from":[8.9,5.5346313,7.954961],"to":[11.3,10.934631,10.354961],"rotation":{"angle":0.0,"axis":"x","origin":[5.3,10.334631,4.9549603]},"faces":{"down":{"uv":[12.375,8.25,11.875,8.75],"rotation":0,"texture":"#0","tintindex":0},"east":{"uv":[9.375,10.75,9.875,11.875],"rotation":0,"texture":"#0","tintindex":0},"north":{"uv":[8.875,10.75,9.375,11.875],"rotation":0,"texture":"#0","tintindex":0},"south":{"uv":[9.875,10.75,10.375,11.875],"rotation":0,"texture":"#0","tintindex":0},"up":{"uv":[6.0,12.375,5.5,11.875],"rotation":0,"texture":"#0","tintindex":0},"west":{"uv":[2.875,10.875,3.375,12.0],"rotation":0,"texture":"#0","tintindex":0}}},{"name":"cube","from":[4.1,7.9346313,3.7549605],"to":[5.3,13.334632,10.354961],"rotation":{"angle":0.0,"axis":"x","origin":[5.3,10.334631,4.3549604]},"faces":{"down":{"uv":[2.75,11.25,2.5,12.625],"rotation":0,"texture":"#0","tintindex":0},"east":{"uv":[1.0,5.125,2.375,6.25],"rotation":0,"texture":"#0","tintindex":0},"north":{"uv":[4.375,11.875,4.625,13.0],"rotation":0,"texture":"#0","tintindex":0},"south":{"uv":[4.875,11.875,5.125,13.0],"rotation":0,"texture":"#0","tintindex":0},"up":{"uv":[0.75,12.625,0.5,11.25],"rotation":0,"texture":"#0","tintindex":0},"west":{"uv":[2.375,5.125,3.75,6.25],"rotation":0,"texture":"#0","tintindex":0}}},{"name":"cube","from":[4.1,5.5346313,6.7549605],"to":[6.5,7.9346313,10.354961],"rotation":{"angle":0.0,"axis":"x","origin":[5.3,10.334631,4.3549604]},"faces":{"down":{"uv":[8.0,11.375,7.5,12.125],"rotation":0,"texture":"#0","tintindex":0},"east":{"uv":[11.375,4.0,12.125,4.5],"rotation":0,"texture":"#0","tintindex":0},"north":{"uv":[8.875,11.875,9.375,12.375],"rotation":0,"texture":"#0","tintindex":0},"south":{"uv":[9.375,11.875,9.875,12.375],"rotation":0,"texture":"#0","tintindex":0},"up":{"uv":[7.5,12.125,7.0,11.375],"rotation":0,"texture":"#0","tintindex":0},"west":{"uv":[11.375,4.5,12.125,5.0],"rotation":0,"texture":"#0","tintindex":0}}},{"name":"cube","from":[10.352447,9.134631,6.824093],"to":[10.952446,10.934631,8.024094],"rotation":{"angle":22.5,"axis":"y","origin":[10.652447,10.034632,7.4240932]},"faces":{"down":{"uv":[8.875,7.75,8.75,8.0],"rotation":0,"texture":"#0","tintindex":0},"east":{"uv":[3.5,6.25,3.75,6.625],"rotation":0,"texture":"#0","tintindex":0},"north":{"uv":[9.75,3.625,9.875,4.0],"rotation":0,"texture":"#0","tintindex":0},"south":{"uv":[9.375,10.0,9.5,10.375],"rotation":0,"texture":"#0","tintindex":0},"up":{"uv":[8.625,3.875,8.5,3.625],"rotation":0,"texture":"#0","tintindex":0},"west":{"uv":[6.875,3.125,7.125,3.5],"rotation":0,"texture":"#0","tintindex":0}}},{"name":"cube","from":[7.4,8.6037655,4.0074067],"to":[8.6,10.403765,4.6074066],"rotation":{"angle":22.5,"axis":"x","origin":[8.0,9.203766,4.307407]},"faces":{"down":{"uv":[5.625,0.875,5.25,1.0],"rotation":0,"texture":"#0","tintindex":0},"east":{"uv":[1.375,7.25,1.5,7.625],"rotation":0,"texture":"#0","tintindex":0},"north":{"uv":[12.125,6.625,12.5,7.0],"rotation":0,"texture":"#0","tintindex":0},"south":{"uv":[7.0,12.125,7.375,12.5],"rotation":0,"texture":"#0","tintindex":0},"up":{"uv":[4.375,1.875,4.0,1.75],"rotation":0,"texture":"#0","tintindex":0},"west":{"uv":[1.0,9.25,1.125,9.625],"rotation":0,"texture":"#0","tintindex":0}}},{"name":"cube","from":[5.8999996,6.8,4.7],"to":[10.1,9.2,8.3],"rotation":{"angle":-22.5,"axis":"x","origin":[8.0,8.0,6.2]},"faces":{"down":{"uv":[11.375,4.625,10.5,5.375],"rotation":0,"texture":"#0","tintindex":0},"east":{"uv":[3.75,5.125,4.5,5.625],"rotation":0,"texture":"#0","tintindex":0},"north":{"uv":[11.125,2.375,12.0,2.875],"rotation":0,"texture":"#0","tintindex":0},"south":{"uv":[11.125,6.375,12.0,6.875],"rotation":0,"texture":"#0","tintindex":0},"up":{"uv":[11.25,10.5,10.375,9.75],"rotation":0,"texture":"#0","tintindex":0},"west":{"uv":[11.375,0.0,12.125,0.5],"rotation":0,"texture":"#0","tintindex":0}}}],"display":{"head":{"translation":[0.0,-6.4,0.0],"rotation":[0.0,0.0,0.0],"scale":[3.8095,3.8095,3.8095]}}}