{"textures":{"0":"modelengine:entity/medusa","1":"modelengine:entity/medusa_bow"},"elements":[{"name":"cube","from":[8.6,1.9999998,6.5],"to":[10.4,9.2,9.5],"rotation":{"angle":0.0,"axis":"x","origin":[12.8,8.6,8.3]},"faces":{"down":{"uv":[10.75,11.875,11.125,12.5],"rotation":0,"texture":"#0","tintindex":0},"east":{"uv":[6.25,9.75,5.625,11.25],"rotation":0,"texture":"#0","tintindex":0},"north":{"uv":[3.75,10.875,3.375,12.375],"rotation":0,"texture":"#0","tintindex":0},"south":{"uv":[4.125,10.875,3.75,12.375],"rotation":0,"texture":"#0","tintindex":0},"up":{"uv":[10.375,12.5,10.75,11.875],"rotation":0,"texture":"#0","tintindex":0},"west":{"uv":[5.625,9.75,5.0,11.25],"rotation":0,"texture":"#0","tintindex":0}}},{"name":"cube","from":[8.3,5.0,6.2],"to":[10.700001,6.8,9.8],"rotation":{"angle":0.0,"axis":"x","origin":[12.8,8.6,8.3]},"faces":{"down":{"uv":[11.75,0.875,12.25,1.625],"rotation":0,"texture":"#0","tintindex":0},"east":{"uv":[12.375,11.0,11.625,11.375],"rotation":0,"texture":"#0","tintindex":0},"north":{"uv":[10.5,8.375,10.0,8.75],"rotation":0,"texture":"#0","tintindex":0},"south":{"uv":[12.625,4.5,12.125,4.875],"rotation":0,"texture":"#0","tintindex":0},"up":{"uv":[11.625,11.0,12.125,10.25],"rotation":0,"texture":"#0","tintindex":0},"west":{"uv":[4.125,8.625,3.375,9.0],"rotation":0,"texture":"#0","tintindex":0}}}],"display":{"head":{"translation":[0.0,-6.4,0.0],"rotation":[0.0,0.0,0.0],"scale":[3.8095,3.8095,3.8095]}}}