{"textures":{"0":"modelengine:entity/medusa","1":"modelengine:entity/medusa_bow"},"elements":[{"name":"cube","from":[7.1,5.0,5.0],"to":[8.9,8.0,8.0],"rotation":{"angle":0.0,"axis":"x","origin":[11.3,8.6,6.8]},"faces":{"down":{"uv":[11.875,12.0,12.25,12.625],"rotation":0,"texture":"#0","tintindex":0},"east":{"uv":[11.875,9.625,11.25,10.25],"rotation":0,"texture":"#0","tintindex":0},"north":{"uv":[6.375,12.0,6.0,12.625],"rotation":0,"texture":"#0","tintindex":0},"south":{"uv":[12.375,6.0,12.0,6.625],"rotation":0,"texture":"#0","tintindex":0},"up":{"uv":[6.375,12.625,6.75,12.0],"rotation":0,"texture":"#0","tintindex":0},"west":{"uv":[11.875,8.375,11.25,9.0],"rotation":0,"texture":"#0","tintindex":0}}},{"name":"cube","from":[6.8,1.3999997,5.0],"to":[9.2,5.0,8.0],"rotation":{"angle":0.0,"axis":"x","origin":[11.3,8.6,6.8]},"faces":{"down":{"uv":[11.75,7.625,12.25,8.25],"rotation":0,"texture":"#0","tintindex":0},"east":{"uv":[11.75,1.0,11.125,1.75],"rotation":0,"texture":"#0","tintindex":0},"north":{"uv":[12.125,2.875,11.625,3.625],"rotation":0,"texture":"#0","tintindex":0},"south":{"uv":[12.125,6.875,11.625,7.625],"rotation":0,"texture":"#0","tintindex":0},"up":{"uv":[1.0,5.125,1.5,4.5],"rotation":0,"texture":"#0","tintindex":0},"west":{"uv":[11.625,2.875,11.0,3.625],"rotation":0,"texture":"#0","tintindex":0}}}],"display":{"head":{"translation":[0.0,-6.4,0.0],"rotation":[0.0,0.0,0.0],"scale":[3.8095,3.8095,3.8095]}}}