{"textures":{"0":"modelengine:entity/medusa","1":"modelengine:entity/medusa_bow"},"elements":[{"name":"cube","from":[7.1,5.0,5.0],"to":[8.9,8.0,8.0],"rotation":{"angle":0.0,"axis":"x","origin":[4.7,8.6,6.8]},"faces":{"down":{"uv":[12.25,12.0,11.875,12.625],"rotation":0,"texture":"#0","tintindex":0},"east":{"uv":[11.25,8.375,11.875,9.0],"rotation":0,"texture":"#0","tintindex":0},"north":{"uv":[6.0,12.0,6.375,12.625],"rotation":0,"texture":"#0","tintindex":0},"south":{"uv":[12.0,6.0,12.375,6.625],"rotation":0,"texture":"#0","tintindex":0},"up":{"uv":[6.75,12.625,6.375,12.0],"rotation":0,"texture":"#0","tintindex":0},"west":{"uv":[11.25,9.625,11.875,10.25],"rotation":0,"texture":"#0","tintindex":0}}},{"name":"cube","from":[6.8,1.3999997,5.0],"to":[9.2,5.0,8.0],"rotation":{"angle":0.0,"axis":"x","origin":[4.7,8.6,6.8]},"faces":{"down":{"uv":[12.25,7.625,11.75,8.25],"rotation":0,"texture":"#0","tintindex":0},"east":{"uv":[11.0,2.875,11.625,3.625],"rotation":0,"texture":"#0","tintindex":0},"north":{"uv":[11.625,2.875,12.125,3.625],"rotation":0,"texture":"#0","tintindex":0},"south":{"uv":[11.625,6.875,12.125,7.625],"rotation":0,"texture":"#0","tintindex":0},"up":{"uv":[1.5,5.125,1.0,4.5],"rotation":0,"texture":"#0","tintindex":0},"west":{"uv":[11.125,1.0,11.75,1.75],"rotation":0,"texture":"#0","tintindex":0}}}],"display":{"head":{"translation":[0.0,-6.4,0.0],"rotation":[0.0,0.0,0.0],"scale":[3.8095,3.8095,3.8095]}}}