{"textures":{"0":"modelengine:entity/medusa","1":"modelengine:entity/medusa_bow"},"elements":[{"name":"cube","from":[7.4,5.0,6.5],"to":[9.2,8.0,9.5],"rotation":{"angle":0.0,"axis":"x","origin":[5.0,8.6,8.3]},"faces":{"down":{"uv":[3.125,12.0,2.75,12.625],"rotation":0,"texture":"#0","tintindex":0},"east":{"uv":[5.0,11.25,5.625,11.875],"rotation":0,"texture":"#0","tintindex":0},"north":{"uv":[11.125,11.875,11.5,12.5],"rotation":0,"texture":"#0","tintindex":0},"south":{"uv":[11.875,11.375,12.25,12.0],"rotation":0,"texture":"#0","tintindex":0},"up":{"uv":[11.875,12.5,11.5,11.875],"rotation":0,"texture":"#0","tintindex":0},"west":{"uv":[5.625,11.25,6.25,11.875],"rotation":0,"texture":"#0","tintindex":0}}},{"name":"cube","from":[7.4,8.0,6.8],"to":[8.6,8.6,8.6],"rotation":{"angle":0.0,"axis":"x","origin":[5.0,8.6,8.3]},"faces":{"down":{"uv":[12.5,11.375,12.25,11.75],"rotation":0,"texture":"#0","tintindex":0},"east":{"uv":[6.25,0.75,6.625,0.875],"rotation":0,"texture":"#0","tintindex":0},"north":{"uv":[5.625,0.875,5.875,1.0],"rotation":0,"texture":"#0","tintindex":0},"south":{"uv":[0.75,6.125,1.0,6.25],"rotation":0,"texture":"#0","tintindex":0},"up":{"uv":[12.5,8.0,12.25,7.625],"rotation":0,"texture":"#0","tintindex":0},"west":{"uv":[6.625,0.75,7.0,0.875],"rotation":0,"texture":"#0","tintindex":0}}},{"name":"cube","from":[8.6,6.2,6.2],"to":[9.8,8.0,8.0],"rotation":{"angle":0.0,"axis":"x","origin":[5.0,8.6,8.6]},"faces":{"down":{"uv":[12.5,5.625,12.25,6.0],"rotation":0,"texture":"#0","tintindex":0},"east":{"uv":[7.75,12.125,8.125,12.5],"rotation":0,"texture":"#0","tintindex":0},"north":{"uv":[3.125,12.0,3.375,12.375],"rotation":0,"texture":"#0","tintindex":0},"south":{"uv":[1.125,12.25,1.375,12.625],"rotation":0,"texture":"#0","tintindex":0},"up":{"uv":[12.5,5.625,12.25,5.25],"rotation":0,"texture":"#0","tintindex":0},"west":{"uv":[12.125,10.0,12.5,10.375],"rotation":0,"texture":"#0","tintindex":0}}}],"display":{"head":{"translation":[0.0,-6.4,0.0],"rotation":[0.0,0.0,0.0],"scale":[3.8095,3.8095,3.8095]}}}