{"textures":{"0":"modelengine:entity/medusa","1":"modelengine:entity/medusa_bow"},"elements":[{"name":"cube","from":[7.1,7.4,5.6],"to":[8.9,8.6,8.0],"rotation":{"angle":0.0,"axis":"x","origin":[8.0,8.0,8.0]},"faces":{"down":{"uv":[12.125,4.0,12.5,4.5],"rotation":0,"texture":"#0","tintindex":0},"east":{"uv":[12.625,10.375,12.125,10.625],"rotation":0,"texture":"#0","tintindex":0},"north":{"uv":[12.625,1.375,12.25,1.625],"rotation":0,"texture":"#0","tintindex":0},"south":{"uv":[12.625,1.625,12.25,1.875],"rotation":0,"texture":"#0","tintindex":0},"up":{"uv":[12.125,3.375,12.5,2.875],"rotation":0,"texture":"#0","tintindex":0},"west":{"uv":[12.625,7.375,12.125,7.625],"rotation":0,"texture":"#0","tintindex":0}}},{"name":"cube","from":[7.4,7.85,6.05],"to":[8.6,9.05,7.85],"rotation":{"angle":-22.5,"axis":"x","origin":[7.85,8.75,7.25]},"faces":{"down":{"uv":[5.0,9.375,5.25,9.75],"rotation":0,"texture":"#0","tintindex":0},"east":{"uv":[12.625,2.125,12.25,2.375],"rotation":0,"texture":"#0","tintindex":0},"north":{"uv":[5.5,5.625,5.25,5.875],"rotation":0,"texture":"#0","tintindex":0},"south":{"uv":[7.125,1.875,6.875,2.125],"rotation":0,"texture":"#0","tintindex":0},"up":{"uv":[5.0,9.375,5.25,9.0],"rotation":0,"texture":"#0","tintindex":0},"west":{"uv":[12.625,1.875,12.25,2.125],"rotation":0,"texture":"#0","tintindex":0}}}],"display":{"head":{"translation":[0.0,-6.4,0.0],"rotation":[0.0,0.0,0.0],"scale":[3.8095,3.8095,3.8095]}}}