{"textures":{"0":"modelengine:entity/medusa","1":"modelengine:entity/medusa_bow"},"elements":[{"name":"cube","from":[7.1,7.4,4.3999996],"to":[8.9,8.6,8.0],"rotation":{"angle":0.0,"axis":"x","origin":[8.0,8.0,8.0]},"faces":{"down":{"uv":[12.25,1.625,11.875,2.375],"rotation":0,"texture":"#0","tintindex":0},"east":{"uv":[4.125,7.625,4.875,7.875],"rotation":0,"texture":"#0","tintindex":0},"north":{"uv":[4.875,6.625,5.25,6.875],"rotation":0,"texture":"#0","tintindex":0},"south":{"uv":[11.25,10.25,11.625,10.5],"rotation":0,"texture":"#0","tintindex":0},"up":{"uv":[4.375,1.75,4.0,1.0],"rotation":0,"texture":"#0","tintindex":0},"west":{"uv":[11.875,8.75,12.625,9.0],"rotation":0,"texture":"#0","tintindex":0}}}],"display":{"head":{"translation":[0.0,-6.4,0.0],"rotation":[0.0,0.0,0.0],"scale":[3.8095,3.8095,3.8095]}}}