{"textures":{"0":"modelengine:entity/medusa","1":"modelengine:entity/medusa_bow"},"elements":[{"name":"cube","from":[7.1,7.4,5.6],"to":[8.9,8.6,8.0],"rotation":{"angle":0.0,"axis":"x","origin":[8.0,8.0,8.0]},"faces":{"down":{"uv":[0.375,12.125,0.0,12.625],"rotation":0,"texture":"#0","tintindex":0},"east":{"uv":[9.0,8.75,9.5,9.0],"rotation":0,"texture":"#0","tintindex":0},"north":{"uv":[12.125,10.625,12.5,10.875],"rotation":0,"texture":"#0","tintindex":0},"south":{"uv":[0.75,12.25,1.125,12.5],"rotation":0,"texture":"#0","tintindex":0},"up":{"uv":[12.375,2.875,12.0,2.375],"rotation":0,"texture":"#0","tintindex":0},"west":{"uv":[2.875,9.625,3.375,9.875],"rotation":0,"texture":"#0","tintindex":0}}}],"display":{"head":{"translation":[0.0,-6.4,0.0],"rotation":[0.0,0.0,0.0],"scale":[3.8095,3.8095,3.8095]}}}