{"textures":{"0":"modelengine:entity/medusa","1":"modelengine:entity/medusa_bow"},"elements":[{"name":"cube","from":[4.97,3.1999998,8.0],"to":[10.969999,8.0,12.2],"rotation":{"angle":0.0,"axis":"x","origin":[8.6,11.6,10.4]},"faces":{"down":{"uv":[4.625,9.0,3.375,9.875],"rotation":0,"texture":"#0","tintindex":0},"east":{"uv":[3.75,9.875,4.625,10.875],"rotation":0,"texture":"#0","tintindex":0},"north":{"uv":[7.75,8.0,9.0,9.0],"rotation":0,"texture":"#0","tintindex":0},"south":{"uv":[8.125,5.875,9.375,6.875],"rotation":0,"texture":"#0","tintindex":0},"up":{"uv":[6.5,9.75,5.25,8.875],"rotation":0,"texture":"#0","tintindex":0},"west":{"uv":[6.25,10.0,7.125,11.0],"rotation":0,"texture":"#0","tintindex":0}}}],"display":{"head":{"translation":[0.0,-6.4,0.0],"rotation":[0.0,0.0,0.0],"scale":[3.8095,3.8095,3.8095]}}}