{"textures":{"0":"modelengine:entity/medusa","1":"modelengine:entity/medusa_bow"},"elements":[{"name":"cube","from":[6.7699995,3.1999998,8.0],"to":[10.37,8.0,10.4],"rotation":{"angle":0.0,"axis":"x","origin":[9.8,11.6,10.4]},"faces":{"down":{"uv":[11.875,11.375,11.125,11.875],"rotation":0,"texture":"#0","tintindex":0},"east":{"uv":[4.125,10.875,4.625,11.875],"rotation":0,"texture":"#0","tintindex":0},"north":{"uv":[2.125,10.25,2.875,11.25],"rotation":0,"texture":"#0","tintindex":0},"south":{"uv":[10.375,5.875,11.125,6.875],"rotation":0,"texture":"#0","tintindex":0},"up":{"uv":[11.125,11.875,10.375,11.375],"rotation":0,"texture":"#0","tintindex":0},"west":{"uv":[6.25,11.0,6.75,12.0],"rotation":0,"texture":"#0","tintindex":0}}}],"display":{"head":{"translation":[0.0,-6.4,0.0],"rotation":[0.0,0.0,0.0],"scale":[3.8095,3.8095,3.8095]}}}