{"textures":{"0":"modelengine:entity/medusa","1":"modelengine:entity/medusa_bow"},"elements":[{"name":"cube","from":[4.37,3.2,8.0],"to":[11.57,8.0,13.400001],"rotation":{"angle":0.0,"axis":"x","origin":[8.0,11.6,10.4]},"faces":{"down":{"uv":[5.875,1.0,4.375,2.125],"rotation":0,"texture":"#0","tintindex":0},"east":{"uv":[1.125,8.625,2.25,9.625],"rotation":0,"texture":"#0","tintindex":0},"north":{"uv":[5.25,5.875,6.75,6.875],"rotation":0,"texture":"#0","tintindex":0},"south":{"uv":[0.0,6.25,1.5,7.25],"rotation":0,"texture":"#0","tintindex":0},"up":{"uv":[5.625,4.0,4.125,2.875],"rotation":0,"texture":"#0","tintindex":0},"west":{"uv":[2.25,8.625,3.375,9.625],"rotation":0,"texture":"#0","tintindex":0}}}],"display":{"head":{"translation":[0.0,-6.4,0.0],"rotation":[0.0,0.0,0.0],"scale":[3.8095,3.8095,3.8095]}}}