{"textures":{"0":"modelengine:entity/medusa","1":"modelengine:entity/medusa_bow"},"elements":[{"name":"cube","from":[5.5699997,3.1999998,8.0],"to":[10.37,8.0,11.0],"rotation":{"angle":0.0,"axis":"x","origin":[9.2,11.6,10.4]},"faces":{"down":{"uv":[8.125,10.75,7.125,11.375],"rotation":0,"texture":"#0","tintindex":0},"east":{"uv":[10.75,0.0,11.375,1.0],"rotation":0,"texture":"#0","tintindex":0},"north":{"uv":[9.5,4.875,10.5,5.875],"rotation":0,"texture":"#0","tintindex":0},"south":{"uv":[9.5,8.75,10.5,9.75],"rotation":0,"texture":"#0","tintindex":0},"up":{"uv":[2.5,4.0,1.5,3.375],"rotation":0,"texture":"#0","tintindex":0},"west":{"uv":[10.75,3.625,11.375,4.625],"rotation":0,"texture":"#0","tintindex":0}}}],"display":{"head":{"translation":[0.0,-6.4,0.0],"rotation":[0.0,0.0,0.0],"scale":[3.8095,3.8095,3.8095]}}}