{"textures":{"0":"modelengine:entity/medusa","1":"modelengine:entity/medusa_bow"},"elements":[{"name":"cube","from":[4.97,3.1999998,8.0],"to":[10.969999,8.0,12.2],"rotation":{"angle":0.0,"axis":"x","origin":[8.6,11.599999,10.4]},"faces":{"down":{"uv":[10.0,6.875,8.75,7.75],"rotation":0,"texture":"#0","tintindex":0},"east":{"uv":[2.875,9.875,3.75,10.875],"rotation":0,"texture":"#0","tintindex":0},"north":{"uv":[5.25,7.875,6.5,8.875],"rotation":0,"texture":"#0","tintindex":0},"south":{"uv":[6.5,8.0,7.75,9.0],"rotation":0,"texture":"#0","tintindex":0},"up":{"uv":[9.875,4.875,8.625,4.0],"rotation":0,"texture":"#0","tintindex":0},"west":{"uv":[9.875,3.625,10.75,4.625],"rotation":0,"texture":"#0","tintindex":0}}}],"display":{"head":{"translation":[0.0,-6.4,0.0],"rotation":[0.0,0.0,0.0],"scale":[3.8095,3.8095,3.8095]}}}