{"textures":{"0":"modelengine:entity/medusa","1":"modelengine:entity/medusa_bow"},"elements":[{"name":"cube","from":[4.6699996,3.1999998,8.0],"to":[11.27,8.0,12.8],"rotation":{"angle":0.0,"axis":"x","origin":[8.3,11.6,10.4]},"faces":{"down":{"uv":[7.625,6.875,6.25,7.875],"rotation":0,"texture":"#0","tintindex":0},"east":{"uv":[6.5,9.0,7.5,10.0],"rotation":0,"texture":"#0","tintindex":0},"north":{"uv":[3.5,6.625,4.875,7.625],"rotation":0,"texture":"#0","tintindex":0},"south":{"uv":[6.75,5.875,8.125,6.875],"rotation":0,"texture":"#0","tintindex":0},"up":{"uv":[6.25,7.875,4.875,6.875],"rotation":0,"texture":"#0","tintindex":0},"west":{"uv":[7.5,9.0,8.5,10.0],"rotation":0,"texture":"#0","tintindex":0}}}],"display":{"head":{"translation":[0.0,-6.4,0.0],"rotation":[0.0,0.0,0.0],"scale":[3.8095,3.8095,3.8095]}}}