{"textures":{"0":"modelengine:entity/amethystgolem"},"elements":[{"name":"cube","from":[5.8999996,8.0,4.7],"to":[11.900001,21.8,10.1],"rotation":{"angle":0.0,"axis":"x","origin":[11.3,5.6,2.8999999]},"faces":{"down":{"uv":[13.125,10.625,12.5,11.1875],"rotation":0,"texture":"#0","tintindex":0},"east":{"uv":[7.1875,10.3125,7.75,11.75],"rotation":0,"texture":"#0","tintindex":0},"north":{"uv":[9.75,1.625,10.375,3.0625],"rotation":0,"texture":"#0","tintindex":0},"south":{"uv":[9.9375,4.75,10.5625,6.1875],"rotation":0,"texture":"#0","tintindex":0},"up":{"uv":[13.125,5.9375,12.5,5.375],"rotation":0,"texture":"#0","tintindex":0},"west":{"uv":[10.375,1.375,10.9375,2.8125],"rotation":0,"texture":"#0","tintindex":0}}}],"display":{"head":{"translation":[0.0,-6.4,0.0],"rotation":[0.0,0.0,0.0],"scale":[3.8095,3.8095,3.8095]}}}