{"textures":{"0":"modelengine:entity/glume_parts"},"elements":[{"name":"cube","from":[8.0,8.0,8.0],"to":[8.6,8.6,8.6],"rotation":{"angle":0.0,"axis":"x","origin":[8.0,8.0,8.0]},"faces":{"down":{"uv":[11.25,1.75,12.0,2.5],"rotation":0,"texture":"#0","tintindex":0},"east":{"uv":[11.25,1.75,12.0,2.5],"rotation":0,"texture":"#0","tintindex":0},"north":{"uv":[11.25,1.75,12.0,2.5],"rotation":0,"texture":"#0","tintindex":0},"south":{"uv":[11.25,1.75,12.0,2.5],"rotation":0,"texture":"#0","tintindex":0},"up":{"uv":[11.25,1.75,12.0,2.5],"rotation":0,"texture":"#0","tintindex":0},"west":{"uv":[11.25,1.75,12.0,2.5],"rotation":0,"texture":"#0","tintindex":0}}}],"display":{"head":{"translation":[0.0,-6.4,0.0],"rotation":[0.0,0.0,0.0],"scale":[3.8095,3.8095,3.8095]}}}