{"textures":{"0":"modelengine:entity/glume_parts"},"elements":[{"name":"cube","from":[8.0,8.0,5.0],"to":[8.0,13.400001,11.0],"rotation":{"angle":0.0,"axis":"x","origin":[8.0,10.700001,8.0]},"faces":{"down":{"uv":[2.5,0.0,0.0,0.0],"rotation":270,"texture":"#0","tintindex":0},"east":{"uv":[3.0,0.0,5.5,2.25],"rotation":0,"texture":"#0","tintindex":0},"north":{"uv":[0.0,0.0,0.0,2.25],"rotation":0,"texture":"#0","tintindex":0},"south":{"uv":[0.0,0.0,0.0,2.25],"rotation":0,"texture":"#0","tintindex":0},"up":{"uv":[2.5,0.0,0.0,0.0],"rotation":90,"texture":"#0","tintindex":0},"west":{"uv":[3.0,0.0,5.5,2.25],"rotation":0,"texture":"#0","tintindex":0}}},{"name":"cube","from":[5.0,8.0,8.0],"to":[11.0,13.400001,8.0],"rotation":{"angle":0.0,"axis":"x","origin":[8.0,8.0,8.0]},"faces":{"down":{"uv":[2.5,0.0,0.0,0.0],"rotation":0,"texture":"#0","tintindex":0},"east":{"uv":[0.0,0.0,0.0,2.25],"rotation":0,"texture":"#0","tintindex":0},"north":{"uv":[3.0,0.0,5.5,2.25],"rotation":0,"texture":"#0","tintindex":0},"south":{"uv":[3.0,0.0,5.5,2.25],"rotation":0,"texture":"#0","tintindex":0},"up":{"uv":[2.5,0.0,0.0,0.0],"rotation":0,"texture":"#0","tintindex":0},"west":{"uv":[0.0,0.0,0.0,2.25],"rotation":0,"texture":"#0","tintindex":0}}}],"display":{"head":{"translation":[0.0,-6.4,0.0],"rotation":[0.0,0.0,0.0],"scale":[3.8095,3.8095,3.8095]}}}