{"textures":{"0":"modelengine:entity/glume_parts"},"elements":[{"name":"cube","from":[4.3999996,11.0,4.3999996],"to":[11.6,12.8,11.6],"rotation":{"angle":0.0,"axis":"x","origin":[8.0,11.6,8.0]},"faces":{"down":{"uv":[3.0,3.0,0.0,6.0],"rotation":0,"texture":"#0","tintindex":0},"east":{"uv":[0.0,6.0,3.0,6.75],"rotation":0,"texture":"#0","tintindex":0},"north":{"uv":[5.5,3.5,8.5,4.25],"rotation":0,"texture":"#0","tintindex":0},"south":{"uv":[3.0,6.5,6.0,7.25],"rotation":0,"texture":"#0","tintindex":0},"up":{"uv":[3.0,3.0,0.0,0.0],"rotation":0,"texture":"#0","tintindex":0},"west":{"uv":[6.0,6.5,9.0,7.25],"rotation":0,"texture":"#0","tintindex":0}}},{"name":"cube","from":[5.6,12.2,5.6],"to":[10.4,14.6,10.4],"rotation":{"angle":0.0,"axis":"x","origin":[8.0,11.6,8.0]},"faces":{"down":{"uv":[7.0,4.5,5.0,6.5],"rotation":0,"texture":"#0","tintindex":0},"east":{"uv":[7.0,4.25,9.0,5.25],"rotation":0,"texture":"#0","tintindex":0},"north":{"uv":[0.0,6.75,2.0,7.75],"rotation":0,"texture":"#0","tintindex":0},"south":{"uv":[7.0,5.25,9.0,6.25],"rotation":0,"texture":"#0","tintindex":0},"up":{"uv":[5.0,6.5,3.0,4.5],"rotation":0,"texture":"#0","tintindex":0},"west":{"uv":[7.25,0.0,9.25,1.0],"rotation":0,"texture":"#0","tintindex":0}}},{"name":"cube","from":[6.8,8.0,6.8],"to":[9.2,11.0,9.2],"rotation":{"angle":0.0,"axis":"x","origin":[8.0,11.6,8.0]},"faces":{"down":{"uv":[1.0,7.75,0.0,8.75],"rotation":0,"texture":"#0","tintindex":0},"east":{"uv":[7.25,1.0,8.25,2.25],"rotation":0,"texture":"#0","tintindex":0},"north":{"uv":[2.0,6.75,3.0,8.0],"rotation":0,"texture":"#0","tintindex":0},"south":{"uv":[7.25,2.25,8.25,3.5],"rotation":0,"texture":"#0","tintindex":0},"up":{"uv":[8.0,8.25,7.0,7.25],"rotation":0,"texture":"#0","tintindex":0},"west":{"uv":[3.0,7.25,4.0,8.5],"rotation":0,"texture":"#0","tintindex":0}}}],"display":{"head":{"translation":[0.0,-6.4,0.0],"rotation":[0.0,0.0,0.0],"scale":[3.8095,3.8095,3.8095]}}}