{"textures":{"0":"modelengine:entity/glume_parts"},"elements":[{"name":"cube","from":[5.8999996,9.8,5.8999996],"to":[10.1,11.0,10.1],"rotation":{"angle":0.0,"axis":"x","origin":[7.7,8.0,1.0999997]},"faces":{"down":{"uv":[7.25,1.75,5.5,3.5],"rotation":0,"texture":"#0","tintindex":0},"east":{"uv":[8.0,7.25,9.75,7.75],"rotation":0,"texture":"#0","tintindex":0},"north":{"uv":[1.0,8.0,2.75,8.5],"rotation":0,"texture":"#0","tintindex":0},"south":{"uv":[8.0,7.75,9.75,8.25],"rotation":0,"texture":"#0","tintindex":0},"up":{"uv":[7.25,1.75,5.5,0.0],"rotation":0,"texture":"#0","tintindex":0},"west":{"uv":[8.25,1.0,10.0,1.5],"rotation":0,"texture":"#0","tintindex":0}}},{"name":"cube","from":[7.1,8.0,7.1],"to":[8.9,11.6,8.9],"rotation":{"angle":0.0,"axis":"x","origin":[7.7,8.0,1.0999997]},"faces":{"down":{"uv":[9.0,2.25,8.25,3.0],"rotation":0,"texture":"#0","tintindex":0},"east":{"uv":[4.75,7.25,5.5,8.75],"rotation":0,"texture":"#0","tintindex":0},"north":{"uv":[4.0,7.25,4.75,8.75],"rotation":0,"texture":"#0","tintindex":0},"south":{"uv":[5.5,7.25,6.25,8.75],"rotation":0,"texture":"#0","tintindex":0},"up":{"uv":[9.0,2.25,8.25,1.5],"rotation":0,"texture":"#0","tintindex":0},"west":{"uv":[6.25,7.25,7.0,8.75],"rotation":0,"texture":"#0","tintindex":0}}}],"display":{"head":{"translation":[0.0,-6.4,0.0],"rotation":[0.0,0.0,0.0],"scale":[3.8095,3.8095,3.8095]}}}