{"textures":{"0":"modelengine:entity/bonfire_lit","1":"modelengine:entity/bonfire"},"elements":[{"name":"cube","from":[6.5,7.94,16.400002],"to":[7.7,24.740002,18.8],"rotation":{"angle":-22.5,"axis":"x","origin":[7.1,7.94,17.6]},"faces":{"down":{"uv":[13.0,10.5,12.0,11.0],"rotation":270,"texture":"#0","tintindex":0},"east":{"uv":[8.0,7.0,9.0,14.0],"rotation":0,"texture":"#0","tintindex":0},"north":{"uv":[12.0,0.0,12.5,7.0],"rotation":0,"texture":"#0","tintindex":0},"south":{"uv":[11.5,0.0,12.0,7.0],"rotation":0,"texture":"#0","tintindex":0},"up":{"uv":[13.0,10.5,12.0,10.0],"rotation":90,"texture":"#0","tintindex":0},"west":{"uv":[9.0,7.0,10.0,14.0],"rotation":0,"texture":"#0","tintindex":0}}},{"name":"cube","from":[-0.7000003,7.94,1.9999998],"to":[18.5,7.94,21.2],"rotation":{"angle":0.0,"axis":"x","origin":[8.9,7.94,11.6]},"faces":{"down":{"uv":[8.0,8.0,0.0,16.0],"rotation":0,"texture":"#0","tintindex":0},"east":{"uv":[0.0,0.0,8.0,0.0],"rotation":0,"texture":"#0","tintindex":0},"north":{"uv":[0.0,0.0,8.0,0.0],"rotation":0,"texture":"#0","tintindex":0},"south":{"uv":[0.0,0.0,8.0,0.0],"rotation":0,"texture":"#0","tintindex":0},"up":{"uv":[8.0,8.0,0.0,0.0],"rotation":0,"texture":"#0","tintindex":0},"west":{"uv":[0.0,0.0,8.0,0.0],"rotation":0,"texture":"#0","tintindex":0}}},{"name":"cube","from":[13.7,7.94,12.8],"to":[16.1,24.740002,14.0],"rotation":{"angle":22.5,"axis":"z","origin":[14.900001,7.94,13.400001]},"faces":{"down":{"uv":[13.0,10.5,12.0,11.0],"rotation":0,"texture":"#0","tintindex":0},"east":{"uv":[11.5,0.0,12.0,7.0],"rotation":0,"texture":"#0","tintindex":0},"north":{"uv":[8.0,7.0,9.0,14.0],"rotation":0,"texture":"#0","tintindex":0},"south":{"uv":[9.0,7.0,10.0,14.0],"rotation":0,"texture":"#0","tintindex":0},"up":{"uv":[13.0,10.5,12.0,10.0],"rotation":0,"texture":"#0","tintindex":0},"west":{"uv":[12.0,0.0,12.5,7.0],"rotation":0,"texture":"#0","tintindex":0}}},{"name":"cube","from":[10.1,7.94,16.400002],"to":[11.3,19.939999,18.8],"rotation":{"angle":-22.5,"axis":"x","origin":[10.700001,7.94,17.6]},"faces":{"down":{"uv":[13.0,5.0,12.5,6.0],"rotation":0,"texture":"#0","tintindex":0},"east":{"uv":[10.0,7.0,11.0,12.0],"rotation":0,"texture":"#0","tintindex":0},"north":{"uv":[12.5,0.0,13.0,5.0],"rotation":0,"texture":"#0","tintindex":0},"south":{"uv":[13.0,0.0,13.5,5.0],"rotation":0,"texture":"#0","tintindex":0},"up":{"uv":[12.5,12.0,12.0,11.0],"rotation":0,"texture":"#0","tintindex":0},"west":{"uv":[11.0,7.0,12.0,12.0],"rotation":0,"texture":"#0","tintindex":0}}},{"name":"cube","from":[4.7,7.94,7.4],"to":[13.1,10.34,15.8],"rotation":{"angle":0.0,"axis":"x","origin":[9.5,7.94,12.2]},"faces":{"down":{"uv":[11.5,3.5,8.0,7.0],"rotation":0,"texture":"#0","tintindex":0},"east":{"uv":[12.0,8.0,15.5,9.0],"rotation":0,"texture":"#0","tintindex":0},"north":{"uv":[12.0,7.0,15.5,8.0],"rotation":0,"texture":"#0","tintindex":0},"south":{"uv":[12.0,9.0,15.5,10.0],"rotation":0,"texture":"#0","tintindex":0},"up":{"uv":[11.5,3.5,8.0,0.0],"rotation":0,"texture":"#0","tintindex":0},"west":{"uv":[10.0,12.0,13.5,13.0],"rotation":0,"texture":"#0","tintindex":0}}},{"name":"cube","from":[1.6999998,7.94,10.4],"to":[4.1,19.939999,11.6],"rotation":{"angle":-22.5,"axis":"z","origin":[2.8999999,7.94,11.0]},"faces":{"down":{"uv":[13.0,5.0,12.5,6.0],"rotation":270,"texture":"#0","tintindex":0},"east":{"uv":[12.5,0.0,13.0,5.0],"rotation":0,"texture":"#0","tintindex":0},"north":{"uv":[11.0,7.0,12.0,12.0],"rotation":0,"texture":"#0","tintindex":0},"south":{"uv":[10.0,7.0,11.0,12.0],"rotation":0,"texture":"#0","tintindex":0},"up":{"uv":[12.5,12.0,12.0,11.0],"rotation":90,"texture":"#0","tintindex":0},"west":{"uv":[13.0,0.0,13.5,5.0],"rotation":0,"texture":"#0","tintindex":0}}},{"name":"cube","from":[7.7,7.94,4.3999996],"to":[8.9,24.740002,6.8],"rotation":{"angle":22.5,"axis":"x","origin":[8.3,7.94,5.6]},"faces":{"down":{"uv":[12.0,10.5,13.0,11.0],"rotation":270,"texture":"#0","tintindex":0},"east":{"uv":[9.0,7.0,8.0,14.0],"rotation":0,"texture":"#0","tintindex":0},"north":{"uv":[12.0,0.0,11.5,7.0],"rotation":0,"texture":"#0","tintindex":0},"south":{"uv":[12.5,0.0,12.0,7.0],"rotation":0,"texture":"#0","tintindex":0},"up":{"uv":[12.0,10.5,13.0,10.0],"rotation":90,"texture":"#0","tintindex":0},"west":{"uv":[10.0,7.0,9.0,14.0],"rotation":0,"texture":"#0","tintindex":0}}}],"display":{"head":{"translation":[0.0,-6.4,0.0],"rotation":[0.0,0.0,0.0],"scale":[3.8095,3.8095,3.8095]}}}