{"textures":{"0":"modelengine:entity/redstonegolem"},"elements":[{"name":"cube","from":[4.1,8.0,4.1],"to":[11.900001,14.6,15.5],"rotation":{"angle":0.0,"axis":"x","origin":[8.3,-2.8000002,8.3]},"faces":{"down":{"uv":[9.4375,9.375,8.625,10.5625],"rotation":0,"texture":"#0","tintindex":0},"east":{"uv":[10.3125,0.0,11.5,0.6875],"rotation":0,"texture":"#0","tintindex":0},"north":{"uv":[8.625,11.5625,9.4375,12.25],"rotation":0,"texture":"#0","tintindex":0},"south":{"uv":[11.625,2.6875,12.4375,3.375],"rotation":0,"texture":"#0","tintindex":0},"up":{"uv":[3.0,10.25,2.1875,9.0625],"rotation":0,"texture":"#0","tintindex":0},"west":{"uv":[10.3125,0.6875,11.5,1.375],"rotation":0,"texture":"#0","tintindex":0}}}],"display":{"head":{"translation":[0.0,-6.4,0.0],"rotation":[0.0,0.0,0.0],"scale":[3.8095,3.8095,3.8095]}}}