{"textures":{"0":"modelengine:entity/redstonegolem"},"elements":[{"name":"cube","from":[6.5,8.0,4.7],"to":[11.900001,23.600002,9.5],"rotation":{"angle":0.0,"axis":"x","origin":[6.159001,8.370038,7.6899123]},"faces":{"down":{"uv":[13.375,7.25,12.8125,7.75],"rotation":0,"texture":"#0","tintindex":0},"east":{"uv":[10.3125,3.0625,10.8125,4.6875],"rotation":0,"texture":"#0","tintindex":0},"north":{"uv":[0.0,9.625,0.5625,11.25],"rotation":0,"texture":"#0","tintindex":0},"south":{"uv":[9.75,0.0,10.3125,1.625],"rotation":0,"texture":"#0","tintindex":0},"up":{"uv":[5.9375,13.3125,5.375,12.8125],"rotation":0,"texture":"#0","tintindex":0},"west":{"uv":[6.6875,10.3125,7.1875,11.9375],"rotation":0,"texture":"#0","tintindex":0}}}],"display":{"head":{"translation":[0.0,-6.4,0.0],"rotation":[0.0,0.0,0.0],"scale":[3.8095,3.8095,3.8095]}}}