{"textures":{"0":"modelengine:entity/diamondshard"},"elements":[{"name":"cube","from":[8.3,5.6,6.5],"to":[9.5,9.2,9.5],"rotation":{"angle":0.0,"axis":"x","origin":[5.6,-3.4000006,7.4]},"faces":{"down":{"uv":[4.0,12.0,3.5,13.25],"rotation":0,"texture":"#0","tintindex":0},"east":{"uv":[9.25,7.5,10.5,9.0],"rotation":0,"texture":"#0","tintindex":0},"north":{"uv":[2.0,11.25,2.5,12.75],"rotation":0,"texture":"#0","tintindex":0},"south":{"uv":[10.75,11.25,11.25,12.75],"rotation":0,"texture":"#0","tintindex":0},"up":{"uv":[12.5,2.75,12.0,1.5],"rotation":0,"texture":"#0","tintindex":0},"west":{"uv":[9.25,9.0,10.5,10.5],"rotation":0,"texture":"#0","tintindex":0}}}],"display":{"head":{"translation":[0.0,-6.4,0.0],"rotation":[0.0,0.0,0.0],"scale":[3.8095,3.8095,3.8095]}}}