{"textures":{"0":"modelengine:entity/direwolfbite"},"elements":[{"name":"cube","from":[5.45,7.4,-0.04852891],"to":[10.25,10.4,-0.04852891],"rotation":{"angle":0.0,"axis":"x","origin":[9.65,7.4,0.55147123]},"faces":{"down":{"uv":[4.0,0.0,0.0,0.0],"rotation":0,"texture":"#0","tintindex":0},"east":{"uv":[0.0,0.0,0.0,2.5],"rotation":0,"texture":"#0","tintindex":0},"north":{"uv":[6.0,0.0,10.0,2.5],"rotation":0,"texture":"#0","tintindex":0},"south":{"uv":[6.0,0.0,10.0,2.5],"rotation":0,"texture":"#0","tintindex":0},"up":{"uv":[4.0,0.0,0.0,0.0],"rotation":0,"texture":"#0","tintindex":0},"west":{"uv":[0.0,0.0,0.0,2.5],"rotation":0,"texture":"#0","tintindex":0}}},{"name":"cube","from":[13.530511,7.4,2.5892253],"to":[13.530511,10.4,7.389225],"rotation":{"angle":22.5,"axis":"y","origin":[12.9305105,7.4,4.389225]},"faces":{"down":{"uv":[0.0,0.0,0.0,4.0],"rotation":0,"texture":"#0","tintindex":0},"east":{"uv":[0.0,4.5,4.0,7.0],"rotation":0,"texture":"#0","tintindex":0},"north":{"uv":[0.0,0.0,0.0,2.5],"rotation":0,"texture":"#0","tintindex":0},"south":{"uv":[0.0,0.0,0.0,2.5],"rotation":0,"texture":"#0","tintindex":0},"up":{"uv":[0.0,4.0,0.0,0.0],"rotation":0,"texture":"#0","tintindex":0},"west":{"uv":[0.0,4.5,4.0,7.0],"rotation":0,"texture":"#0","tintindex":0}}},{"name":"cube","from":[2.1690645,7.4,2.5894003],"to":[2.1690645,10.4,7.3894005],"rotation":{"angle":-22.5,"axis":"y","origin":[2.7690644,7.4,4.3894005]},"faces":{"down":{"uv":[0.0,0.0,0.0,4.0],"rotation":0,"texture":"#0","tintindex":0},"east":{"uv":[4.0,4.5,0.0,7.0],"rotation":0,"texture":"#0","tintindex":0},"north":{"uv":[0.0,0.0,0.0,2.5],"rotation":0,"texture":"#0","tintindex":0},"south":{"uv":[0.0,0.0,0.0,2.5],"rotation":0,"texture":"#0","tintindex":0},"up":{"uv":[0.0,4.0,0.0,0.0],"rotation":0,"texture":"#0","tintindex":0},"west":{"uv":[4.0,4.5,0.0,7.0],"rotation":0,"texture":"#0","tintindex":0}}},{"name":"cube","from":[10.85,5.0,0.19999981],"to":[10.85,10.4,3.7999995],"rotation":{"angle":45.0,"axis":"y","origin":[10.25,7.4,0.7999997]},"faces":{"down":{"uv":[0.0,0.0,0.0,3.0],"rotation":0,"texture":"#0","tintindex":0},"east":{"uv":[0.0,0.0,3.0,4.5],"rotation":0,"texture":"#0","tintindex":0},"north":{"uv":[0.0,0.0,0.0,4.5],"rotation":0,"texture":"#0","tintindex":0},"south":{"uv":[0.0,0.0,0.0,4.5],"rotation":0,"texture":"#0","tintindex":0},"up":{"uv":[0.0,3.0,0.0,0.0],"rotation":0,"texture":"#0","tintindex":0},"west":{"uv":[0.0,0.0,3.0,4.5],"rotation":0,"texture":"#0","tintindex":0}}},{"name":"cube","from":[4.8495755,5.0,0.20017529],"to":[4.8495755,10.4,3.8001754],"rotation":{"angle":-45.0,"axis":"y","origin":[5.4495754,7.4,0.8001754]},"faces":{"down":{"uv":[0.0,0.0,0.0,3.0],"rotation":0,"texture":"#0","tintindex":0},"east":{"uv":[3.0,0.0,0.0,4.5],"rotation":0,"texture":"#0","tintindex":0},"north":{"uv":[0.0,0.0,0.0,4.5],"rotation":0,"texture":"#0","tintindex":0},"south":{"uv":[0.0,0.0,0.0,4.5],"rotation":0,"texture":"#0","tintindex":0},"up":{"uv":[0.0,3.0,0.0,0.0],"rotation":0,"texture":"#0","tintindex":0},"west":{"uv":[3.0,0.0,0.0,4.5],"rotation":0,"texture":"#0","tintindex":0}}}],"display":{"head":{"translation":[0.0,-6.4,0.0],"rotation":[0.0,0.0,0.0],"scale":[3.8095,3.8095,3.8095]}}}