{"textures":{"0":"modelengine:entity/emeraldshard"},"elements":[{"name":"cube","from":[5.6,7.4,6.5],"to":[10.4,10.4,8.9],"rotation":{"angle":0.0,"axis":"x","origin":[8.0,-5.8,8.0]},"faces":{"down":{"uv":[11.25,6.5,9.25,7.5],"rotation":0,"texture":"#0","tintindex":0},"east":{"uv":[3.75,10.75,4.75,12.0],"rotation":0,"texture":"#0","tintindex":0},"north":{"uv":[6.0,7.75,8.0,9.0],"rotation":0,"texture":"#0","tintindex":0},"south":{"uv":[8.0,5.25,10.0,6.5],"rotation":0,"texture":"#0","tintindex":0},"up":{"uv":[11.25,4.5,9.25,3.5],"rotation":0,"texture":"#0","tintindex":0},"west":{"uv":[4.75,10.75,5.75,12.0],"rotation":0,"texture":"#0","tintindex":0}}},{"name":"cube","from":[5.6,6.2,4.7],"to":[10.4,10.4,6.5],"rotation":{"angle":0.0,"axis":"x","origin":[8.0,-5.8,8.0]},"faces":{"down":{"uv":[6.5,10.0,4.5,10.75],"rotation":0,"texture":"#0","tintindex":0},"east":{"uv":[9.25,10.5,10.0,12.25],"rotation":0,"texture":"#0","tintindex":0},"north":{"uv":[7.25,3.5,9.25,5.25],"rotation":0,"texture":"#0","tintindex":0},"south":{"uv":[0.0,7.75,2.0,9.5],"rotation":0,"texture":"#0","tintindex":0},"up":{"uv":[4.5,10.75,2.5,10.0],"rotation":0,"texture":"#0","tintindex":0},"west":{"uv":[10.5,9.5,11.25,11.25],"rotation":0,"texture":"#0","tintindex":0}}},{"name":"cube","from":[5.0,8.0,4.1],"to":[11.0,9.8,6.5],"rotation":{"angle":0.0,"axis":"x","origin":[8.0,-5.8,8.0]},"faces":{"down":{"uv":[7.0,9.0,4.5,10.0],"rotation":0,"texture":"#0","tintindex":0},"east":{"uv":[6.5,11.75,7.5,12.5],"rotation":0,"texture":"#0","tintindex":0},"north":{"uv":[9.25,4.5,11.75,5.25],"rotation":0,"texture":"#0","tintindex":0},"south":{"uv":[9.5,1.5,12.0,2.25],"rotation":0,"texture":"#0","tintindex":0},"up":{"uv":[4.5,10.0,2.0,9.0],"rotation":0,"texture":"#0","tintindex":0},"west":{"uv":[7.5,11.75,8.5,12.5],"rotation":0,"texture":"#0","tintindex":0}}}],"display":{"head":{"translation":[0.0,-6.4,0.0],"rotation":[0.0,0.0,0.0],"scale":[3.8095,3.8095,3.8095]}}}