{"textures":{"0":"modelengine:entity/emeraldshard"},"elements":[{"name":"cube","from":[5.0,5.6,7.1],"to":[8.0,8.6,9.5],"rotation":{"angle":0.0,"axis":"x","origin":[8.9,2.6,10.4]},"faces":{"down":{"uv":[2.5,10.75,3.75,11.75],"rotation":0,"texture":"#0","tintindex":0},"east":{"uv":[11.75,0.0,10.75,1.25],"rotation":0,"texture":"#0","tintindex":0},"north":{"uv":[10.75,2.25,9.5,3.5],"rotation":0,"texture":"#0","tintindex":0},"south":{"uv":[2.5,10.0,1.25,11.25],"rotation":0,"texture":"#0","tintindex":0},"up":{"uv":[10.75,3.25,12.0,2.25],"rotation":0,"texture":"#0","tintindex":0},"west":{"uv":[8.0,9.0,7.0,10.25],"rotation":0,"texture":"#0","tintindex":0}}}],"display":{"head":{"translation":[0.0,-6.4,0.0],"rotation":[0.0,0.0,0.0],"scale":[3.8095,3.8095,3.8095]}}}