{"textures":{"0":"modelengine:entity/medusa_bow_stone","1":"modelengine:entity/medusa_stone"},"elements":[{"name":"cube","from":[5.2699995,3.1999998,8.0],"to":[10.67,8.0,11.6],"rotation":{"angle":0.0,"axis":"x","origin":[8.9,11.6,10.4]},"faces":{"down":{"uv":[9.375,10.0,8.25,10.75],"rotation":0,"texture":"#1","tintindex":0},"east":{"uv":[0.0,10.25,0.75,11.25],"rotation":0,"texture":"#1","tintindex":0},"north":{"uv":[8.625,3.0,9.75,4.0],"rotation":0,"texture":"#1","tintindex":0},"south":{"uv":[8.75,0.0,9.875,1.0],"rotation":0,"texture":"#1","tintindex":0},"up":{"uv":[11.125,8.375,10.0,7.625],"rotation":0,"texture":"#1","tintindex":0},"west":{"uv":[1.375,10.25,2.125,11.25],"rotation":0,"texture":"#1","tintindex":0}}}],"display":{"head":{"translation":[0.0,-6.4,0.0],"rotation":[0.0,0.0,0.0],"scale":[3.8095,3.8095,3.8095]}}}