{"textures":{"0":"modelengine:entity/medusa_bow_stone","1":"modelengine:entity/medusa_stone"},"elements":[{"name":"cube","from":[4.6699996,3.1999998,8.0],"to":[11.27,8.0,12.8],"rotation":{"angle":0.0,"axis":"x","origin":[8.3,11.6,10.4]},"faces":{"down":{"uv":[1.375,7.25,0.0,8.25],"rotation":0,"texture":"#1","tintindex":0},"east":{"uv":[9.0,7.75,10.0,8.75],"rotation":0,"texture":"#1","tintindex":0},"north":{"uv":[7.0,4.875,8.375,5.875],"rotation":0,"texture":"#1","tintindex":0},"south":{"uv":[7.125,1.875,8.5,2.875],"rotation":0,"texture":"#1","tintindex":0},"up":{"uv":[8.5,3.875,7.125,2.875],"rotation":0,"texture":"#1","tintindex":0},"west":{"uv":[8.5,9.0,9.5,10.0],"rotation":0,"texture":"#1","tintindex":0}}}],"display":{"head":{"translation":[0.0,-6.4,0.0],"rotation":[0.0,0.0,0.0],"scale":[3.8095,3.8095,3.8095]}}}