{"textures":{"0":"modelengine:entity/stone_player"},"elements":[{"name":"head","from":[5.6,8.0,5.6],"to":[10.4,12.8,10.4],"rotation":{"angle":0.0,"axis":"x","origin":[8.0,-6.4000006,8.0]},"faces":{"down":{"uv":[6.0,0.0,4.0,2.0],"rotation":0,"texture":"#0","tintindex":0},"east":{"uv":[0.0,2.0,2.0,4.0],"rotation":0,"texture":"#0","tintindex":0},"north":{"uv":[2.0,2.0,4.0,4.0],"rotation":0,"texture":"#0","tintindex":0},"south":{"uv":[6.0,2.0,8.0,4.0],"rotation":0,"texture":"#0","tintindex":0},"up":{"uv":[4.0,2.0,2.0,0.0],"rotation":0,"texture":"#0","tintindex":0},"west":{"uv":[4.0,2.0,6.0,4.0],"rotation":0,"texture":"#0","tintindex":0}}},{"name":"right_arm","from":[10.4,0.7999997,6.8],"to":[12.8,8.0,9.2],"rotation":{"angle":22.5,"axis":"x","origin":[10.4,7.4,8.0]},"faces":{"down":{"uv":[9.0,4.0,8.0,5.0],"rotation":0,"texture":"#0","tintindex":0},"east":{"uv":[6.0,5.0,7.0,8.0],"rotation":0,"texture":"#0","tintindex":0},"north":{"uv":[7.0,5.0,8.0,8.0],"rotation":0,"texture":"#0","tintindex":0},"south":{"uv":[9.0,5.0,10.0,8.0],"rotation":0,"texture":"#0","tintindex":0},"up":{"uv":[8.0,5.0,7.0,4.0],"rotation":0,"texture":"#0","tintindex":0},"west":{"uv":[8.0,5.0,9.0,8.0],"rotation":0,"texture":"#0","tintindex":0}}},{"name":"right_leg","from":[8.0,-6.4000006,6.8],"to":[10.4,0.7999997,9.2],"rotation":{"angle":-22.5,"axis":"x","origin":[9.2,0.7999997,8.0]},"faces":{"down":{"uv":[3.0,8.0,2.0,9.0],"rotation":0,"texture":"#0","tintindex":0},"east":{"uv":[0.0,9.0,1.0,12.0],"rotation":0,"texture":"#0","tintindex":0},"north":{"uv":[1.0,9.0,2.0,12.0],"rotation":0,"texture":"#0","tintindex":0},"south":{"uv":[3.0,9.0,4.0,12.0],"rotation":0,"texture":"#0","tintindex":0},"up":{"uv":[2.0,9.0,1.0,8.0],"rotation":0,"texture":"#0","tintindex":0},"west":{"uv":[2.0,9.0,3.0,12.0],"rotation":0,"texture":"#0","tintindex":0}}},{"name":"right_arm","from":[3.1999998,0.7999997,6.8],"to":[5.6,8.0,9.2],"rotation":{"angle":-22.5,"axis":"x","origin":[5.6,7.4,8.0]},"faces":{"down":{"uv":[8.0,4.0,9.0,5.0],"rotation":0,"texture":"#0","tintindex":0},"east":{"uv":[9.0,5.0,8.0,8.0],"rotation":0,"texture":"#0","tintindex":0},"north":{"uv":[8.0,5.0,7.0,8.0],"rotation":0,"texture":"#0","tintindex":0},"south":{"uv":[10.0,5.0,9.0,8.0],"rotation":0,"texture":"#0","tintindex":0},"up":{"uv":[7.0,5.0,8.0,4.0],"rotation":0,"texture":"#0","tintindex":0},"west":{"uv":[7.0,5.0,6.0,8.0],"rotation":0,"texture":"#0","tintindex":0}}},{"name":"right_leg","from":[5.6,-6.4000006,6.8],"to":[8.0,0.7999997,9.2],"rotation":{"angle":22.5,"axis":"x","origin":[6.8,0.7999997,8.0]},"faces":{"down":{"uv":[2.0,8.0,3.0,9.0],"rotation":0,"texture":"#0","tintindex":0},"east":{"uv":[3.0,9.0,2.0,12.0],"rotation":0,"texture":"#0","tintindex":0},"north":{"uv":[2.0,9.0,1.0,12.0],"rotation":0,"texture":"#0","tintindex":0},"south":{"uv":[4.0,9.0,3.0,12.0],"rotation":0,"texture":"#0","tintindex":0},"up":{"uv":[1.0,9.0,2.0,8.0],"rotation":0,"texture":"#0","tintindex":0},"west":{"uv":[1.0,9.0,0.0,12.0],"rotation":0,"texture":"#0","tintindex":0}}},{"name":"body","from":[5.6,0.7999997,6.8],"to":[10.4,8.0,9.2],"rotation":{"angle":0.0,"axis":"x","origin":[8.0,-6.4000006,8.0]},"faces":{"down":{"uv":[5.0,4.0,3.0,5.0],"rotation":0,"texture":"#0","tintindex":0},"east":{"uv":[0.0,5.0,1.0,8.0],"rotation":0,"texture":"#0","tintindex":0},"north":{"uv":[1.0,5.0,3.0,8.0],"rotation":0,"texture":"#0","tintindex":0},"south":{"uv":[4.0,5.0,6.0,8.0],"rotation":0,"texture":"#0","tintindex":0},"up":{"uv":[3.0,5.0,1.0,4.0],"rotation":0,"texture":"#0","tintindex":0},"west":{"uv":[3.0,5.0,4.0,8.0],"rotation":0,"texture":"#0","tintindex":0}}}],"display":{"head":{"translation":[0.0,-6.4,0.0],"rotation":[0.0,0.0,0.0],"scale":[3.8095,3.8095,3.8095]}}}