{"textures":{"0":"modelengine:entity/firebat"},"elements":[{"name":"cube","from":[5.0,6.2,5.6],"to":[11.0,10.4,10.4],"rotation":{"angle":0.0,"axis":"x","origin":[8.6,4.3999996,5.6]},"faces":{"down":{"uv":[5.0,3.25,2.5,5.25],"rotation":0,"texture":"#0","tintindex":0},"east":{"uv":[0.0,7.25,2.0,9.0],"rotation":0,"texture":"#0","tintindex":0},"north":{"uv":[2.5,5.25,5.0,7.0],"rotation":0,"texture":"#0","tintindex":0},"south":{"uv":[7.0,0.0,9.5,1.75],"rotation":0,"texture":"#0","tintindex":0},"up":{"uv":[2.5,5.25,0.0,3.25],"rotation":0,"texture":"#0","tintindex":0},"west":{"uv":[7.5,4.75,9.5,6.5],"rotation":0,"texture":"#0","tintindex":0}}},{"name":"cube","from":[5.1499996,5.0,5.75],"to":[10.85,6.2,9.2],"rotation":{"angle":0.0,"axis":"x","origin":[8.6,4.3999996,5.6]},"faces":{"down":{"uv":[7.5,7.0,5.0,8.5],"rotation":0,"texture":"#0","tintindex":0},"east":{"uv":[9.5,5.0,11.0,5.5],"rotation":0,"texture":"#0","tintindex":0},"north":{"uv":[2.0,9.25,4.5,9.75],"rotation":0,"texture":"#0","tintindex":0},"south":{"uv":[4.5,9.25,7.0,9.75],"rotation":0,"texture":"#0","tintindex":0},"up":{"uv":[9.5,4.75,7.0,3.25],"rotation":0,"texture":"#0","tintindex":0},"west":{"uv":[9.5,5.5,11.0,6.0],"rotation":0,"texture":"#0","tintindex":0}}},{"name":"cube","from":[6.2,6.8,5.0],"to":[9.8,9.8,5.6],"rotation":{"angle":0.0,"axis":"x","origin":[8.6,4.3999996,5.6]},"faces":{"down":{"uv":[11.0,6.0,9.5,6.25],"rotation":0,"texture":"#0","tintindex":0},"east":{"uv":[2.5,9.75,2.75,11.0],"rotation":0,"texture":"#0","tintindex":0},"north":{"uv":[7.5,6.5,9.0,7.75],"rotation":0,"texture":"#0","tintindex":0},"south":{"uv":[7.5,7.75,9.0,9.0],"rotation":0,"texture":"#0","tintindex":0},"up":{"uv":[10.5,9.0,9.0,8.75],"rotation":0,"texture":"#0","tintindex":0},"west":{"uv":[2.75,9.75,3.0,11.0],"rotation":0,"texture":"#0","tintindex":0}}}],"display":{"head":{"translation":[0.0,-6.4,0.0],"rotation":[0.0,0.0,0.0],"scale":[3.8095,3.8095,3.8095]}}}