{"textures":{"0":"modelengine:entity/firebat"},"elements":[{"name":"cube","from":[5.0,6.2,3.1999998],"to":[11.0,8.0,8.0],"rotation":{"angle":0.0,"axis":"x","origin":[8.6,6.2,3.1999998]},"faces":{"down":{"uv":[2.5,5.25,0.0,7.25],"rotation":0,"texture":"#0","tintindex":0},"east":{"uv":[0.0,9.0,2.0,9.75],"rotation":0,"texture":"#0","tintindex":0},"north":{"uv":[2.0,8.5,4.5,9.25],"rotation":0,"texture":"#0","tintindex":0},"south":{"uv":[4.5,8.5,7.0,9.25],"rotation":0,"texture":"#0","tintindex":0},"up":{"uv":[7.5,7.0,5.0,5.0],"rotation":0,"texture":"#0","tintindex":0},"west":{"uv":[9.0,6.5,11.0,7.25],"rotation":0,"texture":"#0","tintindex":0}}},{"name":"cube","from":[5.3,8.0,3.4999998],"to":[10.700001,9.2,6.8],"rotation":{"angle":0.0,"axis":"x","origin":[8.6,6.2,3.1999998]},"faces":{"down":{"uv":[5.0,7.0,2.5,8.5],"rotation":0,"texture":"#0","tintindex":0},"east":{"uv":[9.5,4.0,11.0,4.5],"rotation":0,"texture":"#0","tintindex":0},"north":{"uv":[8.25,9.0,10.75,9.5],"rotation":0,"texture":"#0","tintindex":0},"south":{"uv":[9.0,8.25,11.5,8.75],"rotation":0,"texture":"#0","tintindex":0},"up":{"uv":[9.5,3.25,7.0,1.75],"rotation":0,"texture":"#0","tintindex":0},"west":{"uv":[9.5,4.5,11.0,5.0],"rotation":0,"texture":"#0","tintindex":0}}}],"display":{"head":{"translation":[0.0,-6.4,0.0],"rotation":[0.0,0.0,0.0],"scale":[3.8095,3.8095,3.8095]}}}