{"textures":{"0":"modelengine:entity/firebat"},"elements":[{"name":"cube","from":[4.9201603,3.1999998,9.095118],"to":[9.7201605,9.2,9.095118],"rotation":{"angle":22.5,"axis":"y","origin":[4.9201603,6.2,8.495117]},"faces":{"down":{"uv":[2.0,0.0,0.0,0.0],"rotation":0,"texture":"#0","tintindex":0},"east":{"uv":[0.0,0.0,0.0,2.5],"rotation":0,"texture":"#0","tintindex":0},"north":{"uv":[5.0,0.0,7.0,2.5],"rotation":0,"texture":"#0","tintindex":0},"south":{"uv":[7.0,0.0,5.0,2.5],"rotation":0,"texture":"#0","tintindex":0},"up":{"uv":[2.0,0.0,0.0,0.0],"rotation":0,"texture":"#0","tintindex":0},"west":{"uv":[0.0,0.0,0.0,2.5],"rotation":0,"texture":"#0","tintindex":0}}},{"name":"cube","from":[3.12016,9.2,9.095118],"to":[6.12016,11.6,9.095118],"rotation":{"angle":22.5,"axis":"y","origin":[4.9201603,6.2,8.495117]},"faces":{"down":{"uv":[1.25,0.0,0.0,0.0],"rotation":0,"texture":"#0","tintindex":0},"east":{"uv":[0.0,0.0,0.0,1.0],"rotation":0,"texture":"#0","tintindex":0},"north":{"uv":[7.0,9.0,8.25,10.0],"rotation":0,"texture":"#0","tintindex":0},"south":{"uv":[8.25,9.0,7.0,10.0],"rotation":0,"texture":"#0","tintindex":0},"up":{"uv":[1.25,0.0,0.0,0.0],"rotation":0,"texture":"#0","tintindex":0},"west":{"uv":[0.0,0.0,0.0,1.0],"rotation":0,"texture":"#0","tintindex":0}}},{"name":"cube","from":[-0.8500004,1.3999997,9.05],"to":[5.1499996,9.2,9.05],"rotation":{"angle":0.0,"axis":"x","origin":[2.1499996,6.2,8.45]},"faces":{"down":{"uv":[2.5,0.0,0.0,0.0],"rotation":0,"texture":"#0","tintindex":0},"east":{"uv":[0.0,0.0,0.0,3.25],"rotation":0,"texture":"#0","tintindex":0},"north":{"uv":[0.0,0.0,2.5,3.25],"rotation":0,"texture":"#0","tintindex":0},"south":{"uv":[2.5,0.0,0.0,3.25],"rotation":0,"texture":"#0","tintindex":0},"up":{"uv":[2.5,0.0,0.0,0.0],"rotation":0,"texture":"#0","tintindex":0},"west":{"uv":[0.0,0.0,0.0,3.25],"rotation":0,"texture":"#0","tintindex":0}}}],"display":{"head":{"translation":[0.0,-6.4,0.0],"rotation":[0.0,0.0,0.0],"scale":[3.8095,3.8095,3.8095]}}}