{"textures":{"0":"modelengine:entity/firebat"},"elements":[{"name":"cube","from":[7.7,6.345584,7.152072],"to":[8.9,8.7455845,8.952072],"rotation":{"angle":0.0,"axis":"x","origin":[5.3,8.7455845,7.152072]},"faces":{"down":{"uv":[2.0,9.75,2.5,10.5],"rotation":0,"texture":"#0","tintindex":0},"east":{"uv":[10.25,1.0,9.5,2.0],"rotation":0,"texture":"#0","tintindex":0},"north":{"uv":[2.5,7.25,2.0,8.25],"rotation":0,"texture":"#0","tintindex":0},"south":{"uv":[0.5,9.75,0.0,10.75],"rotation":0,"texture":"#0","tintindex":0},"up":{"uv":[1.5,10.5,2.0,9.75],"rotation":0,"texture":"#0","tintindex":0},"west":{"uv":[10.25,0.0,9.5,1.0],"rotation":0,"texture":"#0","tintindex":0}}},{"name":"cube","from":[8.0,4.72132,7.8248644],"to":[8.6,7.1213202,9.024864],"rotation":{"angle":-45.0,"axis":"x","origin":[8.0,5.92132,8.424864]},"faces":{"down":{"uv":[7.25,8.5,7.5,9.0],"rotation":0,"texture":"#0","tintindex":0},"east":{"uv":[1.5,9.75,1.0,10.75],"rotation":0,"texture":"#0","tintindex":0},"north":{"uv":[3.25,9.75,3.0,10.75],"rotation":0,"texture":"#0","tintindex":0},"south":{"uv":[3.5,9.75,3.25,10.75],"rotation":0,"texture":"#0","tintindex":0},"up":{"uv":[7.0,9.0,7.25,8.5],"rotation":0,"texture":"#0","tintindex":0},"west":{"uv":[1.0,9.75,0.5,10.75],"rotation":0,"texture":"#0","tintindex":0}}},{"name":"cube","from":[7.4,4.72132,6.624864],"to":[9.2,4.72132,9.024864],"rotation":{"angle":-45.0,"axis":"x","origin":[8.0,5.92132,8.424864]},"faces":{"down":{"uv":[9.5,2.0,10.25,3.0],"rotation":0,"texture":"#0","tintindex":0},"east":{"uv":[1.0,0.0,0.0,0.0],"rotation":0,"texture":"#0","tintindex":0},"north":{"uv":[0.75,0.0,0.0,0.0],"rotation":0,"texture":"#0","tintindex":0},"south":{"uv":[0.75,0.0,0.0,0.0],"rotation":0,"texture":"#0","tintindex":0},"up":{"uv":[9.5,3.0,10.25,2.0],"rotation":0,"texture":"#0","tintindex":0},"west":{"uv":[1.0,0.0,0.0,0.0],"rotation":0,"texture":"#0","tintindex":0}}},{"name":"cube","from":[7.4,1.9999998,8.0],"to":[9.2,3.7999997,8.0],"rotation":{"angle":0.0,"axis":"x","origin":[8.0,5.0,9.8]},"faces":{"down":{"uv":[0.0,0.0,0.75,0.0],"rotation":0,"texture":"#0","tintindex":0},"east":{"uv":[0.0,0.0,0.0,0.75],"rotation":0,"texture":"#0","tintindex":0},"north":{"uv":[9.0,9.5,8.25,10.25],"rotation":0,"texture":"#0","tintindex":0},"south":{"uv":[8.25,9.5,9.0,10.25],"rotation":0,"texture":"#0","tintindex":0},"up":{"uv":[0.0,0.0,0.75,0.0],"rotation":0,"texture":"#0","tintindex":0},"west":{"uv":[0.0,0.0,0.0,0.75],"rotation":0,"texture":"#0","tintindex":0}}}],"display":{"head":{"translation":[0.0,-6.4,0.0],"rotation":[0.0,0.0,0.0],"scale":[3.8095,3.8095,3.8095]}}}