{"textures":{"0":"modelengine:entity/firebat"},"elements":[{"name":"cube","from":[6.2798395,3.1999998,9.095118],"to":[11.07984,9.2,9.095118],"rotation":{"angle":-22.5,"axis":"y","origin":[11.07984,6.2,8.495117]},"faces":{"down":{"uv":[0.0,0.0,2.0,0.0],"rotation":0,"texture":"#0","tintindex":0},"east":{"uv":[0.0,0.0,0.0,2.5],"rotation":0,"texture":"#0","tintindex":0},"north":{"uv":[7.0,0.0,5.0,2.5],"rotation":0,"texture":"#0","tintindex":0},"south":{"uv":[5.0,0.0,7.0,2.5],"rotation":0,"texture":"#0","tintindex":0},"up":{"uv":[0.0,0.0,2.0,0.0],"rotation":0,"texture":"#0","tintindex":0},"west":{"uv":[0.0,0.0,0.0,2.5],"rotation":0,"texture":"#0","tintindex":0}}},{"name":"cube","from":[9.87984,9.2,9.095118],"to":[12.87984,11.6,9.095118],"rotation":{"angle":-22.5,"axis":"y","origin":[11.07984,6.2,8.495117]},"faces":{"down":{"uv":[0.0,0.0,1.25,0.0],"rotation":0,"texture":"#0","tintindex":0},"east":{"uv":[0.0,0.0,0.0,1.0],"rotation":0,"texture":"#0","tintindex":0},"north":{"uv":[8.25,9.0,7.0,10.0],"rotation":0,"texture":"#0","tintindex":0},"south":{"uv":[7.0,9.0,8.25,10.0],"rotation":0,"texture":"#0","tintindex":0},"up":{"uv":[0.0,0.0,1.25,0.0],"rotation":0,"texture":"#0","tintindex":0},"west":{"uv":[0.0,0.0,0.0,1.0],"rotation":0,"texture":"#0","tintindex":0}}},{"name":"cube","from":[10.85,1.3999997,9.05],"to":[16.85,9.2,9.05],"rotation":{"angle":0.0,"axis":"x","origin":[13.85,6.2,8.45]},"faces":{"down":{"uv":[0.0,0.0,2.5,0.0],"rotation":0,"texture":"#0","tintindex":0},"east":{"uv":[0.0,0.0,0.0,3.25],"rotation":0,"texture":"#0","tintindex":0},"north":{"uv":[2.5,0.0,0.0,3.25],"rotation":0,"texture":"#0","tintindex":0},"south":{"uv":[0.0,0.0,2.5,3.25],"rotation":0,"texture":"#0","tintindex":0},"up":{"uv":[0.0,0.0,2.5,0.0],"rotation":0,"texture":"#0","tintindex":0},"west":{"uv":[0.0,0.0,0.0,3.25],"rotation":0,"texture":"#0","tintindex":0}}}],"display":{"head":{"translation":[0.0,-6.4,0.0],"rotation":[0.0,0.0,0.0],"scale":[3.8095,3.8095,3.8095]}}}