{"textures":{"0":"modelengine:entity/quartzshard"},"elements":[{"name":"cube","from":[6.5,5.0,7.1],"to":[8.9,8.0,8.9],"rotation":{"angle":0.0,"axis":"x","origin":[9.8,5.0,10.4]},"faces":{"down":{"uv":[11.75,4.25,12.75,5.0],"rotation":0,"texture":"#0","tintindex":0},"east":{"uv":[12.0,10.5,11.25,11.75],"rotation":0,"texture":"#0","tintindex":0},"north":{"uv":[1.0,11.0,0.0,12.25],"rotation":0,"texture":"#0","tintindex":0},"south":{"uv":[2.0,11.25,1.0,12.5],"rotation":0,"texture":"#0","tintindex":0},"up":{"uv":[2.5,12.5,3.5,11.75],"rotation":0,"texture":"#0","tintindex":0},"west":{"uv":[10.75,11.25,10.0,12.5],"rotation":0,"texture":"#0","tintindex":0}}}],"display":{"head":{"translation":[0.0,-6.4,0.0],"rotation":[0.0,0.0,0.0],"scale":[3.8095,3.8095,3.8095]}}}