{"textures":{"0":"modelengine:entity/quartzshard"},"elements":[{"name":"cube","from":[7.4,3.1999998,5.8999996],"to":[9.2,8.0,8.9],"rotation":{"angle":0.0,"axis":"x","origin":[11.3,-1.0000005,6.8]},"faces":{"down":{"uv":[11.25,9.25,12.0,10.5],"rotation":0,"texture":"#0","tintindex":0},"east":{"uv":[9.25,8.5,8.0,10.5],"rotation":0,"texture":"#0","tintindex":0},"north":{"uv":[11.25,7.5,10.5,9.5],"rotation":0,"texture":"#0","tintindex":0},"south":{"uv":[9.25,10.5,8.5,12.5],"rotation":0,"texture":"#0","tintindex":0},"up":{"uv":[11.25,9.25,12.0,8.0],"rotation":0,"texture":"#0","tintindex":0},"west":{"uv":[9.25,6.5,8.0,8.5],"rotation":0,"texture":"#0","tintindex":0}}}],"display":{"head":{"translation":[0.0,-6.4,0.0],"rotation":[0.0,0.0,0.0],"scale":[3.8095,3.8095,3.8095]}}}