{"textures":{"0":"modelengine:entity/redstoneshard"},"elements":[{"name":"cube","from":[6.8,3.1999998,5.8999996],"to":[8.6,8.0,8.9],"rotation":{"angle":0.0,"axis":"x","origin":[4.7,-1.0000005,6.8]},"faces":{"down":{"uv":[12.0,9.25,11.25,10.5],"rotation":0,"texture":"#0","tintindex":0},"east":{"uv":[8.0,6.5,9.25,8.5],"rotation":0,"texture":"#0","tintindex":0},"north":{"uv":[10.5,7.5,11.25,9.5],"rotation":0,"texture":"#0","tintindex":0},"south":{"uv":[8.5,10.5,9.25,12.5],"rotation":0,"texture":"#0","tintindex":0},"up":{"uv":[12.0,9.25,11.25,8.0],"rotation":0,"texture":"#0","tintindex":0},"west":{"uv":[8.0,8.5,9.25,10.5],"rotation":0,"texture":"#0","tintindex":0}}}],"display":{"head":{"translation":[0.0,-6.4,0.0],"rotation":[0.0,0.0,0.0],"scale":[3.8095,3.8095,3.8095]}}}