{"textures":{"0":"modelengine:entity/redstoneshard"},"elements":[{"name":"cube","from":[8.0,5.6,7.1],"to":[11.0,8.6,9.5],"rotation":{"angle":0.0,"axis":"x","origin":[7.1,2.6,10.4]},"faces":{"down":{"uv":[3.75,10.75,2.5,11.75],"rotation":0,"texture":"#0","tintindex":0},"east":{"uv":[7.0,9.0,8.0,10.25],"rotation":0,"texture":"#0","tintindex":0},"north":{"uv":[9.5,2.25,10.75,3.5],"rotation":0,"texture":"#0","tintindex":0},"south":{"uv":[1.25,10.0,2.5,11.25],"rotation":0,"texture":"#0","tintindex":0},"up":{"uv":[12.0,3.25,10.75,2.25],"rotation":0,"texture":"#0","tintindex":0},"west":{"uv":[10.75,0.0,11.75,1.25],"rotation":0,"texture":"#0","tintindex":0}}}],"display":{"head":{"translation":[0.0,-6.4,0.0],"rotation":[0.0,0.0,0.0],"scale":[3.8095,3.8095,3.8095]}}}