{"textures":{"0":"modelengine:entity/quartzgolem"},"elements":[{"name":"cube","from":[4.7,2.2999997,6.2],"to":[11.3,7.7,9.8],"rotation":{"angle":0.0,"axis":"x","origin":[-11.650699,31.478405,20.430408]},"faces":{"down":{"uv":[13.25,12.875,12.5625,13.25],"rotation":0,"texture":"#0","tintindex":0},"east":{"uv":[13.125,5.1875,13.5,5.75],"rotation":0,"texture":"#0","tintindex":0},"north":{"uv":[12.25,1.1875,12.9375,1.75],"rotation":0,"texture":"#0","tintindex":0},"south":{"uv":[12.25,1.75,12.9375,2.3125],"rotation":0,"texture":"#0","tintindex":0},"up":{"uv":[11.5,4.625,10.8125,4.25],"rotation":0,"texture":"#0","tintindex":0},"west":{"uv":[13.125,10.5625,13.5,11.125],"rotation":0,"texture":"#0","tintindex":0}}},{"name":"cube","from":[4.7,2.2999997,9.8],"to":[11.3,4.7,12.2],"rotation":{"angle":0.0,"axis":"x","origin":[-11.650699,31.478405,20.430408]},"faces":{"down":{"uv":[13.9375,9.1875,13.25,9.4375],"rotation":0,"texture":"#0","tintindex":0},"east":{"uv":[3.0,7.5,3.25,7.75],"rotation":0,"texture":"#0","tintindex":0},"north":{"uv":[13.0625,12.625,13.75,12.875],"rotation":0,"texture":"#0","tintindex":0},"south":{"uv":[13.25,8.6875,13.9375,8.9375],"rotation":0,"texture":"#0","tintindex":0},"up":{"uv":[13.9375,9.1875,13.25,8.9375],"rotation":0,"texture":"#0","tintindex":0},"west":{"uv":[5.625,10.9375,5.875,11.1875],"rotation":0,"texture":"#0","tintindex":0}}},{"name":"cube","from":[4.7,4.7,9.8],"to":[8.3,7.1,12.2],"rotation":{"angle":0.0,"axis":"x","origin":[-11.650699,31.478405,20.430408]},"faces":{"down":{"uv":[13.75,0.25,13.375,0.5],"rotation":0,"texture":"#0","tintindex":0},"east":{"uv":[5.375,11.75,5.625,12.0],"rotation":0,"texture":"#0","tintindex":0},"north":{"uv":[13.3125,11.5,13.6875,11.75],"rotation":0,"texture":"#0","tintindex":0},"south":{"uv":[13.3125,11.75,13.6875,12.0],"rotation":0,"texture":"#0","tintindex":0},"up":{"uv":[13.75,0.25,13.375,0.0],"rotation":0,"texture":"#0","tintindex":0},"west":{"uv":[12.0,4.0,12.25,4.25],"rotation":0,"texture":"#0","tintindex":0}}}],"display":{"head":{"translation":[0.0,-6.4,0.0],"rotation":[0.0,0.0,0.0],"scale":[3.8095,3.8095,3.8095]}}}