{"textures":{"0":"modelengine:entity/quartzgolem"},"elements":[{"name":"cube","from":[6.5,8.0,4.7],"to":[11.900001,15.2,9.5],"rotation":{"angle":0.0,"axis":"x","origin":[17.371624,6.649476,4.8268633]},"faces":{"down":{"uv":[8.875,12.8125,8.3125,13.3125],"rotation":0,"texture":"#0","tintindex":0},"east":{"uv":[1.125,6.5,1.625,7.25],"rotation":0,"texture":"#0","tintindex":0},"north":{"uv":[3.9375,12.125,4.5,12.875],"rotation":0,"texture":"#0","tintindex":0},"south":{"uv":[12.125,8.0625,12.6875,8.8125],"rotation":0,"texture":"#0","tintindex":0},"up":{"uv":[8.3125,13.3125,7.75,12.8125],"rotation":0,"texture":"#0","tintindex":0},"west":{"uv":[12.3125,7.25,12.8125,8.0],"rotation":0,"texture":"#0","tintindex":0}}}],"display":{"head":{"translation":[0.0,-6.4,0.0],"rotation":[0.0,0.0,0.0],"scale":[3.8095,3.8095,3.8095]}}}