{"textures":{"0":"modelengine:entity/emeraldgolem"},"elements":[{"name":"cube","from":[2.6,6.8,8.0],"to":[3.1999998,7.4,8.6],"rotation":{"angle":0.0,"axis":"x","origin":[9.614263,32.21189,-15.789296]},"faces":{"down":{"uv":[0.0,16.0,0.0625,16.0625],"rotation":0,"texture":"#0","tintindex":0},"east":{"uv":[0.0,16.0,0.0625,16.0625],"rotation":0,"texture":"#0","tintindex":0},"north":{"uv":[0.0,16.0,0.0625,16.0625],"rotation":0,"texture":"#0","tintindex":0},"south":{"uv":[0.0,16.0,0.0625,16.0625],"rotation":0,"texture":"#0","tintindex":0},"up":{"uv":[0.0,16.0,0.0625,16.0625],"rotation":0,"texture":"#0","tintindex":0},"west":{"uv":[0.0,16.0,0.0625,16.0625],"rotation":0,"texture":"#0","tintindex":0}}}],"display":{"head":{"translation":[0.0,-6.4,0.0],"rotation":[0.0,0.0,0.0],"scale":[3.8095,3.8095,3.8095]}}}