{"textures":{"0":"modelengine:entity/direwolfslash"},"elements":[{"name":"cube","from":[4.7,6.7326183,-2.6132555],"to":[13.7,9.732618,-2.6132555],"rotation":{"angle":0.0,"axis":"x","origin":[10.700001,3.732618,-2.6132555]},"faces":{"down":{"uv":[7.5,0.0,0.0,0.0],"rotation":0,"texture":"#0","tintindex":0},"east":{"uv":[0.0,0.0,0.0,2.5],"rotation":0,"texture":"#0","tintindex":0},"north":{"uv":[0.0,7.0,7.5,9.5],"rotation":0,"texture":"#0","tintindex":0},"south":{"uv":[0.0,7.0,7.5,9.5],"rotation":0,"texture":"#0","tintindex":0},"up":{"uv":[7.5,0.0,0.0,0.0],"rotation":0,"texture":"#0","tintindex":0},"west":{"uv":[0.0,0.0,0.0,2.5],"rotation":0,"texture":"#0","tintindex":0}}},{"name":"cube","from":[4.7,9.66411,-2.2682405],"to":[13.7,12.664109,-2.2682405],"rotation":{"angle":22.5,"axis":"x","origin":[9.2,10.56411,-2.2682405]},"faces":{"down":{"uv":[7.5,0.0,0.0,0.0],"rotation":0,"texture":"#0","tintindex":0},"east":{"uv":[0.0,0.0,0.0,2.5],"rotation":0,"texture":"#0","tintindex":0},"north":{"uv":[0.0,4.5,7.5,7.0],"rotation":0,"texture":"#0","tintindex":0},"south":{"uv":[0.0,4.5,7.5,7.0],"rotation":0,"texture":"#0","tintindex":0},"up":{"uv":[7.5,0.0,0.0,0.0],"rotation":0,"texture":"#0","tintindex":0},"west":{"uv":[0.0,0.0,0.0,2.5],"rotation":0,"texture":"#0","tintindex":0}}},{"name":"cube","from":[4.7,3.8011265,-2.2688413],"to":[13.7,6.8011265,-2.2688413],"rotation":{"angle":-22.5,"axis":"x","origin":[9.2,5.901127,-2.2688413]},"faces":{"down":{"uv":[7.5,0.0,0.0,0.0],"rotation":0,"texture":"#0","tintindex":0},"east":{"uv":[0.0,0.0,0.0,2.5],"rotation":0,"texture":"#0","tintindex":0},"north":{"uv":[0.0,9.5,7.5,12.0],"rotation":0,"texture":"#0","tintindex":0},"south":{"uv":[0.0,9.5,7.5,12.0],"rotation":0,"texture":"#0","tintindex":0},"up":{"uv":[7.5,0.0,0.0,0.0],"rotation":0,"texture":"#0","tintindex":0},"west":{"uv":[0.0,0.0,0.0,2.5],"rotation":0,"texture":"#0","tintindex":0}}},{"name":"cube","from":[4.7,11.889376,0.0204494],"to":[13.7,16.089375,0.0204494],"rotation":{"angle":45.0,"axis":"x","origin":[9.2,13.989375,0.0204494]},"faces":{"down":{"uv":[7.5,0.0,0.0,0.0],"rotation":0,"texture":"#0","tintindex":0},"east":{"uv":[0.0,0.0,0.0,3.5],"rotation":0,"texture":"#0","tintindex":0},"north":{"uv":[0.0,1.0,7.5,4.5],"rotation":0,"texture":"#0","tintindex":0},"south":{"uv":[0.0,1.0,7.5,4.5],"rotation":0,"texture":"#0","tintindex":0},"up":{"uv":[7.5,0.0,0.0,0.0],"rotation":0,"texture":"#0","tintindex":0},"west":{"uv":[0.0,0.0,0.0,3.5],"rotation":0,"texture":"#0","tintindex":0}}},{"name":"cube","from":[4.7,0.37586045,0.019849062],"to":[13.7,4.5758605,0.019849062],"rotation":{"angle":-45.0,"axis":"x","origin":[9.2,2.4758606,0.019849062]},"faces":{"down":{"uv":[7.5,0.0,0.0,0.0],"rotation":0,"texture":"#0","tintindex":0},"east":{"uv":[0.0,0.0,0.0,3.5],"rotation":0,"texture":"#0","tintindex":0},"north":{"uv":[0.0,12.0,7.5,15.5],"rotation":0,"texture":"#0","tintindex":0},"south":{"uv":[0.0,12.0,7.5,15.5],"rotation":0,"texture":"#0","tintindex":0},"up":{"uv":[7.5,0.0,0.0,0.0],"rotation":0,"texture":"#0","tintindex":0},"west":{"uv":[0.0,0.0,0.0,3.5],"rotation":0,"texture":"#0","tintindex":0}}}],"display":{"head":{"translation":[0.0,-6.4,0.0],"rotation":[0.0,0.0,0.0],"scale":[3.8095,3.8095,3.8095]}}}