{"textures":{"0":"modelengine:entity/phoenix_pet"},"elements":[{"name":"cube","from":[8.3,6.572792,7.5],"to":[9.5,8.372791,8.7],"rotation":{"angle":-22.5,"axis":"x","origin":[8.9,7.4727917,8.099999]},"faces":{"down":{"uv":[11.5,3.0,12.5,4.0],"rotation":0,"texture":"#0","tintindex":0},"east":{"uv":[9.0,10.5,8.0,12.0],"rotation":0,"texture":"#0","tintindex":0},"north":{"uv":[7.0,10.5,6.0,12.0],"rotation":0,"texture":"#0","tintindex":0},"south":{"uv":[11.5,7.5,10.5,9.0],"rotation":0,"texture":"#0","tintindex":0},"up":{"uv":[11.5,3.0,12.5,2.0],"rotation":0,"texture":"#0","tintindex":0},"west":{"uv":[8.0,10.5,7.0,12.0],"rotation":0,"texture":"#0","tintindex":0}}},{"name":"cube","from":[8.6,5.9727917,6.0],"to":[9.2,6.572792,7.7999997],"rotation":{"angle":-45.0,"axis":"x","origin":[8.6,7.4727917,7.5]},"faces":{"down":{"uv":[0.0,12.0,0.5,13.5],"rotation":0,"texture":"#0","tintindex":0},"east":{"uv":[13.0,8.5,11.5,9.0],"rotation":0,"texture":"#0","tintindex":0},"north":{"uv":[9.0,7.5,8.5,8.0],"rotation":0,"texture":"#0","tintindex":0},"south":{"uv":[11.0,5.5,10.5,6.0],"rotation":0,"texture":"#0","tintindex":0},"up":{"uv":[10.0,13.0,10.5,11.5],"rotation":0,"texture":"#0","tintindex":0},"west":{"uv":[13.0,4.0,11.5,4.5],"rotation":0,"texture":"#0","tintindex":0}}},{"name":"cube","from":[8.3,5.372792,4.7999997],"to":[9.5,6.572792,6.0],"rotation":{"angle":-45.0,"axis":"x","origin":[8.6,7.4727917,7.5]},"faces":{"down":{"uv":[11.5,11.0,12.5,12.0],"rotation":0,"texture":"#0","tintindex":0},"east":{"uv":[10.0,11.5,9.0,12.5],"rotation":0,"texture":"#0","tintindex":0},"north":{"uv":[5.0,11.5,4.0,12.5],"rotation":0,"texture":"#0","tintindex":0},"south":{"uv":[12.5,7.5,11.5,8.5],"rotation":0,"texture":"#0","tintindex":0},"up":{"uv":[11.5,11.0,12.5,10.0],"rotation":0,"texture":"#0","tintindex":0},"west":{"uv":[6.0,11.5,5.0,12.5],"rotation":0,"texture":"#0","tintindex":0}}},{"name":"cube","from":[6.5,6.572792,7.5],"to":[7.7,8.372791,8.7],"rotation":{"angle":-22.5,"axis":"x","origin":[7.1,7.4727917,8.099999]},"faces":{"down":{"uv":[12.5,3.0,11.5,4.0],"rotation":0,"texture":"#0","tintindex":0},"east":{"uv":[7.0,10.5,8.0,12.0],"rotation":0,"texture":"#0","tintindex":0},"north":{"uv":[6.0,10.5,7.0,12.0],"rotation":0,"texture":"#0","tintindex":0},"south":{"uv":[10.5,7.5,11.5,9.0],"rotation":0,"texture":"#0","tintindex":0},"up":{"uv":[12.5,3.0,11.5,2.0],"rotation":0,"texture":"#0","tintindex":0},"west":{"uv":[8.0,10.5,9.0,12.0],"rotation":0,"texture":"#0","tintindex":0}}},{"name":"cube","from":[6.8,5.9727917,6.0],"to":[7.4,6.572792,7.7999997],"rotation":{"angle":-45.0,"axis":"x","origin":[7.4,7.4727917,7.5]},"faces":{"down":{"uv":[0.5,12.0,0.0,13.5],"rotation":0,"texture":"#0","tintindex":0},"east":{"uv":[11.5,4.0,13.0,4.5],"rotation":0,"texture":"#0","tintindex":0},"north":{"uv":[8.5,7.5,9.0,8.0],"rotation":0,"texture":"#0","tintindex":0},"south":{"uv":[10.5,5.5,11.0,6.0],"rotation":0,"texture":"#0","tintindex":0},"up":{"uv":[10.5,13.0,10.0,11.5],"rotation":0,"texture":"#0","tintindex":0},"west":{"uv":[11.5,8.5,13.0,9.0],"rotation":0,"texture":"#0","tintindex":0}}},{"name":"cube","from":[6.5,5.372792,4.7999997],"to":[7.7,6.572792,6.0],"rotation":{"angle":-45.0,"axis":"x","origin":[7.4,7.4727917,7.5]},"faces":{"down":{"uv":[12.5,11.0,11.5,12.0],"rotation":0,"texture":"#0","tintindex":0},"east":{"uv":[5.0,11.5,6.0,12.5],"rotation":0,"texture":"#0","tintindex":0},"north":{"uv":[4.0,11.5,5.0,12.5],"rotation":0,"texture":"#0","tintindex":0},"south":{"uv":[11.5,7.5,12.5,8.5],"rotation":0,"texture":"#0","tintindex":0},"up":{"uv":[12.5,11.0,11.5,10.0],"rotation":0,"texture":"#0","tintindex":0},"west":{"uv":[9.0,11.5,10.0,12.5],"rotation":0,"texture":"#0","tintindex":0}}}],"display":{"head":{"translation":[0.0,-6.4,0.0],"rotation":[0.0,0.0,0.0],"scale":[3.8095,3.8095,3.8095]}}}