{"textures":{"0":"modelengine:entity/phoenix_pet"},"elements":[{"name":"cube","from":[7.5922446,6.894886,7.979956],"to":[9.392244,8.094886,8.579956],"rotation":{"angle":-22.5,"axis":"x","origin":[6.6922445,7.1948857,7.3799562]},"faces":{"down":{"uv":[2.0,12.0,3.5,12.5],"rotation":0,"texture":"#0","tintindex":0},"east":{"uv":[6.5,12.0,6.0,13.0],"rotation":0,"texture":"#0","tintindex":0},"north":{"uv":[10.5,10.5,9.0,11.5],"rotation":0,"texture":"#0","tintindex":0},"south":{"uv":[12.0,9.0,10.5,10.0],"rotation":0,"texture":"#0","tintindex":0},"up":{"uv":[0.5,12.5,2.0,12.0],"rotation":0,"texture":"#0","tintindex":0},"west":{"uv":[4.0,12.0,3.5,13.0],"rotation":0,"texture":"#0","tintindex":0}}},{"name":"cube","from":[8.192245,4.885597,8.1441965],"to":[12.392245,8.485598,8.1441965],"rotation":{"angle":0.0,"axis":"x","origin":[7.8922443,7.5855975,6.9441967]},"faces":{"down":{"uv":[0.0,0.0,3.5,0.0],"rotation":0,"texture":"#0","tintindex":0},"east":{"uv":[0.0,0.0,0.0,3.0],"rotation":0,"texture":"#0","tintindex":0},"north":{"uv":[3.5,4.5,0.0,7.5],"rotation":0,"texture":"#0","tintindex":0},"south":{"uv":[0.0,4.5,3.5,7.5],"rotation":0,"texture":"#0","tintindex":0},"up":{"uv":[0.0,0.0,3.5,0.0],"rotation":0,"texture":"#0","tintindex":0},"west":{"uv":[0.0,0.0,0.0,3.0],"rotation":0,"texture":"#0","tintindex":0}}},{"name":"cube","from":[12.2321615,4.2855973,7.3406067],"to":[16.432163,9.685598,7.3406067],"rotation":{"angle":22.5,"axis":"y","origin":[14.332163,6.6855974,7.3406067]},"faces":{"down":{"uv":[0.0,0.0,3.5,0.0],"rotation":0,"texture":"#0","tintindex":0},"east":{"uv":[0.0,0.0,0.0,4.5],"rotation":0,"texture":"#0","tintindex":0},"north":{"uv":[3.5,0.0,0.0,4.5],"rotation":0,"texture":"#0","tintindex":0},"south":{"uv":[0.0,0.0,3.5,4.5],"rotation":0,"texture":"#0","tintindex":0},"up":{"uv":[0.0,0.0,3.5,0.0],"rotation":0,"texture":"#0","tintindex":0},"west":{"uv":[0.0,0.0,0.0,4.5],"rotation":0,"texture":"#0","tintindex":0}}}],"display":{"head":{"translation":[0.0,-6.4,0.0],"rotation":[0.0,0.0,0.0],"scale":[3.8095,3.8095,3.8095]}}}