{"textures":{"0":"modelengine:entity/shadowwolf"},"elements":[{"name":"cube","from":[6.05,4.661361,7.391587],"to":[9.950001,8.561361,9.731586],"rotation":{"angle":45.0,"axis":"x","origin":[8.0,6.6113615,8.561586]},"faces":{"down":{"uv":[8.5,4.125,7.625,4.625],"rotation":0,"texture":"#0","tintindex":0},"east":{"uv":[6.375,7.5,6.875,8.375],"rotation":0,"texture":"#0","tintindex":0},"north":{"uv":[5.375,5.0,6.25,5.875],"rotation":0,"texture":"#0","tintindex":0},"south":{"uv":[5.625,0.0,6.5,0.875],"rotation":0,"texture":"#0","tintindex":0},"up":{"uv":[8.5,4.125,7.625,3.625],"rotation":0,"texture":"#0","tintindex":0},"west":{"uv":[1.875,7.625,2.375,8.5],"rotation":0,"texture":"#0","tintindex":0}}},{"name":"cube","from":[6.05,9.960608,4.819895],"to":[9.950001,13.860606,8.719894],"rotation":{"angle":22.5,"axis":"x","origin":[8.0,10.350607,-3.7601047]},"faces":{"down":{"uv":[7.125,4.875,6.25,5.625],"rotation":0,"texture":"#0","tintindex":0},"east":{"uv":[6.25,2.375,7.0,3.25],"rotation":0,"texture":"#0","tintindex":0},"north":{"uv":[5.375,3.25,6.25,4.125],"rotation":0,"texture":"#0","tintindex":0},"south":{"uv":[5.375,4.125,6.25,5.0],"rotation":0,"texture":"#0","tintindex":0},"up":{"uv":[7.125,4.875,6.25,4.125],"rotation":0,"texture":"#0","tintindex":0},"west":{"uv":[6.25,3.25,7.0,4.125],"rotation":0,"texture":"#0","tintindex":0}}},{"name":"cube","from":[6.05,4.85,2.3899996],"to":[9.950001,10.309999,5.5099998],"rotation":{"angle":0.0,"axis":"x","origin":[8.0,6.8,-3.8500004]},"faces":{"down":{"uv":[7.875,3.0,7.0,3.625],"rotation":0,"texture":"#0","tintindex":0},"east":{"uv":[1.875,5.75,2.5,6.875],"rotation":0,"texture":"#0","tintindex":0},"north":{"uv":[5.25,1.0,6.125,2.125],"rotation":0,"texture":"#0","tintindex":0},"south":{"uv":[5.375,2.125,6.25,3.25],"rotation":0,"texture":"#0","tintindex":0},"up":{"uv":[7.875,3.0,7.0,2.375],"rotation":0,"texture":"#0","tintindex":0},"west":{"uv":[2.5,5.75,3.125,6.875],"rotation":0,"texture":"#0","tintindex":0}}},{"name":"cube","from":[5.27,4.85,-0.7300005],"to":[10.73,10.309999,2.3899996],"rotation":{"angle":0.0,"axis":"x","origin":[8.0,6.8,-3.8500004]},"faces":{"down":{"uv":[1.125,6.125,0.0,6.75],"rotation":0,"texture":"#0","tintindex":0},"east":{"uv":[3.125,5.75,3.75,6.875],"rotation":0,"texture":"#0","tintindex":0},"north":{"uv":[4.25,2.5,5.375,3.625],"rotation":0,"texture":"#0","tintindex":0},"south":{"uv":[4.25,3.625,5.375,4.75],"rotation":0,"texture":"#0","tintindex":0},"up":{"uv":[6.75,6.5,5.625,5.875],"rotation":0,"texture":"#0","tintindex":0},"west":{"uv":[5.0,5.875,5.625,7.0],"rotation":0,"texture":"#0","tintindex":0}}}],"display":{"head":{"translation":[0.0,-6.4,0.0],"rotation":[0.0,0.0,0.0],"scale":[3.8095,3.8095,3.8095]}}}