{"textures":{"0":"modelengine:entity/shadowwolf"},"elements":[{"name":"cube","from":[6.29,3.3422754,8.8586235],"to":[8.09,6.942275,11.858624],"rotation":{"angle":-45.0,"axis":"x","origin":[7.28,4.1445255,10.823624]},"faces":{"down":{"uv":[7.125,8.375,7.5,9.0],"rotation":0,"texture":"#0","tintindex":0},"east":{"uv":[1.875,7.625,1.25,8.375],"rotation":0,"texture":"#0","tintindex":0},"north":{"uv":[5.375,8.125,5.0,8.875],"rotation":0,"texture":"#0","tintindex":0},"south":{"uv":[5.75,8.125,5.375,8.875],"rotation":0,"texture":"#0","tintindex":0},"up":{"uv":[1.5,9.0,1.875,8.375],"rotation":0,"texture":"#0","tintindex":0},"west":{"uv":[8.125,5.625,7.5,6.375],"rotation":0,"texture":"#0","tintindex":0}}},{"name":"cube","from":[6.35,3.3422754,11.798624],"to":[6.35,9.342276,14.198624],"rotation":{"angle":-45.0,"axis":"x","origin":[7.28,4.1445255,10.823624]},"faces":{"down":{"uv":[0.0,0.0,0.0,0.5],"rotation":0,"texture":"#0","tintindex":0},"east":{"uv":[3.75,5.75,4.25,7.0],"rotation":0,"texture":"#0","tintindex":0},"north":{"uv":[0.0,0.0,0.0,1.25],"rotation":0,"texture":"#0","tintindex":0},"south":{"uv":[0.0,0.0,0.0,1.25],"rotation":0,"texture":"#0","tintindex":0},"up":{"uv":[0.0,0.5,0.0,0.0],"rotation":0,"texture":"#0","tintindex":0},"west":{"uv":[4.25,5.75,3.75,7.0],"rotation":0,"texture":"#0","tintindex":0}}},{"name":"cube","from":[5.99,4.9800463,4.7536874],"to":[8.389999,9.780047,9.553688],"rotation":{"angle":-22.5,"axis":"x","origin":[7.28,8.542296,8.458688]},"faces":{"down":{"uv":[2.75,7.5,3.25,8.5],"rotation":0,"texture":"#0","tintindex":0},"east":{"uv":[4.25,4.75,3.25,5.75],"rotation":0,"texture":"#0","tintindex":0},"north":{"uv":[7.625,4.625,7.125,5.625],"rotation":0,"texture":"#0","tintindex":0},"south":{"uv":[7.375,7.375,6.875,8.375],"rotation":0,"texture":"#0","tintindex":0},"up":{"uv":[7.375,8.375,7.875,7.375],"rotation":0,"texture":"#0","tintindex":0},"west":{"uv":[5.625,0.0,4.625,1.0],"rotation":0,"texture":"#0","tintindex":0}}}],"display":{"head":{"translation":[0.0,-6.4,0.0],"rotation":[0.0,0.0,0.0],"scale":[3.8095,3.8095,3.8095]}}}