{"textures":{"0":"modelengine:entity/direwolf"},"elements":[{"name":"cube","from":[6.92,4.4238787,6.232954],"to":[8.12,8.023878,8.032953],"rotation":{"angle":0.0,"axis":"x","origin":[7.835,10.423879,7.0129538]},"faces":{"down":{"uv":[9.0,6.375,9.25,6.75],"rotation":0,"texture":"#0","tintindex":0},"east":{"uv":[6.125,8.125,5.75,8.875],"rotation":0,"texture":"#0","tintindex":0},"north":{"uv":[2.125,8.875,1.875,9.625],"rotation":0,"texture":"#0","tintindex":0},"south":{"uv":[9.125,1.875,8.875,2.625],"rotation":0,"texture":"#0","tintindex":0},"up":{"uv":[2.125,9.25,2.375,8.875],"rotation":0,"texture":"#0","tintindex":0},"west":{"uv":[8.5,5.625,8.125,6.375],"rotation":0,"texture":"#0","tintindex":0}}},{"name":"cube","from":[6.71,2.8638787,5.7529535],"to":[8.51,4.6638784,8.152954],"rotation":{"angle":0.0,"axis":"x","origin":[7.4449997,11.983879,7.0129538]},"faces":{"down":{"uv":[8.875,4.125,9.25,4.625],"rotation":0,"texture":"#0","tintindex":0},"east":{"uv":[9.375,2.625,8.875,3.0],"rotation":0,"texture":"#0","tintindex":0},"north":{"uv":[9.375,0.0,9.0,0.375],"rotation":0,"texture":"#0","tintindex":0},"south":{"uv":[9.375,1.125,9.0,1.5],"rotation":0,"texture":"#0","tintindex":0},"up":{"uv":[2.75,9.375,3.125,8.875],"rotation":0,"texture":"#0","tintindex":0},"west":{"uv":[9.25,7.25,8.75,7.625],"rotation":0,"texture":"#0","tintindex":0}}},{"name":"cube","from":[6.3050003,3.2575748,4.5258384],"to":[8.705,5.0575747,6.3258386],"rotation":{"angle":45.0,"axis":"x","origin":[7.4449997,3.6429977,5.0308204]},"faces":{"down":{"uv":[5.125,8.875,5.625,9.25],"rotation":0,"texture":"#0","tintindex":0},"east":{"uv":[9.375,1.5,9.0,1.875],"rotation":0,"texture":"#0","tintindex":0},"north":{"uv":[9.375,3.0,8.875,3.375],"rotation":0,"texture":"#0","tintindex":0},"south":{"uv":[5.125,8.875,4.625,9.25],"rotation":0,"texture":"#0","tintindex":0},"up":{"uv":[8.875,5.0,9.375,4.625],"rotation":0,"texture":"#0","tintindex":0},"west":{"uv":[1.75,9.0,1.375,9.375],"rotation":0,"texture":"#0","tintindex":0}}},{"name":"cube","from":[6.3050003,2.3721085,4.4333744],"to":[8.705,3.5721083,4.4333744],"rotation":{"angle":22.5,"axis":"x","origin":[7.4449997,3.7321854,4.8082933]},"faces":{"down":{"uv":[0.0,0.0,0.5,0.0],"rotation":0,"texture":"#0","tintindex":0},"east":{"uv":[0.0,0.0,0.0,0.25],"rotation":0,"texture":"#0","tintindex":0},"north":{"uv":[9.5,5.875,9.0,6.125],"rotation":0,"texture":"#0","tintindex":0},"south":{"uv":[9.5,5.875,9.0,6.125],"rotation":0,"texture":"#0","tintindex":0},"up":{"uv":[0.0,0.0,0.5,0.0],"rotation":0,"texture":"#0","tintindex":0},"west":{"uv":[0.0,0.0,0.0,0.25],"rotation":0,"texture":"#0","tintindex":0}}}],"display":{"head":{"translation":[0.0,-6.4,0.0],"rotation":[0.0,0.0,0.0],"scale":[3.8095,3.8095,3.8095]}}}