{"textures":{"0":"modelengine:entity/direwolf"},"elements":[{"name":"cube","from":[7.91,3.3422754,8.8586235],"to":[9.710001,6.942275,11.858624],"rotation":{"angle":-45.0,"axis":"x","origin":[8.719999,4.1445255,10.823624]},"faces":{"down":{"uv":[7.5,8.375,7.125,9.0],"rotation":0,"texture":"#0","tintindex":0},"east":{"uv":[7.5,5.625,8.125,6.375],"rotation":0,"texture":"#0","tintindex":0},"north":{"uv":[5.0,8.125,5.375,8.875],"rotation":0,"texture":"#0","tintindex":0},"south":{"uv":[5.375,8.125,5.75,8.875],"rotation":0,"texture":"#0","tintindex":0},"up":{"uv":[1.875,9.0,1.5,8.375],"rotation":0,"texture":"#0","tintindex":0},"west":{"uv":[1.25,7.625,1.875,8.375],"rotation":0,"texture":"#0","tintindex":0}}},{"name":"cube","from":[9.65,3.3422754,11.798624],"to":[9.65,9.342276,14.198624],"rotation":{"angle":-45.0,"axis":"x","origin":[8.719999,4.1445255,10.823624]},"faces":{"down":{"uv":[0.0,0.0,0.0,0.5],"rotation":0,"texture":"#0","tintindex":0},"east":{"uv":[3.75,5.75,4.25,7.0],"rotation":0,"texture":"#0","tintindex":0},"north":{"uv":[0.0,0.0,0.0,1.25],"rotation":0,"texture":"#0","tintindex":0},"south":{"uv":[0.0,0.0,0.0,1.25],"rotation":0,"texture":"#0","tintindex":0},"up":{"uv":[0.0,0.5,0.0,0.0],"rotation":0,"texture":"#0","tintindex":0},"west":{"uv":[4.25,5.75,3.75,7.0],"rotation":0,"texture":"#0","tintindex":0}}},{"name":"cube","from":[7.61,4.9800463,4.7536874],"to":[10.01,9.780047,9.553688],"rotation":{"angle":-22.5,"axis":"x","origin":[8.719999,8.542296,8.458688]},"faces":{"down":{"uv":[3.25,7.5,2.75,8.5],"rotation":0,"texture":"#0","tintindex":0},"east":{"uv":[4.625,0.0,5.625,1.0],"rotation":0,"texture":"#0","tintindex":0},"north":{"uv":[7.125,4.625,7.625,5.625],"rotation":0,"texture":"#0","tintindex":0},"south":{"uv":[6.875,7.375,7.375,8.375],"rotation":0,"texture":"#0","tintindex":0},"up":{"uv":[7.875,8.375,7.375,7.375],"rotation":0,"texture":"#0","tintindex":0},"west":{"uv":[3.25,4.75,4.25,5.75],"rotation":0,"texture":"#0","tintindex":0}}}],"display":{"head":{"translation":[0.0,-6.4,0.0],"rotation":[0.0,0.0,0.0],"scale":[3.8095,3.8095,3.8095]}}}