{"textures":{"0":"modelengine:entity/magnussword","1":"modelengine:entity/magnusshield","2":"modelengine:entity/magnus","3":"modelengine:entity/magnusswordfx"},"elements":[{"name":"cube","from":[5.6,2.6,8.0],"to":[10.4,8.0,8.0],"rotation":{"angle":0.0,"axis":"x","origin":[8.0,8.0,8.0]},"faces":{"down":{"uv":[1.0,0.0,0.0,0.0],"rotation":0,"texture":"#2","tintindex":0},"east":{"uv":[0.0,0.0,0.0,1.125],"rotation":0,"texture":"#2","tintindex":0},"north":{"uv":[5.375,11.125,4.375,12.25],"rotation":0,"texture":"#2","tintindex":0},"south":{"uv":[4.375,11.125,5.375,12.25],"rotation":0,"texture":"#2","tintindex":0},"up":{"uv":[1.0,0.0,0.0,0.0],"rotation":0,"texture":"#2","tintindex":0},"west":{"uv":[0.0,0.0,0.0,1.125],"rotation":0,"texture":"#2","tintindex":0}}}],"display":{"head":{"translation":[0.0,-6.4,0.0],"rotation":[0.0,0.0,0.0],"scale":[3.8095,3.8095,3.8095]}}}