{"textures":{"0":"modelengine:entity/magnussword","1":"modelengine:entity/magnusshield","2":"modelengine:entity/magnus","3":"modelengine:entity/magnusswordfx"},"elements":[{"name":"cube","from":[5.67282,-2.2645555,7.4918456],"to":[10.47282,5.535445,13.491846],"rotation":{"angle":0.0,"axis":"x","origin":[10.134565,1.6120496,8.393524]},"faces":{"down":{"uv":[0.0,10.0,1.0,11.25],"rotation":0,"texture":"#2","tintindex":0},"east":{"uv":[7.875,0.0,6.625,1.625],"rotation":0,"texture":"#2","tintindex":0},"north":{"uv":[3.25,8.0,2.25,9.625],"rotation":0,"texture":"#2","tintindex":0},"south":{"uv":[4.25,8.0,3.25,9.625],"rotation":0,"texture":"#2","tintindex":0},"up":{"uv":[5.125,11.125,6.125,9.875],"rotation":0,"texture":"#2","tintindex":0},"west":{"uv":[7.625,5.25,6.375,6.875],"rotation":0,"texture":"#2","tintindex":0}}},{"name":"cube","from":[1.559757,-7.1940155,0.18150806],"to":[4.559757,5.405985,28.98151],"rotation":{"angle":0.0,"axis":"x","origin":[17.74195,-15.123128,13.976785]},"faces":{"down":{"uv":[7.375,6.0,6.75,12.0],"rotation":0,"texture":"#1","tintindex":0},"east":{"uv":[0.0,0.0,6.0,2.625],"rotation":0,"texture":"#1","tintindex":0},"north":{"uv":[8.875,2.0,9.5,4.625],"rotation":0,"texture":"#1","tintindex":0},"south":{"uv":[8.625,8.875,9.25,11.5],"rotation":0,"texture":"#1","tintindex":0},"up":{"uv":[7.375,6.0,6.75,0.0],"rotation":0,"texture":"#1","tintindex":0},"west":{"uv":[0.0,2.625,6.0,5.25],"rotation":0,"texture":"#1","tintindex":0}}},{"name":"cube","from":[-2.243258,4.1988378,-16.0],"to":[7.3567414,4.1988378,-6.4000034],"rotation":{"angle":22.5,"axis":"y","origin":[46.121754,1.2059846,9.781509]},"faces":{"down":{"uv":[6.75,7.25,4.75,5.25],"rotation":180,"texture":"#1","tintindex":0},"east":{"uv":[2.0,0.0,0.0,0.0],"rotation":0,"texture":"#1","tintindex":0},"north":{"uv":[2.0,0.0,0.0,0.0],"rotation":0,"texture":"#1","tintindex":0},"south":{"uv":[2.0,0.0,0.0,0.0],"rotation":0,"texture":"#1","tintindex":0},"up":{"uv":[6.75,5.25,4.75,7.25],"rotation":180,"texture":"#1","tintindex":0},"west":{"uv":[2.0,0.0,0.0,0.0],"rotation":0,"texture":"#1","tintindex":0}}},{"name":"cube","from":[-7.336776,-1.2011628,7.621791],"to":[2.2632232,-1.2011628,17.22179],"rotation":{"angle":45.0,"axis":"y","origin":[-2.536776,-1.2011628,12.421791]},"faces":{"down":{"uv":[4.75,7.25,2.75,5.25],"rotation":180,"texture":"#1","tintindex":0},"east":{"uv":[2.0,0.0,0.0,0.0],"rotation":0,"texture":"#1","tintindex":0},"north":{"uv":[2.0,0.0,0.0,0.0],"rotation":0,"texture":"#1","tintindex":0},"south":{"uv":[2.0,0.0,0.0,0.0],"rotation":0,"texture":"#1","tintindex":0},"up":{"uv":[4.75,5.25,2.75,7.25],"rotation":180,"texture":"#1","tintindex":0},"west":{"uv":[2.0,0.0,0.0,0.0],"rotation":0,"texture":"#1","tintindex":0}}},{"name":"cube","from":[0.35975695,-9.594016,28.98151],"to":[5.159757,7.805985,30.781513],"rotation":{"angle":0.0,"axis":"x","origin":[17.74195,-15.123128,13.976785]},"faces":{"down":{"uv":[11.875,4.0,10.875,4.375],"rotation":0,"texture":"#1","tintindex":0},"east":{"uv":[2.25,8.875,2.625,12.5],"rotation":0,"texture":"#1","tintindex":0},"north":{"uv":[2.75,7.25,3.75,10.875],"rotation":0,"texture":"#1","tintindex":0},"south":{"uv":[3.75,7.25,4.75,10.875],"rotation":0,"texture":"#1","tintindex":0},"up":{"uv":[4.25,11.25,3.25,10.875],"rotation":0,"texture":"#1","tintindex":0},"west":{"uv":[9.375,5.125,9.75,8.75],"rotation":0,"texture":"#1","tintindex":0}}},{"name":"cube","from":[-0.2402432,-5.3940153,0.18150806],"to":[1.559757,-4.1940155,30.781513],"rotation":{"angle":0.0,"axis":"x","origin":[17.74195,-15.123128,13.976785]},"faces":{"down":{"uv":[1.5,8.875,1.125,15.25],"rotation":0,"texture":"#1","tintindex":0},"east":{"uv":[8.875,4.625,15.25,4.875],"rotation":0,"texture":"#1","tintindex":0},"north":{"uv":[8.25,6.5,8.625,6.75],"rotation":0,"texture":"#1","tintindex":0},"south":{"uv":[8.25,6.75,8.625,7.0],"rotation":0,"texture":"#1","tintindex":0},"up":{"uv":[1.125,15.25,0.75,8.875],"rotation":0,"texture":"#1","tintindex":0},"west":{"uv":[8.875,4.875,15.25,5.125],"rotation":0,"texture":"#1","tintindex":0}}},{"name":"cube","from":[-1.019793,-5.3940153,0.7624445],"to":[0.18020606,-4.1940155,3.7624447],"rotation":{"angle":22.5,"axis":"y","origin":[1.6802061,-4.7940154,2.2624445]},"faces":{"down":{"uv":[6.75,7.875,6.5,8.5],"rotation":0,"texture":"#1","tintindex":0},"east":{"uv":[11.875,2.5,12.5,2.75],"rotation":0,"texture":"#1","tintindex":0},"north":{"uv":[8.25,7.5,8.5,7.75],"rotation":0,"texture":"#1","tintindex":0},"south":{"uv":[6.5,8.5,6.75,8.75],"rotation":0,"texture":"#1","tintindex":0},"up":{"uv":[6.75,7.875,6.5,7.25],"rotation":0,"texture":"#1","tintindex":0},"west":{"uv":[11.875,2.75,12.5,3.0],"rotation":0,"texture":"#1","tintindex":0}}},{"name":"cube","from":[-2.9796371,-5.3940153,-2.1706696],"to":[-0.57963824,-4.1940155,0.8293309],"rotation":{"angle":45.0,"axis":"y","origin":[-0.2796383,-4.7940154,-0.67066956]},"faces":{"down":{"uv":[11.625,9.875,11.125,10.5],"rotation":0,"texture":"#1","tintindex":0},"east":{"uv":[11.875,3.0,12.5,3.25],"rotation":0,"texture":"#1","tintindex":0},"north":{"uv":[11.125,7.0,11.625,7.25],"rotation":0,"texture":"#1","tintindex":0},"south":{"uv":[11.125,10.5,11.625,10.75],"rotation":0,"texture":"#1","tintindex":0},"up":{"uv":[11.625,7.0,11.125,6.375],"rotation":0,"texture":"#1","tintindex":0},"west":{"uv":[3.125,11.875,3.75,12.125],"rotation":0,"texture":"#1","tintindex":0}}},{"name":"cube","from":[-5.6402445,-5.3940153,-2.2184916],"to":[-1.4402442,-4.1940155,0.18150806],"rotation":{"angle":0.0,"axis":"x","origin":[17.74195,-15.123128,13.976785]},"faces":{"down":{"uv":[10.875,4.0,10.0,4.5],"rotation":0,"texture":"#1","tintindex":0},"east":{"uv":[3.75,11.875,4.25,12.125],"rotation":0,"texture":"#1","tintindex":0},"north":{"uv":[10.875,4.375,11.75,4.625],"rotation":0,"texture":"#1","tintindex":0},"south":{"uv":[11.75,4.375,12.625,4.625],"rotation":0,"texture":"#1","tintindex":0},"up":{"uv":[10.625,8.75,9.75,8.25],"rotation":0,"texture":"#1","tintindex":0},"west":{"uv":[4.75,11.875,5.25,12.125],"rotation":0,"texture":"#1","tintindex":0}}},{"name":"cube","from":[-5.6402445,1.8059846,-2.2184916],"to":[-1.4402442,3.0059848,0.18150806],"rotation":{"angle":0.0,"axis":"x","origin":[17.74195,-7.9231253,13.976785]},"faces":{"down":{"uv":[11.125,5.625,10.25,6.125],"rotation":0,"texture":"#1","tintindex":0},"east":{"uv":[11.875,5.125,12.375,5.375],"rotation":0,"texture":"#1","tintindex":0},"north":{"uv":[11.75,11.375,12.625,11.625],"rotation":0,"texture":"#1","tintindex":0},"south":{"uv":[11.75,11.625,12.625,11.875],"rotation":0,"texture":"#1","tintindex":0},"up":{"uv":[11.125,5.625,10.25,5.125],"rotation":0,"texture":"#1","tintindex":0},"west":{"uv":[11.875,5.375,12.375,5.625],"rotation":0,"texture":"#1","tintindex":0}}},{"name":"cube","from":[-2.9796371,1.8059846,-2.1706696],"to":[-0.57963824,3.0059848,0.8293309],"rotation":{"angle":45.0,"axis":"y","origin":[-0.2796383,2.4059846,-0.67066956]},"faces":{"down":{"uv":[4.25,11.25,3.75,11.875],"rotation":0,"texture":"#1","tintindex":0},"east":{"uv":[11.875,3.25,12.5,3.5],"rotation":0,"texture":"#1","tintindex":0},"north":{"uv":[5.75,11.875,6.25,12.125],"rotation":0,"texture":"#1","tintindex":0},"south":{"uv":[6.25,11.875,6.75,12.125],"rotation":0,"texture":"#1","tintindex":0},"up":{"uv":[3.75,11.875,3.25,11.25],"rotation":0,"texture":"#1","tintindex":0},"west":{"uv":[11.875,3.5,12.5,3.75],"rotation":0,"texture":"#1","tintindex":0}}},{"name":"cube","from":[-1.019793,1.8059846,0.7624445],"to":[0.18020606,3.0059848,3.7624447],"rotation":{"angle":22.5,"axis":"y","origin":[1.6802061,2.4059846,2.2624445]},"faces":{"down":{"uv":[8.5,5.875,8.25,6.5],"rotation":0,"texture":"#1","tintindex":0},"east":{"uv":[11.875,3.75,12.5,4.0],"rotation":0,"texture":"#1","tintindex":0},"north":{"uv":[6.5,8.75,6.75,9.0],"rotation":0,"texture":"#1","tintindex":0},"south":{"uv":[6.5,9.0,6.75,9.25],"rotation":0,"texture":"#1","tintindex":0},"up":{"uv":[8.5,5.875,8.25,5.25],"rotation":0,"texture":"#1","tintindex":0},"west":{"uv":[11.875,4.0,12.5,4.25],"rotation":0,"texture":"#1","tintindex":0}}},{"name":"cube","from":[-0.2402432,1.8059846,0.18150806],"to":[1.559757,3.0059848,30.781513],"rotation":{"angle":0.0,"axis":"x","origin":[17.74195,-7.9231253,13.976785]},"faces":{"down":{"uv":[2.25,8.875,1.875,15.25],"rotation":0,"texture":"#1","tintindex":0},"east":{"uv":[9.25,8.875,15.625,9.125],"rotation":0,"texture":"#1","tintindex":0},"north":{"uv":[8.25,7.0,8.625,7.25],"rotation":0,"texture":"#1","tintindex":0},"south":{"uv":[8.25,7.25,8.625,7.5],"rotation":0,"texture":"#1","tintindex":0},"up":{"uv":[1.875,15.25,1.5,8.875],"rotation":0,"texture":"#1","tintindex":0},"west":{"uv":[9.25,9.125,15.625,9.375],"rotation":0,"texture":"#1","tintindex":0}}},{"name":"cube","from":[-1.4402442,-9.594016,-3.4184923],"to":[5.159757,7.805985,0.18150806],"rotation":{"angle":0.0,"axis":"x","origin":[17.74195,-15.123128,13.976785]},"faces":{"down":{"uv":[11.375,3.25,10.0,4.0],"rotation":0,"texture":"#1","tintindex":0},"east":{"uv":[8.625,5.25,9.375,8.875],"rotation":0,"texture":"#1","tintindex":0},"north":{"uv":[0.0,5.25,1.375,8.875],"rotation":0,"texture":"#1","tintindex":0},"south":{"uv":[1.375,5.25,2.75,8.875],"rotation":0,"texture":"#1","tintindex":0},"up":{"uv":[11.375,3.25,10.0,2.5],"rotation":0,"texture":"#1","tintindex":0},"west":{"uv":[0.0,8.875,0.75,12.5],"rotation":0,"texture":"#1","tintindex":0}}},{"name":"cube","from":[1.559757,-13.794015,-2.818492],"to":[4.559757,11.405985,0.18150806],"rotation":{"angle":0.0,"axis":"x","origin":[17.74195,-15.123128,13.976785]},"faces":{"down":{"uv":[3.25,10.875,2.625,11.5],"rotation":0,"texture":"#1","tintindex":0},"east":{"uv":[7.375,7.75,8.0,13.0],"rotation":0,"texture":"#1","tintindex":0},"north":{"uv":[6.0,0.0,6.625,5.25],"rotation":0,"texture":"#1","tintindex":0},"south":{"uv":[8.0,7.75,8.625,13.0],"rotation":0,"texture":"#1","tintindex":0},"up":{"uv":[11.25,8.875,10.625,8.25],"rotation":0,"texture":"#1","tintindex":0},"west":{"uv":[8.25,0.0,8.875,5.25],"rotation":0,"texture":"#1","tintindex":0}}},{"name":"cube","from":[0.95975685,-9.594016,0.18150806],"to":[5.159757,-7.1940155,18.78151],"rotation":{"angle":0.0,"axis":"x","origin":[17.74195,-15.123128,13.976785]},"faces":{"down":{"uv":[6.5,7.25,5.625,11.125],"rotation":0,"texture":"#1","tintindex":0},"east":{"uv":[8.875,0.0,12.75,0.5],"rotation":0,"texture":"#1","tintindex":0},"north":{"uv":[10.25,6.125,11.125,6.625],"rotation":0,"texture":"#1","tintindex":0},"south":{"uv":[10.25,6.625,11.125,7.125],"rotation":0,"texture":"#1","tintindex":0},"up":{"uv":[5.625,11.125,4.75,7.25],"rotation":0,"texture":"#1","tintindex":0},"west":{"uv":[8.875,0.5,12.75,1.0],"rotation":0,"texture":"#1","tintindex":0}}},{"name":"cube","from":[2.759757,-9.594016,18.78151],"to":[5.159757,-7.1940155,28.98151],"rotation":{"angle":0.0,"axis":"x","origin":[17.74195,-15.123128,13.976785]},"faces":{"down":{"uv":[10.25,5.125,9.75,7.25],"rotation":0,"texture":"#1","tintindex":0},"east":{"uv":[9.25,9.375,11.375,9.875],"rotation":0,"texture":"#1","tintindex":0},"north":{"uv":[11.25,8.25,11.75,8.75],"rotation":0,"texture":"#1","tintindex":0},"south":{"uv":[11.375,2.5,11.875,3.0],"rotation":0,"texture":"#1","tintindex":0},"up":{"uv":[10.0,4.625,9.5,2.5],"rotation":0,"texture":"#1","tintindex":0},"west":{"uv":[9.5,2.0,11.625,2.5],"rotation":0,"texture":"#1","tintindex":0}}},{"name":"cube","from":[1.3990968,-9.594016,19.84217],"to":[3.949097,-7.1940155,22.39217],"rotation":{"angle":45.0,"axis":"y","origin":[-0.10090327,-5.094016,19.84217]},"faces":{"down":{"uv":[11.75,11.375,11.25,11.875],"rotation":0,"texture":"#1","tintindex":0},"east":{"uv":[11.375,3.5,11.875,4.0],"rotation":0,"texture":"#1","tintindex":0},"north":{"uv":[11.375,3.0,11.875,3.5],"rotation":0,"texture":"#1","tintindex":0},"south":{"uv":[11.375,9.375,11.875,9.875],"rotation":0,"texture":"#1","tintindex":0},"up":{"uv":[11.25,11.875,10.75,11.375],"rotation":0,"texture":"#1","tintindex":0},"west":{"uv":[10.25,11.375,10.75,11.875],"rotation":0,"texture":"#1","tintindex":0}}},{"name":"cube","from":[-1.0009031,-9.594016,1.2421694],"to":[1.3990968,-7.1940155,4.842169],"rotation":{"angle":45.0,"axis":"y","origin":[-2.5009031,-5.094016,1.2421694]},"faces":{"down":{"uv":[5.25,11.125,4.75,11.875],"rotation":0,"texture":"#1","tintindex":0},"east":{"uv":[10.25,10.875,11.0,11.375],"rotation":0,"texture":"#1","tintindex":0},"north":{"uv":[2.625,11.5,3.125,12.0],"rotation":0,"texture":"#1","tintindex":0},"south":{"uv":[8.625,11.5,9.125,12.0],"rotation":0,"texture":"#1","tintindex":0},"up":{"uv":[4.75,11.625,4.25,10.875],"rotation":0,"texture":"#1","tintindex":0},"west":{"uv":[11.0,10.875,11.75,11.375],"rotation":0,"texture":"#1","tintindex":0}}},{"name":"cube","from":[0.95975685,5.405985,0.18150806],"to":[5.159757,7.805985,18.78151],"rotation":{"angle":0.0,"axis":"x","origin":[17.74195,-0.123125315,13.976785]},"faces":{"down":{"uv":[8.25,3.875,7.375,7.75],"rotation":0,"texture":"#1","tintindex":0},"east":{"uv":[8.875,1.0,12.75,1.5],"rotation":0,"texture":"#1","tintindex":0},"north":{"uv":[10.25,9.875,11.125,10.375],"rotation":0,"texture":"#1","tintindex":0},"south":{"uv":[10.25,10.375,11.125,10.875],"rotation":0,"texture":"#1","tintindex":0},"up":{"uv":[8.25,3.875,7.375,0.0],"rotation":0,"texture":"#1","tintindex":0},"west":{"uv":[8.875,1.5,12.75,2.0],"rotation":0,"texture":"#1","tintindex":0}}},{"name":"cube","from":[2.759757,5.405985,18.78151],"to":[5.159757,7.805985,28.98151],"rotation":{"angle":0.0,"axis":"x","origin":[17.74195,-0.123125315,13.976785]},"faces":{"down":{"uv":[10.25,9.875,9.75,12.0],"rotation":0,"texture":"#1","tintindex":0},"east":{"uv":[9.75,7.25,11.875,7.75],"rotation":0,"texture":"#1","tintindex":0},"north":{"uv":[11.625,2.0,12.125,2.5],"rotation":0,"texture":"#1","tintindex":0},"south":{"uv":[4.25,11.625,4.75,12.125],"rotation":0,"texture":"#1","tintindex":0},"up":{"uv":[9.75,12.0,9.25,9.875],"rotation":0,"texture":"#1","tintindex":0},"west":{"uv":[9.75,7.75,11.875,8.25],"rotation":0,"texture":"#1","tintindex":0}}},{"name":"cube","from":[1.3990968,5.405985,19.84217],"to":[3.949097,7.805985,22.39217],"rotation":{"angle":45.0,"axis":"y","origin":[-0.10090327,9.905985,19.84217]},"faces":{"down":{"uv":[12.125,10.375,11.625,10.875],"rotation":0,"texture":"#1","tintindex":0},"east":{"uv":[11.625,5.625,12.125,6.125],"rotation":0,"texture":"#1","tintindex":0},"north":{"uv":[5.25,11.625,5.75,12.125],"rotation":0,"texture":"#1","tintindex":0},"south":{"uv":[11.625,6.125,12.125,6.625],"rotation":0,"texture":"#1","tintindex":0},"up":{"uv":[12.125,10.375,11.625,9.875],"rotation":0,"texture":"#1","tintindex":0},"west":{"uv":[11.625,6.625,12.125,7.125],"rotation":0,"texture":"#1","tintindex":0}}},{"name":"cube","from":[-1.0009031,5.405985,1.2421694],"to":[1.3990968,7.805985,4.842169],"rotation":{"angle":45.0,"axis":"y","origin":[-2.5009031,9.905985,1.2421694]},"faces":{"down":{"uv":[6.5,11.125,6.0,11.875],"rotation":0,"texture":"#1","tintindex":0},"east":{"uv":[11.125,5.125,11.875,5.625],"rotation":0,"texture":"#1","tintindex":0},"north":{"uv":[11.75,8.25,12.25,8.75],"rotation":0,"texture":"#1","tintindex":0},"south":{"uv":[11.75,10.875,12.25,11.375],"rotation":0,"texture":"#1","tintindex":0},"up":{"uv":[11.625,6.375,11.125,5.625],"rotation":0,"texture":"#1","tintindex":0},"west":{"uv":[5.25,11.125,6.0,11.625],"rotation":0,"texture":"#1","tintindex":0}}},{"name":"cube","from":[5.0728197,-3.4645553,6.8918457],"to":[8.67282,0.7354448,14.091846],"rotation":{"angle":0.0,"axis":"x","origin":[10.134565,1.6120496,8.393524]},"faces":{"down":{"uv":[7.375,10.125,8.125,11.625],"rotation":0,"texture":"#2","tintindex":0},"east":{"uv":[11.25,7.0,9.75,7.875],"rotation":0,"texture":"#2","tintindex":0},"north":{"uv":[10.75,12.625,10.0,13.5],"rotation":0,"texture":"#2","tintindex":0},"south":{"uv":[11.5,12.625,10.75,13.5],"rotation":0,"texture":"#2","tintindex":0},"up":{"uv":[5.625,8.5,6.375,7.0],"rotation":0,"texture":"#2","tintindex":0},"west":{"uv":[5.125,9.75,3.625,10.625],"rotation":0,"texture":"#2","tintindex":0}}},{"name":"cube","from":[6.2728195,5.535445,7.4918456],"to":[9.87282,7.935445,12.291845],"rotation":{"angle":0.0,"axis":"x","origin":[10.134565,1.6120496,8.393524]},"faces":{"down":{"uv":[0.75,12.375,1.5,13.375],"rotation":0,"texture":"#2","tintindex":0},"east":{"uv":[14.5,3.25,13.5,3.75],"rotation":0,"texture":"#2","tintindex":0},"north":{"uv":[14.5,1.875,13.75,2.375],"rotation":0,"texture":"#2","tintindex":0},"south":{"uv":[14.5,4.625,13.75,5.125],"rotation":0,"texture":"#2","tintindex":0},"up":{"uv":[8.0,13.25,8.75,12.25],"rotation":0,"texture":"#2","tintindex":0},"west":{"uv":[14.5,0.5,13.5,1.0],"rotation":0,"texture":"#2","tintindex":0}}},{"name":"cube","from":[5.0728197,1.3354448,6.8918457],"to":[8.67282,4.335445,14.091846],"rotation":{"angle":0.0,"axis":"x","origin":[10.134565,1.6120496,8.393524]},"faces":{"down":{"uv":[3.625,10.625,4.375,12.125],"rotation":0,"texture":"#2","tintindex":0},"east":{"uv":[13.5,10.25,12.0,10.875],"rotation":0,"texture":"#2","tintindex":0},"north":{"uv":[8.25,3.5,7.5,4.125],"rotation":0,"texture":"#2","tintindex":0},"south":{"uv":[8.0,13.5,7.25,14.125],"rotation":0,"texture":"#2","tintindex":0},"up":{"uv":[10.25,11.5,11.0,10.0],"rotation":0,"texture":"#2","tintindex":0},"west":{"uv":[11.75,12.0,10.25,12.625],"rotation":0,"texture":"#2","tintindex":0}}},{"name":"cube","from":[6.2728195,4.335445,12.291845],"to":[9.87282,7.935445,14.691846],"rotation":{"angle":0.0,"axis":"x","origin":[10.134565,1.6120496,8.393524]},"faces":{"down":{"uv":[2.125,13.875,2.875,14.375],"rotation":0,"texture":"#2","tintindex":0},"east":{"uv":[14.25,8.625,13.75,9.375],"rotation":0,"texture":"#2","tintindex":0},"north":{"uv":[13.625,2.5,12.875,3.25],"rotation":0,"texture":"#2","tintindex":0},"south":{"uv":[13.625,4.125,12.875,4.875],"rotation":0,"texture":"#2","tintindex":0},"up":{"uv":[13.875,0.5,14.625,0.0],"rotation":0,"texture":"#2","tintindex":0},"west":{"uv":[14.25,5.125,13.75,5.875],"rotation":0,"texture":"#2","tintindex":0}}}],"display":{"head":{"translation":[0.0,-6.4,-16.21258],"rotation":[0.0,0.0,0.0],"scale":[3.8095,3.8095,3.8095]}}}