{"textures":{"0":"modelengine:entity/medusa_snakehead"},"elements":[{"name":"cube","from":[4.1,3.368403,-5.6989737],"to":[6.5,5.768404,-5.0989733],"rotation":{"angle":22.5,"axis":"x","origin":[5.3,10.308656,8.45922]},"faces":{"down":{"uv":[3.5,2.75,4.0,2.875],"rotation":0,"texture":"#0","tintindex":0},"east":{"uv":[5.875,1.0,5.75,1.5],"rotation":0,"texture":"#0","tintindex":0},"north":{"uv":[8.125,8.25,7.625,8.75],"rotation":0,"texture":"#0","tintindex":0},"south":{"uv":[8.625,8.25,8.125,8.75],"rotation":0,"texture":"#0","tintindex":0},"up":{"uv":[3.0,2.875,3.5,2.75],"rotation":0,"texture":"#0","tintindex":0},"west":{"uv":[2.25,5.375,2.125,5.875],"rotation":0,"texture":"#0","tintindex":0}}},{"name":"cube","from":[3.4999998,6.9148045,-7.2771654],"to":[13.1,9.314805,-0.07716417],"rotation":{"angle":0.0,"axis":"x","origin":[8.3,6.9148045,0.52283573]},"faces":{"down":{"uv":[4.0,2.875,2.0,4.375],"rotation":0,"texture":"#0","tintindex":0},"east":{"uv":[7.25,0.5,8.75,1.0],"rotation":0,"texture":"#0","tintindex":0},"north":{"uv":[7.125,5.75,9.125,6.25],"rotation":0,"texture":"#0","tintindex":0},"south":{"uv":[7.125,6.25,9.125,6.75],"rotation":0,"texture":"#0","tintindex":0},"up":{"uv":[2.0,4.375,0.0,2.875],"rotation":0,"texture":"#0","tintindex":0},"west":{"uv":[7.125,7.25,8.625,7.75],"rotation":0,"texture":"#0","tintindex":0}}},{"name":"cube","from":[3.4999998,5.7148046,-0.07716417],"to":[13.1,9.314805,7.122836],"rotation":{"angle":0.0,"axis":"x","origin":[8.3,6.9148045,0.52283573]},"faces":{"down":{"uv":[6.0,1.5,4.0,3.0],"rotation":0,"texture":"#0","tintindex":0},"east":{"uv":[7.125,2.5,8.625,3.25],"rotation":0,"texture":"#0","tintindex":0},"north":{"uv":[6.0,1.0,8.0,1.75],"rotation":0,"texture":"#0","tintindex":0},"south":{"uv":[6.0,1.75,8.0,2.5],"rotation":0,"texture":"#0","tintindex":0},"up":{"uv":[5.0,1.5,3.0,0.0],"rotation":0,"texture":"#0","tintindex":0},"west":{"uv":[7.125,3.25,8.625,4.0],"rotation":0,"texture":"#0","tintindex":0}}},{"name":"cube","from":[5.0,5.7148046,5.322836],"to":[11.6,12.914805,9.522837],"rotation":{"angle":0.0,"axis":"x","origin":[8.3,6.9148045,0.52283573]},"faces":{"down":{"uv":[7.125,7.0,5.75,7.875],"rotation":0,"texture":"#0","tintindex":0},"east":{"uv":[2.125,6.0,3.0,7.5],"rotation":0,"texture":"#0","tintindex":0},"north":{"uv":[4.375,5.5,5.75,7.0],"rotation":0,"texture":"#0","tintindex":0},"south":{"uv":[5.75,5.5,7.125,7.0],"rotation":0,"texture":"#0","tintindex":0},"up":{"uv":[5.75,7.875,4.375,7.0],"rotation":0,"texture":"#0","tintindex":0},"west":{"uv":[6.25,2.5,7.125,4.0],"rotation":0,"texture":"#0","tintindex":0}}},{"name":"cube","from":[8.9,6.334502,-7.1617355],"to":[12.5,7.5345025,-4.161735],"rotation":{"angle":-22.5,"axis":"x","origin":[11.3,6.9345026,-5.6617355]},"faces":{"down":{"uv":[8.75,1.375,8.0,2.0],"rotation":0,"texture":"#0","tintindex":0},"east":{"uv":[8.625,2.5,9.25,2.75],"rotation":0,"texture":"#0","tintindex":0},"north":{"uv":[3.0,2.5,3.75,2.75],"rotation":0,"texture":"#0","tintindex":0},"south":{"uv":[2.625,8.5,3.375,8.75],"rotation":0,"texture":"#0","tintindex":0},"up":{"uv":[0.75,8.625,0.0,8.0],"rotation":0,"texture":"#0","tintindex":0},"west":{"uv":[8.625,2.75,9.25,3.0],"rotation":0,"texture":"#0","tintindex":0}}},{"name":"cube","from":[9.5,3.1515582,-6.5883245],"to":[11.900001,7.3515577,-4.1883245],"rotation":{"angle":0.0,"axis":"x","origin":[10.700001,3.439361,-5.0766907]},"faces":{"down":{"uv":[2.625,8.5,2.125,9.0],"rotation":0,"texture":"#0","tintindex":0},"east":{"uv":[1.25,8.25,1.75,9.125],"rotation":0,"texture":"#0","tintindex":0},"north":{"uv":[0.75,8.0,1.25,8.875],"rotation":0,"texture":"#0","tintindex":0},"south":{"uv":[5.625,8.25,6.125,9.125],"rotation":0,"texture":"#0","tintindex":0},"up":{"uv":[8.875,8.25,8.375,7.75],"rotation":0,"texture":"#0","tintindex":0},"west":{"uv":[6.125,8.25,6.625,9.125],"rotation":0,"texture":"#0","tintindex":0}}},{"name":"cube","from":[10.1,0.4766469,-6.736521],"to":[11.3,4.076647,-4.9365206],"rotation":{"angle":-45.0,"axis":"x","origin":[11.3,3.7929914,-5.54574]},"faces":{"down":{"uv":[3.875,5.125,3.625,5.5],"rotation":0,"texture":"#0","tintindex":0},"east":{"uv":[3.625,4.375,4.0,5.125],"rotation":0,"texture":"#0","tintindex":0},"north":{"uv":[3.75,1.5,4.0,2.25],"rotation":0,"texture":"#0","tintindex":0},"south":{"uv":[0.0,8.625,0.25,9.375],"rotation":0,"texture":"#0","tintindex":0},"up":{"uv":[4.0,2.625,3.75,2.25],"rotation":0,"texture":"#0","tintindex":0},"west":{"uv":[1.75,8.25,2.125,9.0],"rotation":0,"texture":"#0","tintindex":0}}},{"name":"cube","from":[10.700001,-0.72335315,-6.736521],"to":[10.700001,0.4766469,-5.536521],"rotation":{"angle":-45.0,"axis":"x","origin":[11.3,3.7929914,-5.54574]},"faces":{"down":{"uv":[0.0,0.0,0.0,0.25],"rotation":0,"texture":"#0","tintindex":0},"east":{"uv":[6.0,2.5,6.25,2.75],"rotation":0,"texture":"#0","tintindex":0},"north":{"uv":[0.0,0.0,0.0,0.25],"rotation":0,"texture":"#0","tintindex":0},"south":{"uv":[0.0,0.0,0.0,0.25],"rotation":0,"texture":"#0","tintindex":0},"up":{"uv":[0.0,0.25,0.0,0.0],"rotation":0,"texture":"#0","tintindex":0},"west":{"uv":[6.0,2.75,6.25,3.0],"rotation":0,"texture":"#0","tintindex":0}}},{"name":"cube","from":[4.1,6.334502,-7.1617355],"to":[7.7,7.5345025,-4.161735],"rotation":{"angle":-22.5,"axis":"x","origin":[5.3,6.9345026,-5.6617355]},"faces":{"down":{"uv":[8.0,1.375,8.75,2.0],"rotation":0,"texture":"#0","tintindex":0},"east":{"uv":[9.25,2.75,8.625,3.0],"rotation":0,"texture":"#0","tintindex":0},"north":{"uv":[3.75,2.5,3.0,2.75],"rotation":0,"texture":"#0","tintindex":0},"south":{"uv":[3.375,8.5,2.625,8.75],"rotation":0,"texture":"#0","tintindex":0},"up":{"uv":[0.0,8.625,0.75,8.0],"rotation":0,"texture":"#0","tintindex":0},"west":{"uv":[9.25,2.5,8.625,2.75],"rotation":0,"texture":"#0","tintindex":0}}},{"name":"cube","from":[4.7,3.1515582,-6.5883245],"to":[7.1,7.3515577,-4.1883245],"rotation":{"angle":0.0,"axis":"x","origin":[5.8999996,3.439361,-5.0766907]},"faces":{"down":{"uv":[2.125,8.5,2.625,9.0],"rotation":0,"texture":"#0","tintindex":0},"east":{"uv":[6.625,8.25,6.125,9.125],"rotation":0,"texture":"#0","tintindex":0},"north":{"uv":[1.25,8.0,0.75,8.875],"rotation":0,"texture":"#0","tintindex":0},"south":{"uv":[6.125,8.25,5.625,9.125],"rotation":0,"texture":"#0","tintindex":0},"up":{"uv":[8.375,8.25,8.875,7.75],"rotation":0,"texture":"#0","tintindex":0},"west":{"uv":[1.75,8.25,1.25,9.125],"rotation":0,"texture":"#0","tintindex":0}}},{"name":"cube","from":[5.3,0.4766469,-6.736521],"to":[6.5,4.076647,-4.9365206],"rotation":{"angle":-45.0,"axis":"x","origin":[5.3,3.7929914,-5.54574]},"faces":{"down":{"uv":[3.625,5.125,3.875,5.5],"rotation":0,"texture":"#0","tintindex":0},"east":{"uv":[2.125,8.25,1.75,9.0],"rotation":0,"texture":"#0","tintindex":0},"north":{"uv":[4.0,1.5,3.75,2.25],"rotation":0,"texture":"#0","tintindex":0},"south":{"uv":[0.25,8.625,0.0,9.375],"rotation":0,"texture":"#0","tintindex":0},"up":{"uv":[3.75,2.625,4.0,2.25],"rotation":0,"texture":"#0","tintindex":0},"west":{"uv":[4.0,4.375,3.625,5.125],"rotation":0,"texture":"#0","tintindex":0}}},{"name":"cube","from":[5.8999996,-0.72335315,-6.736521],"to":[5.8999996,0.4766469,-5.536521],"rotation":{"angle":-45.0,"axis":"x","origin":[5.3,3.7929914,-5.54574]},"faces":{"down":{"uv":[0.0,0.0,0.0,0.25],"rotation":0,"texture":"#0","tintindex":0},"east":{"uv":[6.25,2.75,6.0,3.0],"rotation":0,"texture":"#0","tintindex":0},"north":{"uv":[0.0,0.0,0.0,0.25],"rotation":0,"texture":"#0","tintindex":0},"south":{"uv":[0.0,0.0,0.0,0.25],"rotation":0,"texture":"#0","tintindex":0},"up":{"uv":[0.0,0.25,0.0,0.0],"rotation":0,"texture":"#0","tintindex":0},"west":{"uv":[6.25,2.5,6.0,2.75],"rotation":0,"texture":"#0","tintindex":0}}},{"name":"cube","from":[5.3,9.314805,-2.4771647],"to":[11.900001,11.714805,5.322836],"rotation":{"angle":0.0,"axis":"x","origin":[8.3,6.9148045,0.52283573]},"faces":{"down":{"uv":[1.375,5.375,0.0,7.0],"rotation":0,"texture":"#0","tintindex":0},"east":{"uv":[7.125,6.75,8.75,7.25],"rotation":0,"texture":"#0","tintindex":0},"north":{"uv":[7.5,4.0,8.875,4.5],"rotation":0,"texture":"#0","tintindex":0},"south":{"uv":[7.5,4.5,8.875,5.0],"rotation":0,"texture":"#0","tintindex":0},"up":{"uv":[3.625,6.0,2.25,4.375],"rotation":0,"texture":"#0","tintindex":0},"west":{"uv":[7.25,0.0,8.875,0.5],"rotation":0,"texture":"#0","tintindex":0}}},{"name":"cube","from":[10.1,10.964806,-3.0771651],"to":[12.5,13.364805,2.9228358],"rotation":{"angle":-22.5,"axis":"x","origin":[11.3,11.714805,1.4228358]},"faces":{"down":{"uv":[3.5,7.25,3.0,8.5],"rotation":0,"texture":"#0","tintindex":0},"east":{"uv":[7.125,7.75,8.375,8.25],"rotation":0,"texture":"#0","tintindex":0},"north":{"uv":[3.5,8.375,4.0,8.875],"rotation":0,"texture":"#0","tintindex":0},"south":{"uv":[4.0,8.375,4.5,8.875],"rotation":0,"texture":"#0","tintindex":0},"up":{"uv":[3.5,7.25,3.0,6.0],"rotation":0,"texture":"#0","tintindex":0},"west":{"uv":[4.375,7.875,5.625,8.375],"rotation":0,"texture":"#0","tintindex":0}}},{"name":"cube","from":[10.1,11.413232,2.1772275],"to":[12.5,13.813231,5.7772274],"rotation":{"angle":0.0,"axis":"x","origin":[11.3,12.163232,6.677228]},"faces":{"down":{"uv":[7.625,8.25,7.125,9.0],"rotation":0,"texture":"#0","tintindex":0},"east":{"uv":[5.0,1.0,5.75,1.5],"rotation":0,"texture":"#0","tintindex":0},"north":{"uv":[4.5,8.375,5.0,8.875],"rotation":0,"texture":"#0","tintindex":0},"south":{"uv":[5.0,8.375,5.5,8.875],"rotation":0,"texture":"#0","tintindex":0},"up":{"uv":[7.125,9.0,6.625,8.25],"rotation":0,"texture":"#0","tintindex":0},"west":{"uv":[8.0,2.0,8.75,2.5],"rotation":0,"texture":"#0","tintindex":0}}},{"name":"cube","from":[4.1,10.964806,-3.0771651],"to":[6.5,13.364805,2.9228358],"rotation":{"angle":-22.5,"axis":"x","origin":[5.3,11.714805,1.4228358]},"faces":{"down":{"uv":[3.0,7.25,3.5,8.5],"rotation":0,"texture":"#0","tintindex":0},"east":{"uv":[5.625,7.875,4.375,8.375],"rotation":0,"texture":"#0","tintindex":0},"north":{"uv":[4.0,8.375,3.5,8.875],"rotation":0,"texture":"#0","tintindex":0},"south":{"uv":[4.5,8.375,4.0,8.875],"rotation":0,"texture":"#0","tintindex":0},"up":{"uv":[3.0,7.25,3.5,6.0],"rotation":0,"texture":"#0","tintindex":0},"west":{"uv":[8.375,7.75,7.125,8.25],"rotation":0,"texture":"#0","tintindex":0}}},{"name":"cube","from":[4.1,11.413232,2.1772275],"to":[6.5,13.813231,5.7772274],"rotation":{"angle":0.0,"axis":"x","origin":[5.3,12.163232,6.677228]},"faces":{"down":{"uv":[7.125,8.25,7.625,9.0],"rotation":0,"texture":"#0","tintindex":0},"east":{"uv":[8.75,2.0,8.0,2.5],"rotation":0,"texture":"#0","tintindex":0},"north":{"uv":[5.0,8.375,4.5,8.875],"rotation":0,"texture":"#0","tintindex":0},"south":{"uv":[5.5,8.375,5.0,8.875],"rotation":0,"texture":"#0","tintindex":0},"up":{"uv":[6.625,9.0,7.125,8.25],"rotation":0,"texture":"#0","tintindex":0},"west":{"uv":[5.75,1.0,5.0,1.5],"rotation":0,"texture":"#0","tintindex":0}}},{"name":"cube","from":[10.1,9.2,-7.3],"to":[12.5,11.6,-6.700001],"rotation":{"angle":22.5,"axis":"x","origin":[11.6,9.2,-7.000001]},"faces":{"down":{"uv":[4.0,2.75,3.5,2.875],"rotation":0,"texture":"#0","tintindex":0},"east":{"uv":[2.125,5.375,2.25,5.875],"rotation":0,"texture":"#0","tintindex":0},"north":{"uv":[7.625,8.25,8.125,8.75],"rotation":0,"texture":"#0","tintindex":0},"south":{"uv":[8.125,8.25,8.625,8.75],"rotation":0,"texture":"#0","tintindex":0},"up":{"uv":[3.5,2.875,3.0,2.75],"rotation":0,"texture":"#0","tintindex":0},"west":{"uv":[5.75,1.0,5.875,1.5],"rotation":0,"texture":"#0","tintindex":0}}}],"display":{"head":{"translation":[0.0,-6.4,0.0],"rotation":[0.0,0.0,0.0],"scale":[3.8095,3.8095,3.8095]}}}