{"textures":{"0":"modelengine:entity/medusa_snakehead"},"elements":[{"name":"cube","from":[6.2,7.1,-4.0000005],"to":[9.8,7.1,9.8],"rotation":{"angle":0.0,"axis":"x","origin":[8.0,8.3,3.1999998]},"faces":{"down":{"uv":[4.375,5.5,3.625,8.375],"rotation":0,"texture":"#0","tintindex":0},"east":{"uv":[0.0,0.0,2.875,0.0],"rotation":0,"texture":"#0","tintindex":0},"north":{"uv":[0.0,0.0,0.75,0.0],"rotation":0,"texture":"#0","tintindex":0},"south":{"uv":[0.0,0.0,0.75,0.0],"rotation":0,"texture":"#0","tintindex":0},"up":{"uv":[2.125,8.25,1.375,5.375],"rotation":0,"texture":"#0","tintindex":0},"west":{"uv":[0.0,0.0,2.875,0.0],"rotation":0,"texture":"#0","tintindex":0}}},{"name":"cube","from":[6.2,6.1810055,-8.617082],"to":[9.8,6.1810055,-3.8170815],"rotation":{"angle":-22.5,"axis":"x","origin":[8.0,6.1810055,-6.217082]},"faces":{"down":{"uv":[3.0,1.5,3.75,2.5],"rotation":0,"texture":"#0","tintindex":0},"east":{"uv":[0.0,0.0,1.0,0.0],"rotation":0,"texture":"#0","tintindex":0},"north":{"uv":[0.0,0.0,0.75,0.0],"rotation":0,"texture":"#0","tintindex":0},"south":{"uv":[0.0,0.0,0.75,0.0],"rotation":0,"texture":"#0","tintindex":0},"up":{"uv":[3.75,2.5,3.0,1.5],"rotation":0,"texture":"#0","tintindex":0},"west":{"uv":[0.0,0.0,1.0,0.0],"rotation":0,"texture":"#0","tintindex":0}}},{"name":"cube","from":[4.3999996,5.0,-4.0000005],"to":[11.6,6.8,5.6],"rotation":{"angle":0.0,"axis":"x","origin":[8.0,8.0,3.1999998]},"faces":{"down":{"uv":[3.0,0.0,1.5,2.0],"rotation":0,"texture":"#0","tintindex":0},"east":{"uv":[6.25,5.0,9.125,5.375],"rotation":0,"texture":"#0","tintindex":0},"north":{"uv":[5.625,7.875,7.125,8.25],"rotation":0,"texture":"#0","tintindex":0},"south":{"uv":[8.0,1.0,9.5,1.375],"rotation":0,"texture":"#0","tintindex":0},"up":{"uv":[1.5,2.0,0.0,0.0],"rotation":0,"texture":"#0","tintindex":0},"west":{"uv":[7.125,5.375,10.0,5.75],"rotation":0,"texture":"#0","tintindex":0}}},{"name":"cube","from":[2.6,5.0,5.6],"to":[13.400001,9.8,11.6],"rotation":{"angle":0.0,"axis":"x","origin":[8.0,8.0,3.1999998]},"faces":{"down":{"uv":[6.25,4.25,4.0,5.5],"rotation":0,"texture":"#0","tintindex":0},"east":{"uv":[6.25,4.0,7.5,5.0],"rotation":0,"texture":"#0","tintindex":0},"north":{"uv":[0.0,4.375,2.25,5.375],"rotation":0,"texture":"#0","tintindex":0},"south":{"uv":[5.0,0.0,7.25,1.0],"rotation":0,"texture":"#0","tintindex":0},"up":{"uv":[6.25,4.25,4.0,3.0],"rotation":0,"texture":"#0","tintindex":0},"west":{"uv":[0.0,7.0,1.25,8.0],"rotation":0,"texture":"#0","tintindex":0}}}],"display":{"head":{"translation":[0.0,-6.4,0.0],"rotation":[0.0,0.0,0.0],"scale":[3.8095,3.8095,3.8095]}}}