{"textures":{"0":"modelengine:entity/direwolf_desert"},"elements":[{"name":"cube","from":[6.74,5.1335387,2.6612234],"to":[9.08,5.913539,4.581224],"rotation":{"angle":-22.5,"axis":"x","origin":[7.94,6.224069,5.7375293]},"faces":{"down":{"uv":[3.25,8.5,2.75,8.875],"rotation":0,"texture":"#0","tintindex":0},"east":{"uv":[1.25,6.75,1.625,6.875],"rotation":0,"texture":"#0","tintindex":0},"north":{"uv":[5.625,0.875,6.125,1.0],"rotation":0,"texture":"#0","tintindex":0},"south":{"uv":[6.5,0.75,7.0,0.875],"rotation":0,"texture":"#0","tintindex":0},"up":{"uv":[2.375,8.875,1.875,8.5],"rotation":0,"texture":"#0","tintindex":0},"west":{"uv":[7.25,0.625,7.625,0.75],"rotation":0,"texture":"#0","tintindex":0}}},{"name":"cube","from":[6.8900003,5.913539,2.8112235],"to":[8.93,7.1135387,4.581224],"rotation":{"angle":-22.5,"axis":"x","origin":[7.94,6.224069,5.7375293]},"faces":{"down":{"uv":[9.375,3.375,9.0,3.75],"rotation":0,"texture":"#0","tintindex":0},"east":{"uv":[8.0,7.125,8.375,7.375],"rotation":0,"texture":"#0","tintindex":0},"north":{"uv":[5.0,5.625,5.375,5.875],"rotation":0,"texture":"#0","tintindex":0},"south":{"uv":[7.125,9.0,7.5,9.25],"rotation":0,"texture":"#0","tintindex":0},"up":{"uv":[3.5,9.375,3.125,9.0],"rotation":0,"texture":"#0","tintindex":0},"west":{"uv":[7.5,9.0,7.875,9.25],"rotation":0,"texture":"#0","tintindex":0}}},{"name":"cube","from":[8.030001,2.7335386,4.221224],"to":[8.030001,5.1335387,9.381224],"rotation":{"angle":-22.5,"axis":"x","origin":[7.94,5.6840696,5.7375293]},"faces":{"down":{"uv":[0.0,0.0,0.0,1.125],"rotation":0,"texture":"#0","tintindex":0},"east":{"uv":[6.875,6.375,8.0,6.875],"rotation":0,"texture":"#0","tintindex":0},"north":{"uv":[0.0,0.0,0.0,0.5],"rotation":0,"texture":"#0","tintindex":0},"south":{"uv":[0.0,0.0,0.0,0.5],"rotation":0,"texture":"#0","tintindex":0},"up":{"uv":[0.0,1.125,0.0,0.0],"rotation":0,"texture":"#0","tintindex":0},"west":{"uv":[8.0,6.375,6.875,6.875],"rotation":0,"texture":"#0","tintindex":0}}},{"name":"cube","from":[6.74,6.2,1.8799993],"to":[9.08,7.7599998,4.2199993],"rotation":{"angle":0.0,"axis":"x","origin":[8.3,6.2,8.9]},"faces":{"down":{"uv":[8.375,8.125,7.875,8.625],"rotation":0,"texture":"#0","tintindex":0},"east":{"uv":[8.375,8.125,8.875,8.5],"rotation":0,"texture":"#0","tintindex":0},"north":{"uv":[8.375,7.75,8.875,8.125],"rotation":0,"texture":"#0","tintindex":0},"south":{"uv":[8.5,1.125,9.0,1.5],"rotation":0,"texture":"#0","tintindex":0},"up":{"uv":[5.125,1.5,4.625,1.0],"rotation":0,"texture":"#0","tintindex":0},"west":{"uv":[8.5,1.5,9.0,1.875],"rotation":0,"texture":"#0","tintindex":0}}},{"name":"cube","from":[6.8900003,5.0,2.0299993],"to":[8.93,6.2,4.819999],"rotation":{"angle":0.0,"axis":"x","origin":[8.3,6.2,8.9]},"faces":{"down":{"uv":[7.875,8.375,7.5,9.0],"rotation":0,"texture":"#0","tintindex":0},"east":{"uv":[8.0,0.375,8.625,0.625],"rotation":0,"texture":"#0","tintindex":0},"north":{"uv":[7.875,9.0,8.25,9.25],"rotation":0,"texture":"#0","tintindex":0},"south":{"uv":[9.0,8.875,9.375,9.125],"rotation":0,"texture":"#0","tintindex":0},"up":{"uv":[8.75,7.75,8.375,7.125],"rotation":0,"texture":"#0","tintindex":0},"west":{"uv":[8.75,5.625,9.375,5.875],"rotation":0,"texture":"#0","tintindex":0}}},{"name":"cube","from":[5.96,6.2,4.2199993],"to":[9.860001,9.32,8.12],"rotation":{"angle":0.0,"axis":"x","origin":[8.3,6.2,8.9]},"faces":{"down":{"uv":[7.125,1.625,6.25,2.375],"rotation":0,"texture":"#0","tintindex":0},"east":{"uv":[7.25,0.0,8.0,0.625],"rotation":0,"texture":"#0","tintindex":0},"north":{"uv":[2.75,6.875,3.625,7.5],"rotation":0,"texture":"#0","tintindex":0},"south":{"uv":[7.0,0.75,7.875,1.375],"rotation":0,"texture":"#0","tintindex":0},"up":{"uv":[7.0,1.625,6.125,0.875],"rotation":0,"texture":"#0","tintindex":0},"west":{"uv":[5.625,7.5,6.375,8.125],"rotation":0,"texture":"#0","tintindex":0}}},{"name":"cube","from":[9.110001,4.49,6.0199995],"to":[9.110001,9.290001,9.02],"rotation":{"angle":45.0,"axis":"y","origin":[9.110001,6.8899994,6.0199995]},"faces":{"down":{"uv":[0.0,0.0,0.0,0.625],"rotation":0,"texture":"#0","tintindex":0},"east":{"uv":[0.0,6.75,0.625,7.75],"rotation":0,"texture":"#0","tintindex":0},"north":{"uv":[0.0,0.0,0.0,1.0],"rotation":0,"texture":"#0","tintindex":0},"south":{"uv":[0.0,0.0,0.0,1.0],"rotation":0,"texture":"#0","tintindex":0},"up":{"uv":[0.0,0.625,0.0,0.0],"rotation":0,"texture":"#0","tintindex":0},"west":{"uv":[0.0,6.75,0.625,7.75],"rotation":0,"texture":"#0","tintindex":0}}},{"name":"cube","from":[6.59,4.49,6.0199995],"to":[6.59,9.290001,9.02],"rotation":{"angle":-45.0,"axis":"y","origin":[6.59,6.8899994,6.0199995]},"faces":{"down":{"uv":[0.0,0.0,0.0,0.625],"rotation":0,"texture":"#0","tintindex":0},"east":{"uv":[0.625,6.75,0.0,7.75],"rotation":0,"texture":"#0","tintindex":0},"north":{"uv":[0.0,0.0,0.0,1.0],"rotation":0,"texture":"#0","tintindex":0},"south":{"uv":[0.0,0.0,0.0,1.0],"rotation":0,"texture":"#0","tintindex":0},"up":{"uv":[0.0,0.625,0.0,0.0],"rotation":0,"texture":"#0","tintindex":0},"west":{"uv":[0.625,6.75,0.0,7.75],"rotation":0,"texture":"#0","tintindex":0}}},{"name":"cube","from":[8.96,8.09,6.0199995],"to":[8.96,11.09,10.219999],"rotation":{"angle":45.0,"axis":"y","origin":[9.110001,6.8899994,6.0199995]},"faces":{"down":{"uv":[0.0,0.0,0.0,0.875],"rotation":0,"texture":"#0","tintindex":0},"east":{"uv":[4.75,7.0,5.625,7.625],"rotation":0,"texture":"#0","tintindex":0},"north":{"uv":[0.0,0.0,0.0,0.625],"rotation":0,"texture":"#0","tintindex":0},"south":{"uv":[0.0,0.0,0.0,0.625],"rotation":0,"texture":"#0","tintindex":0},"up":{"uv":[0.0,0.875,0.0,0.0],"rotation":0,"texture":"#0","tintindex":0},"west":{"uv":[4.75,7.0,5.625,7.625],"rotation":0,"texture":"#0","tintindex":0}}},{"name":"cube","from":[6.74,8.09,6.0199995],"to":[6.74,11.09,10.219999],"rotation":{"angle":-45.0,"axis":"y","origin":[6.59,6.8899994,6.0199995]},"faces":{"down":{"uv":[0.0,0.0,0.0,0.875],"rotation":0,"texture":"#0","tintindex":0},"east":{"uv":[5.625,7.0,4.75,7.625],"rotation":0,"texture":"#0","tintindex":0},"north":{"uv":[0.0,0.0,0.0,0.625],"rotation":0,"texture":"#0","tintindex":0},"south":{"uv":[0.0,0.0,0.0,0.625],"rotation":0,"texture":"#0","tintindex":0},"up":{"uv":[0.0,0.875,0.0,0.0],"rotation":0,"texture":"#0","tintindex":0},"west":{"uv":[5.625,7.0,4.75,7.625],"rotation":0,"texture":"#0","tintindex":0}}},{"name":"cube","from":[6.74,4.6399994,4.5799994],"to":[9.08,6.2,8.12],"rotation":{"angle":0.0,"axis":"x","origin":[8.3,6.2,8.9]},"faces":{"down":{"uv":[8.375,2.875,7.875,3.625],"rotation":0,"texture":"#0","tintindex":0},"east":{"uv":[7.125,2.0,7.875,2.375],"rotation":0,"texture":"#0","tintindex":0},"north":{"uv":[8.5,3.375,9.0,3.75],"rotation":0,"texture":"#0","tintindex":0},"south":{"uv":[8.5,3.75,9.0,4.125],"rotation":0,"texture":"#0","tintindex":0},"up":{"uv":[4.25,3.25,3.75,2.5],"rotation":0,"texture":"#0","tintindex":0},"west":{"uv":[8.0,6.75,8.75,7.125],"rotation":0,"texture":"#0","tintindex":0}}}],"display":{"head":{"translation":[0.0,-6.4,0.0],"rotation":[0.0,0.0,0.0],"scale":[3.8095,3.8095,3.8095]}}}