{"textures":{"0":"modelengine:entity/direwolf_desert"},"elements":[{"name":"cube","from":[7.88,4.4238787,6.232954],"to":[9.08,8.023878,8.032953],"rotation":{"angle":0.0,"axis":"x","origin":[8.165,10.423879,7.0129538]},"faces":{"down":{"uv":[9.25,6.375,9.0,6.75],"rotation":0,"texture":"#0","tintindex":0},"east":{"uv":[8.125,5.625,8.5,6.375],"rotation":0,"texture":"#0","tintindex":0},"north":{"uv":[1.875,8.875,2.125,9.625],"rotation":0,"texture":"#0","tintindex":0},"south":{"uv":[8.875,1.875,9.125,2.625],"rotation":0,"texture":"#0","tintindex":0},"up":{"uv":[2.375,9.25,2.125,8.875],"rotation":0,"texture":"#0","tintindex":0},"west":{"uv":[5.75,8.125,6.125,8.875],"rotation":0,"texture":"#0","tintindex":0}}},{"name":"cube","from":[7.4900002,2.8638787,5.7529535],"to":[9.29,4.6638784,8.152954],"rotation":{"angle":0.0,"axis":"x","origin":[8.555,11.983879,7.0129538]},"faces":{"down":{"uv":[9.25,4.125,8.875,4.625],"rotation":0,"texture":"#0","tintindex":0},"east":{"uv":[8.75,7.25,9.25,7.625],"rotation":0,"texture":"#0","tintindex":0},"north":{"uv":[9.0,0.0,9.375,0.375],"rotation":0,"texture":"#0","tintindex":0},"south":{"uv":[9.0,1.125,9.375,1.5],"rotation":0,"texture":"#0","tintindex":0},"up":{"uv":[3.125,9.375,2.75,8.875],"rotation":0,"texture":"#0","tintindex":0},"west":{"uv":[8.875,2.625,9.375,3.0],"rotation":0,"texture":"#0","tintindex":0}}},{"name":"cube","from":[7.295,3.2575748,4.5258384],"to":[9.695,5.0575747,6.3258386],"rotation":{"angle":45.0,"axis":"x","origin":[8.555,3.6429977,5.0308204]},"faces":{"down":{"uv":[5.625,8.875,5.125,9.25],"rotation":0,"texture":"#0","tintindex":0},"east":{"uv":[1.375,9.0,1.75,9.375],"rotation":0,"texture":"#0","tintindex":0},"north":{"uv":[8.875,3.0,9.375,3.375],"rotation":0,"texture":"#0","tintindex":0},"south":{"uv":[4.625,8.875,5.125,9.25],"rotation":0,"texture":"#0","tintindex":0},"up":{"uv":[9.375,5.0,8.875,4.625],"rotation":0,"texture":"#0","tintindex":0},"west":{"uv":[9.0,1.5,9.375,1.875],"rotation":0,"texture":"#0","tintindex":0}}},{"name":"cube","from":[7.295,2.3721085,4.4333744],"to":[9.695,3.5721083,4.4333744],"rotation":{"angle":22.5,"axis":"x","origin":[8.555,3.7321854,4.8082933]},"faces":{"down":{"uv":[0.5,0.0,0.0,0.0],"rotation":0,"texture":"#0","tintindex":0},"east":{"uv":[0.0,0.0,0.0,0.25],"rotation":0,"texture":"#0","tintindex":0},"north":{"uv":[9.0,5.875,9.5,6.125],"rotation":0,"texture":"#0","tintindex":0},"south":{"uv":[9.0,5.875,9.5,6.125],"rotation":0,"texture":"#0","tintindex":0},"up":{"uv":[0.5,0.0,0.0,0.0],"rotation":0,"texture":"#0","tintindex":0},"west":{"uv":[0.0,0.0,0.0,0.25],"rotation":0,"texture":"#0","tintindex":0}}}],"display":{"head":{"translation":[0.0,-6.4,0.0],"rotation":[0.0,0.0,0.0],"scale":[3.8095,3.8095,3.8095]}}}