{"textures":{"0":"modelengine:entity/direwolf_desert"},"elements":[{"name":"cube","from":[5.3599997,2.7146719,6.569525],"to":[7.16,5.1146717,8.969525],"rotation":{"angle":-22.5,"axis":"x","origin":[6.83,5.6872983,7.977878]},"faces":{"down":{"uv":[8.5,4.625,8.875,5.125],"rotation":0,"texture":"#0","tintindex":0},"east":{"uv":[8.875,1.875,8.375,2.375],"rotation":0,"texture":"#0","tintindex":0},"north":{"uv":[1.5,5.25,1.125,5.75],"rotation":0,"texture":"#0","tintindex":0},"south":{"uv":[3.625,8.5,3.25,9.0],"rotation":0,"texture":"#0","tintindex":0},"up":{"uv":[8.5,4.625,8.875,4.125],"rotation":0,"texture":"#0","tintindex":0},"west":{"uv":[1.5,8.375,1.0,8.875],"rotation":0,"texture":"#0","tintindex":0}}},{"name":"cube","from":[5.3599997,2.7146719,8.969525],"to":[5.3599997,7.5146723,11.969525],"rotation":{"angle":-22.5,"axis":"x","origin":[6.83,5.6872983,7.977878]},"faces":{"down":{"uv":[0.0,0.0,0.0,0.625],"rotation":0,"texture":"#0","tintindex":0},"east":{"uv":[6.25,6.5,5.625,7.5],"rotation":0,"texture":"#0","tintindex":0},"north":{"uv":[0.0,0.0,0.0,1.0],"rotation":0,"texture":"#0","tintindex":0},"south":{"uv":[0.0,0.0,0.0,1.0],"rotation":0,"texture":"#0","tintindex":0},"up":{"uv":[0.0,0.625,0.0,0.0],"rotation":0,"texture":"#0","tintindex":0},"west":{"uv":[6.25,6.5,5.625,7.5],"rotation":0,"texture":"#0","tintindex":0}}},{"name":"cube","from":[5.15,4.508054,6.5022893],"to":[7.55,9.308054,10.102289],"rotation":{"angle":0.0,"axis":"x","origin":[6.44,5.6872983,7.977878]},"faces":{"down":{"uv":[8.0,1.125,8.5,1.875],"rotation":0,"texture":"#0","tintindex":0},"east":{"uv":[1.875,5.75,1.125,6.75],"rotation":0,"texture":"#0","tintindex":0},"north":{"uv":[4.125,7.0,3.625,8.0],"rotation":0,"texture":"#0","tintindex":0},"south":{"uv":[7.625,3.625,7.125,4.625],"rotation":0,"texture":"#0","tintindex":0},"up":{"uv":[7.875,8.125,8.375,7.375],"rotation":0,"texture":"#0","tintindex":0},"west":{"uv":[5.0,5.625,4.25,6.625],"rotation":0,"texture":"#0","tintindex":0}}}],"display":{"head":{"translation":[0.0,-6.4,0.0],"rotation":[0.0,0.0,0.0],"scale":[3.8095,3.8095,3.8095]}}}