{"textures":{"0":"modelengine:entity/direwolf_desert"},"elements":[{"name":"cube","from":[7.3792934,6.3113174,7.994721],"to":[9.779293,8.711318,12.19472],"rotation":{"angle":45.0,"axis":"z","origin":[7.97,7.53842,8.069721]},"faces":{"down":{"uv":[1.0,7.75,0.5,8.625],"rotation":0,"texture":"#0","tintindex":0},"east":{"uv":[7.625,4.625,8.5,5.125],"rotation":0,"texture":"#0","tintindex":0},"north":{"uv":[8.375,2.375,8.875,2.875],"rotation":0,"texture":"#0","tintindex":0},"south":{"uv":[8.375,2.875,8.875,3.375],"rotation":0,"texture":"#0","tintindex":0},"up":{"uv":[0.5,8.625,0.0,7.75],"rotation":0,"texture":"#0","tintindex":0},"west":{"uv":[4.75,7.625,5.625,8.125],"rotation":0,"texture":"#0","tintindex":0}}},{"name":"cube","from":[7.6792936,6.6113176,7.994721],"to":[9.329294,8.411318,12.794721],"rotation":{"angle":45.0,"axis":"z","origin":[7.97,7.53842,10.469721]},"faces":{"down":{"uv":[2.75,7.625,2.375,8.625],"rotation":0,"texture":"#0","tintindex":0},"east":{"uv":[8.0,0.0,9.0,0.375],"rotation":0,"texture":"#0","tintindex":0},"north":{"uv":[8.625,8.875,9.0,9.25],"rotation":0,"texture":"#0","tintindex":0},"south":{"uv":[0.0,9.0,0.375,9.375],"rotation":0,"texture":"#0","tintindex":0},"up":{"uv":[3.625,8.5,3.25,7.5],"rotation":0,"texture":"#0","tintindex":0},"west":{"uv":[8.0,6.375,9.0,6.75],"rotation":0,"texture":"#0","tintindex":0}}}],"display":{"head":{"translation":[0.0,-6.4,0.0],"rotation":[0.0,0.0,0.0],"scale":[3.8095,3.8095,3.8095]}}}