{"textures":{"0":"modelengine:entity/tiamat_pillar"},"elements":[{"name":"cube","from":[5.0,8.0,5.0],"to":[11.0,15.2,11.0],"rotation":{"angle":0.0,"axis":"x","origin":[8.0,-29.8,8.0]},"faces":{"down":{"uv":[2.5,7.5,3.75,8.75],"rotation":0,"texture":"#0","tintindex":0},"east":{"uv":[1.25,0.0,2.5,1.5],"rotation":0,"texture":"#0","tintindex":0},"north":{"uv":[0.0,0.0,1.25,1.5],"rotation":0,"texture":"#0","tintindex":0},"south":{"uv":[2.5,0.0,3.75,1.5],"rotation":0,"texture":"#0","tintindex":0},"up":{"uv":[1.25,8.75,2.5,10.0],"rotation":0,"texture":"#0","tintindex":0},"west":{"uv":[3.75,0.0,5.0,1.5],"rotation":0,"texture":"#0","tintindex":0}}},{"name":"cube","from":[3.1999998,15.2,3.1999998],"to":[12.8,17.6,12.8],"rotation":{"angle":0.0,"axis":"x","origin":[8.0,-29.8,8.0]},"faces":{"down":{"uv":[7.0,6.0,5.0,8.0],"rotation":0,"texture":"#0","tintindex":0},"east":{"uv":[8.5,1.0,10.5,1.5],"rotation":0,"texture":"#0","tintindex":0},"north":{"uv":[8.5,0.5,10.5,1.0],"rotation":0,"texture":"#0","tintindex":0},"south":{"uv":[8.5,1.5,10.5,2.0],"rotation":0,"texture":"#0","tintindex":0},"up":{"uv":[7.0,6.0,5.0,4.0],"rotation":0,"texture":"#0","tintindex":0},"west":{"uv":[8.5,2.0,10.5,2.5],"rotation":0,"texture":"#0","tintindex":0}}}],"display":{"head":{"translation":[0.0,-6.4,0.0],"rotation":[0.0,0.0,0.0],"scale":[3.8095,3.8095,3.8095]}}}