{"textures":{"0":"modelengine:entity/tiamat_pillar"},"elements":[{"name":"cube","from":[5.0,26.0,9.2],"to":[11.0,30.2,11.0],"rotation":{"angle":0.0,"axis":"x","origin":[8.0,8.0,8.0]},"faces":{"down":{"uv":[2.5,7.5,3.75,7.875],"rotation":0,"texture":"#0","tintindex":0},"east":{"uv":[1.25,4.75,1.625,5.625],"rotation":0,"texture":"#0","tintindex":0},"north":{"uv":[0.0,4.75,1.25,5.625],"rotation":0,"texture":"#0","tintindex":0},"south":{"uv":[2.5,4.75,3.75,5.625],"rotation":0,"texture":"#0","tintindex":0},"up":{"uv":[1.25,8.75,2.5,9.125],"rotation":0,"texture":"#0","tintindex":0},"west":{"uv":[4.625,4.75,5.0,5.625],"rotation":0,"texture":"#0","tintindex":0}}},{"name":"cube","from":[5.0,17.0,5.0],"to":[11.0,26.0,11.0],"rotation":{"angle":0.0,"axis":"x","origin":[8.0,8.0,8.0]},"faces":{"down":{"uv":[2.5,7.5,3.75,8.75],"rotation":0,"texture":"#0","tintindex":0},"east":{"uv":[1.25,5.625,2.5,7.5],"rotation":0,"texture":"#0","tintindex":0},"north":{"uv":[0.0,5.625,1.25,7.5],"rotation":0,"texture":"#0","tintindex":0},"south":{"uv":[2.5,5.625,3.75,7.5],"rotation":0,"texture":"#0","tintindex":0},"up":{"uv":[1.25,8.75,2.5,10.0],"rotation":0,"texture":"#0","tintindex":0},"west":{"uv":[3.75,5.625,5.0,7.5],"rotation":0,"texture":"#0","tintindex":0}}},{"name":"cube","from":[5.0,26.0,5.0],"to":[11.0,29.0,9.2],"rotation":{"angle":0.0,"axis":"x","origin":[8.0,8.0,8.0]},"faces":{"down":{"uv":[2.5,7.5,3.75,8.375],"rotation":0,"texture":"#0","tintindex":0},"east":{"uv":[1.625,5.0,2.5,5.625],"rotation":0,"texture":"#0","tintindex":0},"north":{"uv":[0.0,5.0,1.25,5.625],"rotation":0,"texture":"#0","tintindex":0},"south":{"uv":[2.5,5.0,3.75,5.625],"rotation":0,"texture":"#0","tintindex":0},"up":{"uv":[1.25,8.75,2.5,9.625],"rotation":0,"texture":"#0","tintindex":0},"west":{"uv":[3.75,5.0,4.625,5.625],"rotation":0,"texture":"#0","tintindex":0}}},{"name":"cube","from":[4.3999996,10.4,4.3999996],"to":[11.6,17.0,11.6],"rotation":{"angle":0.0,"axis":"x","origin":[8.0,8.0,8.0]},"faces":{"down":{"uv":[8.5,1.5,7.0,3.0],"rotation":0,"texture":"#0","tintindex":0},"east":{"uv":[7.0,4.375,8.5,5.75],"rotation":0,"texture":"#0","tintindex":0},"north":{"uv":[7.0,3.0,8.5,4.375],"rotation":0,"texture":"#0","tintindex":0},"south":{"uv":[7.0,5.75,8.5,7.125],"rotation":0,"texture":"#0","tintindex":0},"up":{"uv":[8.5,1.5,7.0,0.0],"rotation":0,"texture":"#0","tintindex":0},"west":{"uv":[7.0,7.125,8.5,8.5],"rotation":0,"texture":"#0","tintindex":0}}},{"name":"cube","from":[3.1999998,8.0,3.1999998],"to":[12.8,10.4,12.8],"rotation":{"angle":0.0,"axis":"x","origin":[8.0,8.0,8.0]},"faces":{"down":{"uv":[7.0,2.0,5.0,4.0],"rotation":0,"texture":"#0","tintindex":0},"east":{"uv":[2.5,8.0,4.5,8.5],"rotation":0,"texture":"#0","tintindex":0},"north":{"uv":[2.5,7.5,4.5,8.0],"rotation":0,"texture":"#0","tintindex":0},"south":{"uv":[4.5,8.0,6.5,8.5],"rotation":0,"texture":"#0","tintindex":0},"up":{"uv":[7.0,2.0,5.0,0.0],"rotation":0,"texture":"#0","tintindex":0},"west":{"uv":[8.5,0.0,10.5,0.5],"rotation":0,"texture":"#0","tintindex":0}}}],"display":{"head":{"translation":[0.0,-6.4,0.0],"rotation":[0.0,0.0,0.0],"scale":[3.8095,3.8095,3.8095]}}}