{"textures":{"0":"modelengine:entity/shard"},"elements":[{"name":"cube","from":[6.5,5.6,6.5],"to":[7.7,9.2,9.5],"rotation":{"angle":0.0,"axis":"x","origin":[10.4,-3.4000006,7.4]},"faces":{"down":{"uv":[3.5,12.0,4.0,13.25],"rotation":0,"texture":"#0","tintindex":0},"east":{"uv":[10.5,9.0,9.25,10.5],"rotation":0,"texture":"#0","tintindex":0},"north":{"uv":[2.5,11.25,2.0,12.75],"rotation":0,"texture":"#0","tintindex":0},"south":{"uv":[11.25,11.25,10.75,12.75],"rotation":0,"texture":"#0","tintindex":0},"up":{"uv":[12.0,2.75,12.5,1.5],"rotation":0,"texture":"#0","tintindex":0},"west":{"uv":[10.5,7.5,9.25,9.0],"rotation":0,"texture":"#0","tintindex":0}}}],"display":{"head":{"translation":[0.0,-6.4,0.0],"rotation":[0.0,0.0,0.0],"scale":[3.8095,3.8095,3.8095]}}}