{"textures":{"0":"modelengine:entity/shard"},"elements":[{"name":"cube","from":[7.1,5.0,7.1],"to":[9.5,8.0,8.9],"rotation":{"angle":0.0,"axis":"x","origin":[6.2,5.0,10.4]},"faces":{"down":{"uv":[12.75,4.25,11.75,5.0],"rotation":0,"texture":"#0","tintindex":0},"east":{"uv":[10.0,11.25,10.75,12.5],"rotation":0,"texture":"#0","tintindex":0},"north":{"uv":[0.0,11.0,1.0,12.25],"rotation":0,"texture":"#0","tintindex":0},"south":{"uv":[1.0,11.25,2.0,12.5],"rotation":0,"texture":"#0","tintindex":0},"up":{"uv":[3.5,12.5,2.5,11.75],"rotation":0,"texture":"#0","tintindex":0},"west":{"uv":[11.25,10.5,12.0,11.75],"rotation":0,"texture":"#0","tintindex":0}}}],"display":{"head":{"translation":[0.0,-6.4,0.0],"rotation":[0.0,0.0,0.0],"scale":[3.8095,3.8095,3.8095]}}}