{"textures":{"0":"modelengine:entity/shard"},"elements":[{"name":"cube","from":[5.3,4.3999996,4.1],"to":[10.700001,11.0,10.700001],"rotation":{"angle":0.0,"axis":"x","origin":[8.0,1.3999997,7.4]},"faces":{"down":{"uv":[7.25,2.75,5.0,5.5],"rotation":0,"texture":"#0","tintindex":0},"east":{"uv":[0.0,0.0,2.75,2.75],"rotation":0,"texture":"#0","tintindex":0},"north":{"uv":[2.75,0.0,5.0,2.75],"rotation":0,"texture":"#0","tintindex":0},"south":{"uv":[2.75,2.75,5.0,5.5],"rotation":0,"texture":"#0","tintindex":0},"up":{"uv":[7.25,2.75,5.0,0.0],"rotation":0,"texture":"#0","tintindex":0},"west":{"uv":[0.0,2.75,2.75,5.5],"rotation":0,"texture":"#0","tintindex":0}}},{"name":"cube","from":[5.3,11.0,6.5],"to":[10.700001,16.400002,10.700001],"rotation":{"angle":0.0,"axis":"x","origin":[8.0,1.3999997,7.4]},"faces":{"down":{"uv":[9.5,1.75,7.25,3.5],"rotation":0,"texture":"#0","tintindex":0},"east":{"uv":[4.5,5.5,6.25,7.75],"rotation":0,"texture":"#0","tintindex":0},"north":{"uv":[0.0,5.5,2.25,7.75],"rotation":0,"texture":"#0","tintindex":0},"south":{"uv":[2.25,5.5,4.5,7.75],"rotation":0,"texture":"#0","tintindex":0},"up":{"uv":[9.5,1.75,7.25,0.0],"rotation":0,"texture":"#0","tintindex":0},"west":{"uv":[6.25,5.5,8.0,7.75],"rotation":0,"texture":"#0","tintindex":0}}},{"name":"cube","from":[6.5,11.0,4.7],"to":[9.5,14.6,6.5],"rotation":{"angle":0.0,"axis":"x","origin":[8.0,1.3999997,7.4]},"faces":{"down":{"uv":[13.0,0.75,11.75,1.5],"rotation":0,"texture":"#0","tintindex":0},"east":{"uv":[5.75,10.75,6.5,12.25],"rotation":0,"texture":"#0","tintindex":0},"north":{"uv":[0.0,9.5,1.25,11.0],"rotation":0,"texture":"#0","tintindex":0},"south":{"uv":[9.5,0.0,10.75,1.5],"rotation":0,"texture":"#0","tintindex":0},"up":{"uv":[13.0,0.75,11.75,0.0],"rotation":0,"texture":"#0","tintindex":0},"west":{"uv":[11.25,6.0,12.0,7.5],"rotation":0,"texture":"#0","tintindex":0}}}],"display":{"head":{"translation":[0.0,-6.4,0.0],"rotation":[0.0,0.0,0.0],"scale":[3.8095,3.8095,3.8095]}}}