{"textures":{"0":"modelengine:entity/magnussword","1":"modelengine:entity/magnusshield","2":"modelengine:entity/magnus","3":"modelengine:entity/magnusswordfx","4":"modelengine:entity/magnuscracks"},"elements":[{"name":"cube","from":[7.1,3.1999998,5.6],"to":[9.5,8.0,10.4],"rotation":{"angle":0.0,"axis":"x","origin":[5.0382547,11.276605,5.901678]},"faces":{"down":{"uv":[13.75,8.625,13.25,9.625],"rotation":0,"texture":"#2","tintindex":0},"east":{"uv":[11.25,6.625,12.25,7.625],"rotation":0,"texture":"#2","tintindex":0},"north":{"uv":[13.25,1.375,13.75,2.375],"rotation":0,"texture":"#2","tintindex":0},"south":{"uv":[3.625,13.25,4.125,14.25],"rotation":0,"texture":"#2","tintindex":0},"up":{"uv":[8.5,14.25,8.0,13.25],"rotation":0,"texture":"#2","tintindex":0},"west":{"uv":[8.125,11.25,9.125,12.25],"rotation":0,"texture":"#2","tintindex":0}}},{"name":"cube","from":[5.299999,3.1999998,5.6],"to":[7.1,5.6,10.4],"rotation":{"angle":0.0,"axis":"x","origin":[5.0382547,11.276605,5.901678]},"faces":{"down":{"uv":[4.875,13.75,4.5,14.75],"rotation":0,"texture":"#2","tintindex":0},"east":{"uv":[13.25,9.625,14.25,10.125],"rotation":0,"texture":"#2","tintindex":0},"north":{"uv":[8.625,14.25,9.0,14.75],"rotation":0,"texture":"#2","tintindex":0},"south":{"uv":[14.25,8.625,14.625,9.125],"rotation":0,"texture":"#2","tintindex":0},"up":{"uv":[4.5,14.75,4.125,13.75],"rotation":0,"texture":"#2","tintindex":0},"west":{"uv":[0.0,13.5,1.0,14.0],"rotation":0,"texture":"#2","tintindex":0}}},{"name":"cube","from":[4.6999993,5.6,5.0],"to":[7.1,8.0,8.0],"rotation":{"angle":0.0,"axis":"x","origin":[5.0382547,11.276605,5.901678]},"faces":{"down":{"uv":[14.0,13.875,13.5,14.5],"rotation":0,"texture":"#2","tintindex":0},"east":{"uv":[2.875,13.875,3.5,14.375],"rotation":0,"texture":"#2","tintindex":0},"north":{"uv":[8.25,4.75,8.75,5.25],"rotation":0,"texture":"#2","tintindex":0},"south":{"uv":[14.0,12.125,14.5,12.625],"rotation":0,"texture":"#2","tintindex":0},"up":{"uv":[2.75,8.0,2.25,7.375],"rotation":0,"texture":"#2","tintindex":0},"west":{"uv":[9.375,13.875,10.0,14.375],"rotation":0,"texture":"#2","tintindex":0}}}],"display":{"head":{"translation":[0.0,-6.4,0.0],"rotation":[0.0,0.0,0.0],"scale":[3.8095,3.8095,3.8095]}}}