{"textures":{"0":"modelengine:entity/glume_baby"},"elements":[{"name":"cube","from":[5.0,6.8,5.0],"to":[11.0,12.8,11.0],"rotation":{"angle":0.0,"axis":"x","origin":[8.6,4.3999996,8.0]},"faces":{"down":{"uv":[9.0,5.0,6.5,7.5],"rotation":0,"texture":"#0","tintindex":0},"east":{"uv":[4.0,2.5,6.5,5.0],"rotation":0,"texture":"#0","tintindex":0},"north":{"uv":[4.0,0.0,6.5,2.5],"rotation":0,"texture":"#0","tintindex":0},"south":{"uv":[4.0,5.0,6.5,7.5],"rotation":0,"texture":"#0","tintindex":0},"up":{"uv":[9.0,5.0,6.5,2.5],"rotation":0,"texture":"#0","tintindex":0},"west":{"uv":[6.5,0.0,9.0,2.5],"rotation":0,"texture":"#0","tintindex":0}}}],"display":{"head":{"translation":[0.0,-6.4,0.0],"rotation":[0.0,0.0,0.0],"scale":[3.8095,3.8095,3.8095]}}}