{"textures":{"0":"modelengine:entity/glume_baby"},"elements":[{"name":"cube","from":[5.6,14.049999,5.6],"to":[10.4,16.45,10.4],"rotation":{"angle":0.0,"axis":"x","origin":[8.0,12.650001,8.0]},"faces":{"down":{"uv":[8.0,7.5,6.0,9.5],"rotation":0,"texture":"#0","tintindex":0},"east":{"uv":[7.5,9.5,9.5,10.5],"rotation":0,"texture":"#0","tintindex":0},"north":{"uv":[5.5,9.5,7.5,10.5],"rotation":0,"texture":"#0","tintindex":0},"south":{"uv":[9.5,9.5,11.5,10.5],"rotation":0,"texture":"#0","tintindex":0},"up":{"uv":[6.0,9.5,4.0,7.5],"rotation":0,"texture":"#0","tintindex":0},"west":{"uv":[0.0,10.0,2.0,11.0],"rotation":0,"texture":"#0","tintindex":0}}},{"name":"cube","from":[3.1999998,11.65,3.1999998],"to":[12.8,14.049999,12.8],"rotation":{"angle":0.0,"axis":"x","origin":[8.0,12.650001,8.0]},"faces":{"down":{"uv":[4.0,4.0,0.0,8.0],"rotation":0,"texture":"#0","tintindex":0},"east":{"uv":[8.0,7.5,12.0,8.5],"rotation":0,"texture":"#0","tintindex":0},"north":{"uv":[0.0,8.0,4.0,9.0],"rotation":0,"texture":"#0","tintindex":0},"south":{"uv":[8.0,8.5,12.0,9.5],"rotation":0,"texture":"#0","tintindex":0},"up":{"uv":[4.0,4.0,0.0,0.0],"rotation":0,"texture":"#0","tintindex":0},"west":{"uv":[0.0,9.0,4.0,10.0],"rotation":0,"texture":"#0","tintindex":0}}},{"name":"cube","from":[6.2,8.049999,6.2],"to":[9.8,11.65,9.8],"rotation":{"angle":0.0,"axis":"x","origin":[8.0,12.650001,8.0]},"faces":{"down":{"uv":[5.5,9.5,4.0,11.0],"rotation":0,"texture":"#0","tintindex":0},"east":{"uv":[9.0,1.5,10.5,3.0],"rotation":0,"texture":"#0","tintindex":0},"north":{"uv":[9.0,0.0,10.5,1.5],"rotation":0,"texture":"#0","tintindex":0},"south":{"uv":[9.0,3.0,10.5,4.5],"rotation":0,"texture":"#0","tintindex":0},"up":{"uv":[10.5,7.5,9.0,6.0],"rotation":0,"texture":"#0","tintindex":0},"west":{"uv":[9.0,4.5,10.5,6.0],"rotation":0,"texture":"#0","tintindex":0}}}],"display":{"head":{"translation":[0.0,-6.4,0.0],"rotation":[0.0,0.0,0.0],"scale":[3.8095,3.8095,3.8095]}}}