{"textures":{"0":"modelengine:entity/glume_baby"},"elements":[{"name":"cube","from":[6.5,6.1086555,6.64078],"to":[8.9,9.108656,9.6407795],"rotation":{"angle":0.0,"axis":"x","origin":[10.700001,4.908655,8.440781]},"faces":{"down":{"uv":[11.5,5.0,10.5,6.25],"rotation":0,"texture":"#0","tintindex":0},"east":{"uv":[2.0,10.0,3.25,11.25],"rotation":0,"texture":"#0","tintindex":0},"north":{"uv":[10.5,1.25,11.5,2.5],"rotation":0,"texture":"#0","tintindex":0},"south":{"uv":[10.5,2.5,11.5,3.75],"rotation":0,"texture":"#0","tintindex":0},"up":{"uv":[11.5,5.0,10.5,3.75],"rotation":0,"texture":"#0","tintindex":0},"west":{"uv":[10.5,0.0,11.75,1.25],"rotation":0,"texture":"#0","tintindex":0}}},{"name":"cube","from":[6.8,5.298743,6.8018813],"to":[8.6,6.498743,8.001882],"rotation":{"angle":-22.5,"axis":"x","origin":[7.4,5.8987427,7.7018814]},"faces":{"down":{"uv":[7.0,10.5,6.25,11.0],"rotation":0,"texture":"#0","tintindex":0},"east":{"uv":[8.5,10.5,9.0,11.0],"rotation":0,"texture":"#0","tintindex":0},"north":{"uv":[3.25,10.0,4.0,10.5],"rotation":0,"texture":"#0","tintindex":0},"south":{"uv":[3.25,10.5,4.0,11.0],"rotation":0,"texture":"#0","tintindex":0},"up":{"uv":[6.25,11.0,5.5,10.5],"rotation":0,"texture":"#0","tintindex":0},"west":{"uv":[9.0,10.5,9.5,11.0],"rotation":0,"texture":"#0","tintindex":0}}},{"name":"cube","from":[6.8,5.0,7.1],"to":[8.6,6.2,8.3],"rotation":{"angle":0.0,"axis":"x","origin":[7.4,5.6,8.0]},"faces":{"down":{"uv":[8.5,10.5,7.75,11.0],"rotation":0,"texture":"#0","tintindex":0},"east":{"uv":[9.5,10.5,10.0,11.0],"rotation":0,"texture":"#0","tintindex":0},"north":{"uv":[10.5,6.25,11.25,6.75],"rotation":0,"texture":"#0","tintindex":0},"south":{"uv":[10.5,6.75,11.25,7.25],"rotation":0,"texture":"#0","tintindex":0},"up":{"uv":[7.75,11.0,7.0,10.5],"rotation":0,"texture":"#0","tintindex":0},"west":{"uv":[10.0,10.5,10.5,11.0],"rotation":0,"texture":"#0","tintindex":0}}}],"display":{"head":{"translation":[0.0,-6.4,0.0],"rotation":[0.0,0.0,0.0],"scale":[3.8095,3.8095,3.8095]}}}