{"textures":{"0":"modelengine:entity/glume_baby"},"elements":[{"name":"cube","from":[7.1,6.1086555,6.64078],"to":[9.5,9.108656,9.6407795],"rotation":{"angle":0.0,"axis":"x","origin":[5.3,4.908655,8.440781]},"faces":{"down":{"uv":[10.5,5.0,11.5,6.25],"rotation":0,"texture":"#0","tintindex":0},"east":{"uv":[11.75,0.0,10.5,1.25],"rotation":0,"texture":"#0","tintindex":0},"north":{"uv":[11.5,1.25,10.5,2.5],"rotation":0,"texture":"#0","tintindex":0},"south":{"uv":[11.5,2.5,10.5,3.75],"rotation":0,"texture":"#0","tintindex":0},"up":{"uv":[10.5,5.0,11.5,3.75],"rotation":0,"texture":"#0","tintindex":0},"west":{"uv":[3.25,10.0,2.0,11.25],"rotation":0,"texture":"#0","tintindex":0}}},{"name":"cube","from":[7.4,5.298743,6.8018813],"to":[9.2,6.498743,8.001882],"rotation":{"angle":-22.5,"axis":"x","origin":[8.6,5.8987427,7.7018814]},"faces":{"down":{"uv":[6.25,10.5,7.0,11.0],"rotation":0,"texture":"#0","tintindex":0},"east":{"uv":[9.5,10.5,9.0,11.0],"rotation":0,"texture":"#0","tintindex":0},"north":{"uv":[4.0,10.0,3.25,10.5],"rotation":0,"texture":"#0","tintindex":0},"south":{"uv":[4.0,10.5,3.25,11.0],"rotation":0,"texture":"#0","tintindex":0},"up":{"uv":[5.5,11.0,6.25,10.5],"rotation":0,"texture":"#0","tintindex":0},"west":{"uv":[9.0,10.5,8.5,11.0],"rotation":0,"texture":"#0","tintindex":0}}},{"name":"cube","from":[7.4,5.0,7.1],"to":[9.2,6.2,8.3],"rotation":{"angle":0.0,"axis":"x","origin":[8.6,5.6,8.0]},"faces":{"down":{"uv":[7.75,10.5,8.5,11.0],"rotation":0,"texture":"#0","tintindex":0},"east":{"uv":[10.5,10.5,10.0,11.0],"rotation":0,"texture":"#0","tintindex":0},"north":{"uv":[11.25,6.25,10.5,6.75],"rotation":0,"texture":"#0","tintindex":0},"south":{"uv":[11.25,6.75,10.5,7.25],"rotation":0,"texture":"#0","tintindex":0},"up":{"uv":[7.0,11.0,7.75,10.5],"rotation":0,"texture":"#0","tintindex":0},"west":{"uv":[10.0,10.5,9.5,11.0],"rotation":0,"texture":"#0","tintindex":0}}}],"display":{"head":{"translation":[0.0,-6.4,0.0],"rotation":[0.0,0.0,0.0],"scale":[3.8095,3.8095,3.8095]}}}