{"textures":{"0":"modelengine:entity/concussion"},"elements":[{"name":"cube","from":[13.03893,7.2386,9.004267],"to":[13.03893,8.7614,11.034666],"rotation":{"angle":-22.5,"axis":"y","origin":[13.03893,8.0,9.004267]},"faces":{"down":{"uv":[0.0,0.0,0.0,4.0],"rotation":0,"texture":"#0","tintindex":0},"east":{"uv":[12.0,2.0,16.0,5.0],"rotation":0,"texture":"#0","tintindex":0},"north":{"uv":[0.0,0.0,0.0,3.0],"rotation":0,"texture":"#0","tintindex":0},"south":{"uv":[0.0,0.0,0.0,3.0],"rotation":0,"texture":"#0","tintindex":0},"up":{"uv":[0.0,4.0,0.0,0.0],"rotation":0,"texture":"#0","tintindex":0},"west":{"uv":[12.0,2.0,16.0,5.0],"rotation":0,"texture":"#0","tintindex":0}}},{"name":"cube","from":[12.262053,7.2386,10.901363],"to":[12.262053,8.7614,12.931764],"rotation":{"angle":-45.0,"axis":"y","origin":[12.262053,8.0,10.901363]},"faces":{"down":{"uv":[0.0,0.0,0.0,4.0],"rotation":0,"texture":"#0","tintindex":0},"east":{"uv":[12.0,2.0,16.0,5.0],"rotation":0,"texture":"#0","tintindex":0},"north":{"uv":[0.0,0.0,0.0,3.0],"rotation":0,"texture":"#0","tintindex":0},"south":{"uv":[0.0,0.0,0.0,3.0],"rotation":0,"texture":"#0","tintindex":0},"up":{"uv":[0.0,4.0,0.0,0.0],"rotation":0,"texture":"#0","tintindex":0},"west":{"uv":[12.0,2.0,16.0,5.0],"rotation":0,"texture":"#0","tintindex":0}}},{"name":"cube","from":[4.890096,7.2386,13.11391],"to":[6.920496,8.7614,13.11391],"rotation":{"angle":-22.5,"axis":"y","origin":[6.920496,8.0,13.11391]},"faces":{"down":{"uv":[0.0,0.0,0.0,4.0],"rotation":270,"texture":"#0","tintindex":0},"east":{"uv":[0.0,0.0,0.0,3.0],"rotation":0,"texture":"#0","tintindex":0},"north":{"uv":[12.0,2.0,16.0,5.0],"rotation":0,"texture":"#0","tintindex":0},"south":{"uv":[12.0,2.0,16.0,5.0],"rotation":0,"texture":"#0","tintindex":0},"up":{"uv":[0.0,4.0,0.0,0.0],"rotation":90,"texture":"#0","tintindex":0},"west":{"uv":[0.0,0.0,0.0,3.0],"rotation":0,"texture":"#0","tintindex":0}}},{"name":"cube","from":[6.920496,7.2386,13.11391],"to":[8.950896,8.7614,13.11391],"rotation":{"angle":0.0,"axis":"y","origin":[8.950896,8.0,13.11391]},"faces":{"down":{"uv":[0.0,0.0,0.0,4.0],"rotation":270,"texture":"#0","tintindex":0},"east":{"uv":[0.0,0.0,0.0,3.0],"rotation":0,"texture":"#0","tintindex":0},"north":{"uv":[12.0,2.0,16.0,5.0],"rotation":0,"texture":"#0","tintindex":0},"south":{"uv":[12.0,2.0,16.0,5.0],"rotation":0,"texture":"#0","tintindex":0},"up":{"uv":[0.0,4.0,0.0,0.0],"rotation":90,"texture":"#0","tintindex":0},"west":{"uv":[0.0,0.0,0.0,3.0],"rotation":0,"texture":"#0","tintindex":0}}},{"name":"cube","from":[8.796125,7.2386,12.336951],"to":[10.826525,8.7614,12.336951],"rotation":{"angle":22.5,"axis":"y","origin":[10.826525,8.0,12.336951]},"faces":{"down":{"uv":[0.0,0.0,0.0,4.0],"rotation":270,"texture":"#0","tintindex":0},"east":{"uv":[0.0,0.0,0.0,3.0],"rotation":0,"texture":"#0","tintindex":0},"north":{"uv":[12.0,2.0,16.0,5.0],"rotation":0,"texture":"#0","tintindex":0},"south":{"uv":[12.0,2.0,16.0,5.0],"rotation":0,"texture":"#0","tintindex":0},"up":{"uv":[0.0,4.0,0.0,0.0],"rotation":90,"texture":"#0","tintindex":0},"west":{"uv":[0.0,0.0,0.0,3.0],"rotation":0,"texture":"#0","tintindex":0}}},{"name":"cube","from":[8.796291,7.2386,3.6837544],"to":[10.826691,8.7614,3.6837544],"rotation":{"angle":-22.5,"axis":"y","origin":[10.826691,8.0,3.6837544]},"faces":{"down":{"uv":[0.0,0.0,0.0,4.0],"rotation":270,"texture":"#0","tintindex":0},"east":{"uv":[0.0,0.0,0.0,3.0],"rotation":0,"texture":"#0","tintindex":0},"north":{"uv":[16.0,2.0,12.0,5.0],"rotation":0,"texture":"#0","tintindex":0},"south":{"uv":[16.0,2.0,12.0,5.0],"rotation":0,"texture":"#0","tintindex":0},"up":{"uv":[0.0,4.0,0.0,0.0],"rotation":90,"texture":"#0","tintindex":0},"west":{"uv":[0.0,0.0,0.0,3.0],"rotation":0,"texture":"#0","tintindex":0}}},{"name":"cube","from":[6.920661,7.2386,2.906797],"to":[8.951061,8.7614,2.906797],"rotation":{"angle":0.0,"axis":"y","origin":[8.951061,8.0,2.906797]},"faces":{"down":{"uv":[0.0,0.0,0.0,4.0],"rotation":270,"texture":"#0","tintindex":0},"east":{"uv":[0.0,0.0,0.0,3.0],"rotation":0,"texture":"#0","tintindex":0},"north":{"uv":[16.0,2.0,12.0,5.0],"rotation":0,"texture":"#0","tintindex":0},"south":{"uv":[16.0,2.0,12.0,5.0],"rotation":0,"texture":"#0","tintindex":0},"up":{"uv":[0.0,4.0,0.0,0.0],"rotation":90,"texture":"#0","tintindex":0},"west":{"uv":[0.0,0.0,0.0,3.0],"rotation":0,"texture":"#0","tintindex":0}}},{"name":"cube","from":[4.890261,7.2386,2.906797],"to":[6.920661,8.7614,2.906797],"rotation":{"angle":22.5,"axis":"y","origin":[6.920661,8.0,2.906797]},"faces":{"down":{"uv":[0.0,0.0,0.0,4.0],"rotation":270,"texture":"#0","tintindex":0},"east":{"uv":[0.0,0.0,0.0,3.0],"rotation":0,"texture":"#0","tintindex":0},"north":{"uv":[16.0,2.0,12.0,5.0],"rotation":0,"texture":"#0","tintindex":0},"south":{"uv":[16.0,2.0,12.0,5.0],"rotation":0,"texture":"#0","tintindex":0},"up":{"uv":[0.0,4.0,0.0,0.0],"rotation":90,"texture":"#0","tintindex":0},"west":{"uv":[0.0,0.0,0.0,3.0],"rotation":0,"texture":"#0","tintindex":0}}},{"name":"cube","from":[12.262002,7.2386,3.089463],"to":[12.262002,8.7614,5.119863],"rotation":{"angle":45.0,"axis":"y","origin":[12.262002,8.0,5.119863]},"faces":{"down":{"uv":[0.0,4.0,0.0,0.0],"rotation":0,"texture":"#0","tintindex":0},"east":{"uv":[16.0,2.0,12.0,5.0],"rotation":0,"texture":"#0","tintindex":0},"north":{"uv":[0.0,0.0,0.0,3.0],"rotation":0,"texture":"#0","tintindex":0},"south":{"uv":[0.0,0.0,0.0,3.0],"rotation":0,"texture":"#0","tintindex":0},"up":{"uv":[0.0,0.0,0.0,4.0],"rotation":0,"texture":"#0","tintindex":0},"west":{"uv":[16.0,2.0,12.0,5.0],"rotation":0,"texture":"#0","tintindex":0}}},{"name":"cube","from":[13.038879,7.2386,4.965125],"to":[13.038879,8.7614,6.9955254],"rotation":{"angle":22.5,"axis":"y","origin":[13.038879,8.0,6.9955254]},"faces":{"down":{"uv":[0.0,4.0,0.0,0.0],"rotation":0,"texture":"#0","tintindex":0},"east":{"uv":[16.0,2.0,12.0,5.0],"rotation":0,"texture":"#0","tintindex":0},"north":{"uv":[0.0,0.0,0.0,3.0],"rotation":0,"texture":"#0","tintindex":0},"south":{"uv":[0.0,0.0,0.0,3.0],"rotation":0,"texture":"#0","tintindex":0},"up":{"uv":[0.0,0.0,0.0,4.0],"rotation":0,"texture":"#0","tintindex":0},"west":{"uv":[16.0,2.0,12.0,5.0],"rotation":0,"texture":"#0","tintindex":0}}},{"name":"cube","from":[13.038888,7.2386,6.974082],"to":[13.038888,8.7614,9.004482],"rotation":{"angle":0.0,"axis":"x","origin":[13.038888,8.0,9.004482]},"faces":{"down":{"uv":[0.0,4.0,0.0,0.0],"rotation":0,"texture":"#0","tintindex":0},"east":{"uv":[16.0,2.0,12.0,5.0],"rotation":0,"texture":"#0","tintindex":0},"north":{"uv":[0.0,0.0,0.0,3.0],"rotation":0,"texture":"#0","tintindex":0},"south":{"uv":[0.0,0.0,0.0,3.0],"rotation":0,"texture":"#0","tintindex":0},"up":{"uv":[0.0,0.0,0.0,4.0],"rotation":0,"texture":"#0","tintindex":0},"west":{"uv":[16.0,2.0,12.0,5.0],"rotation":0,"texture":"#0","tintindex":0}}},{"name":"cube","from":[13.038888,7.2386,6.974082],"to":[13.038888,8.7614,9.004482],"rotation":{"angle":0.0,"axis":"x","origin":[13.038888,8.0,9.004482]},"faces":{"down":{"uv":[0.0,4.0,0.0,0.0],"rotation":0,"texture":"#0","tintindex":0},"east":{"uv":[16.0,2.0,12.0,5.0],"rotation":0,"texture":"#0","tintindex":0},"north":{"uv":[0.0,0.0,0.0,3.0],"rotation":0,"texture":"#0","tintindex":0},"south":{"uv":[0.0,0.0,0.0,3.0],"rotation":0,"texture":"#0","tintindex":0},"up":{"uv":[0.0,0.0,0.0,4.0],"rotation":0,"texture":"#0","tintindex":0},"west":{"uv":[16.0,2.0,12.0,5.0],"rotation":0,"texture":"#0","tintindex":0}}},{"name":"cube","from":[13.03893,7.2386,9.0257015],"to":[13.03893,8.7614,11.056102],"rotation":{"angle":-22.5,"axis":"y","origin":[13.03893,8.0,9.0257015]},"faces":{"down":{"uv":[0.0,0.0,0.0,4.0],"rotation":0,"texture":"#0","tintindex":0},"east":{"uv":[12.0,2.0,16.0,5.0],"rotation":0,"texture":"#0","tintindex":0},"north":{"uv":[0.0,0.0,0.0,3.0],"rotation":0,"texture":"#0","tintindex":0},"south":{"uv":[0.0,0.0,0.0,3.0],"rotation":0,"texture":"#0","tintindex":0},"up":{"uv":[0.0,4.0,0.0,0.0],"rotation":0,"texture":"#0","tintindex":0},"west":{"uv":[12.0,2.0,16.0,5.0],"rotation":0,"texture":"#0","tintindex":0}}},{"name":"cube","from":[12.262053,7.2386,10.901363],"to":[12.262053,8.7614,12.931764],"rotation":{"angle":-45.0,"axis":"y","origin":[12.262053,8.0,10.901363]},"faces":{"down":{"uv":[0.0,0.0,0.0,4.0],"rotation":0,"texture":"#0","tintindex":0},"east":{"uv":[12.0,2.0,16.0,5.0],"rotation":0,"texture":"#0","tintindex":0},"north":{"uv":[0.0,0.0,0.0,3.0],"rotation":0,"texture":"#0","tintindex":0},"south":{"uv":[0.0,0.0,0.0,3.0],"rotation":0,"texture":"#0","tintindex":0},"up":{"uv":[0.0,4.0,0.0,0.0],"rotation":0,"texture":"#0","tintindex":0},"west":{"uv":[12.0,2.0,16.0,5.0],"rotation":0,"texture":"#0","tintindex":0}}},{"name":"cube","from":[8.796125,7.2386,12.336951],"to":[10.826525,8.7614,12.336951],"rotation":{"angle":22.5,"axis":"y","origin":[10.826525,8.0,12.336951]},"faces":{"down":{"uv":[0.0,0.0,0.0,4.0],"rotation":270,"texture":"#0","tintindex":0},"east":{"uv":[0.0,0.0,0.0,3.0],"rotation":0,"texture":"#0","tintindex":0},"north":{"uv":[12.0,2.0,16.0,5.0],"rotation":0,"texture":"#0","tintindex":0},"south":{"uv":[12.0,2.0,16.0,5.0],"rotation":0,"texture":"#0","tintindex":0},"up":{"uv":[0.0,4.0,0.0,0.0],"rotation":90,"texture":"#0","tintindex":0},"west":{"uv":[0.0,0.0,0.0,3.0],"rotation":0,"texture":"#0","tintindex":0}}},{"name":"cube","from":[6.920496,7.2386,13.11391],"to":[8.950896,8.7614,13.11391],"rotation":{"angle":0.0,"axis":"y","origin":[8.950896,8.0,13.11391]},"faces":{"down":{"uv":[0.0,0.0,0.0,4.0],"rotation":270,"texture":"#0","tintindex":0},"east":{"uv":[0.0,0.0,0.0,3.0],"rotation":0,"texture":"#0","tintindex":0},"north":{"uv":[12.0,2.0,16.0,5.0],"rotation":0,"texture":"#0","tintindex":0},"south":{"uv":[12.0,2.0,16.0,5.0],"rotation":0,"texture":"#0","tintindex":0},"up":{"uv":[0.0,4.0,0.0,0.0],"rotation":90,"texture":"#0","tintindex":0},"west":{"uv":[0.0,0.0,0.0,3.0],"rotation":0,"texture":"#0","tintindex":0}}},{"name":"cube","from":[3.014772,7.2386,12.336693],"to":[5.045172,8.7614,12.336693],"rotation":{"angle":-45.0,"axis":"y","origin":[5.045172,8.0,12.336693]},"faces":{"down":{"uv":[0.0,0.0,0.0,4.0],"rotation":270,"texture":"#0","tintindex":0},"east":{"uv":[0.0,0.0,0.0,3.0],"rotation":0,"texture":"#0","tintindex":0},"north":{"uv":[12.0,2.0,16.0,5.0],"rotation":0,"texture":"#0","tintindex":0},"south":{"uv":[12.0,2.0,16.0,5.0],"rotation":0,"texture":"#0","tintindex":0},"up":{"uv":[0.0,4.0,0.0,0.0],"rotation":90,"texture":"#0","tintindex":0},"west":{"uv":[0.0,0.0,0.0,3.0],"rotation":0,"texture":"#0","tintindex":0}}},{"name":"cube","from":[3.6090636,7.2386,8.870981],"to":[3.6090636,8.7614,10.901382],"rotation":{"angle":22.5,"axis":"y","origin":[3.6090636,8.0,10.901382]},"faces":{"down":{"uv":[0.0,0.0,0.0,4.0],"rotation":180,"texture":"#0","tintindex":0},"east":{"uv":[12.0,2.0,16.0,5.0],"rotation":0,"texture":"#0","tintindex":0},"north":{"uv":[0.0,0.0,0.0,3.0],"rotation":0,"texture":"#0","tintindex":0},"south":{"uv":[0.0,0.0,0.0,3.0],"rotation":0,"texture":"#0","tintindex":0},"up":{"uv":[0.0,4.0,0.0,0.0],"rotation":180,"texture":"#0","tintindex":0},"west":{"uv":[12.0,2.0,16.0,5.0],"rotation":0,"texture":"#0","tintindex":0}}},{"name":"cube","from":[2.832106,7.2386,6.9953523],"to":[2.832106,8.7614,9.025752],"rotation":{"angle":0.0,"axis":"y","origin":[2.832106,8.0,9.025752]},"faces":{"down":{"uv":[0.0,0.0,0.0,4.0],"rotation":180,"texture":"#0","tintindex":0},"east":{"uv":[12.0,2.0,16.0,5.0],"rotation":0,"texture":"#0","tintindex":0},"north":{"uv":[0.0,0.0,0.0,3.0],"rotation":0,"texture":"#0","tintindex":0},"south":{"uv":[0.0,0.0,0.0,3.0],"rotation":0,"texture":"#0","tintindex":0},"up":{"uv":[0.0,4.0,0.0,0.0],"rotation":180,"texture":"#0","tintindex":0},"west":{"uv":[12.0,2.0,16.0,5.0],"rotation":0,"texture":"#0","tintindex":0}}},{"name":"cube","from":[2.832106,7.2386,4.964952],"to":[2.832106,8.7614,6.9953523],"rotation":{"angle":-22.5,"axis":"y","origin":[2.832106,8.0,6.9953523]},"faces":{"down":{"uv":[0.0,0.0,0.0,4.0],"rotation":180,"texture":"#0","tintindex":0},"east":{"uv":[12.0,2.0,16.0,5.0],"rotation":0,"texture":"#0","tintindex":0},"north":{"uv":[0.0,0.0,0.0,3.0],"rotation":0,"texture":"#0","tintindex":0},"south":{"uv":[0.0,0.0,0.0,3.0],"rotation":0,"texture":"#0","tintindex":0},"up":{"uv":[0.0,4.0,0.0,0.0],"rotation":180,"texture":"#0","tintindex":0},"west":{"uv":[12.0,2.0,16.0,5.0],"rotation":0,"texture":"#0","tintindex":0}}},{"name":"cube","from":[3.6091065,7.2386,3.089107],"to":[3.6091065,8.7614,5.119507],"rotation":{"angle":-45.0,"axis":"y","origin":[3.6091065,8.0,5.119507]},"faces":{"down":{"uv":[0.0,0.0,0.0,4.0],"rotation":180,"texture":"#0","tintindex":0},"east":{"uv":[12.0,2.0,16.0,5.0],"rotation":0,"texture":"#0","tintindex":0},"north":{"uv":[0.0,0.0,0.0,3.0],"rotation":0,"texture":"#0","tintindex":0},"south":{"uv":[0.0,0.0,0.0,3.0],"rotation":0,"texture":"#0","tintindex":0},"up":{"uv":[0.0,4.0,0.0,0.0],"rotation":180,"texture":"#0","tintindex":0},"west":{"uv":[12.0,2.0,16.0,5.0],"rotation":0,"texture":"#0","tintindex":0}}},{"name":"cube","from":[4.9183025,6.4771996,13.165788],"to":[8.471502,10.030399,13.165788],"rotation":{"angle":-22.5,"axis":"y","origin":[6.6949024,8.2538,13.6733885]},"faces":{"down":{"uv":[0.0,0.0,0.0,7.0],"rotation":270,"texture":"#0","tintindex":0},"east":{"uv":[0.0,0.0,0.0,7.0],"rotation":0,"texture":"#0","tintindex":0},"north":{"uv":[0.0,4.0,11.0,16.0],"rotation":0,"texture":"#0","tintindex":0},"south":{"uv":[0.0,4.0,11.0,16.0],"rotation":0,"texture":"#0","tintindex":0},"up":{"uv":[0.0,7.0,0.0,0.0],"rotation":90,"texture":"#0","tintindex":0},"west":{"uv":[0.0,0.0,0.0,7.0],"rotation":0,"texture":"#0","tintindex":0}}},{"name":"cube","from":[4.9183025,6.4771996,2.8342123],"to":[8.471502,10.030399,2.8342123],"rotation":{"angle":22.5,"axis":"y","origin":[6.6949024,8.2538,2.3266125]},"faces":{"down":{"uv":[0.0,0.0,0.0,7.0],"rotation":270,"texture":"#0","tintindex":0},"east":{"uv":[0.0,0.0,0.0,7.0],"rotation":0,"texture":"#0","tintindex":0},"north":{"uv":[11.0,4.0,0.0,16.0],"rotation":0,"texture":"#0","tintindex":0},"south":{"uv":[11.0,4.0,0.0,16.0],"rotation":0,"texture":"#0","tintindex":0},"up":{"uv":[0.0,7.0,0.0,0.0],"rotation":90,"texture":"#0","tintindex":0},"west":{"uv":[0.0,0.0,0.0,7.0],"rotation":0,"texture":"#0","tintindex":0}}}],"display":{"head":{"translation":[0.0,-6.4,0.0],"rotation":[0.0,0.0,0.0],"scale":[3.8095,3.8095,3.8095]}}}