{"textures":{"0":"modelengine:entity/concussion"},"elements":[{"name":"cube","from":[13.360564,7.19,9.068369],"to":[13.360564,8.81,11.22837],"rotation":{"angle":-22.5,"axis":"y","origin":[13.360564,8.0,9.068369]},"faces":{"down":{"uv":[0.0,0.0,0.0,4.0],"rotation":0,"texture":"#0","tintindex":0},"east":{"uv":[12.0,2.0,16.0,5.0],"rotation":0,"texture":"#0","tintindex":0},"north":{"uv":[0.0,0.0,0.0,3.0],"rotation":0,"texture":"#0","tintindex":0},"south":{"uv":[0.0,0.0,0.0,3.0],"rotation":0,"texture":"#0","tintindex":0},"up":{"uv":[0.0,4.0,0.0,0.0],"rotation":0,"texture":"#0","tintindex":0},"west":{"uv":[12.0,2.0,16.0,5.0],"rotation":0,"texture":"#0","tintindex":0}}},{"name":"cube","from":[12.534098,7.19,11.086557],"to":[12.534098,8.81,13.246558],"rotation":{"angle":-45.0,"axis":"y","origin":[12.534098,8.0,11.086557]},"faces":{"down":{"uv":[0.0,0.0,0.0,4.0],"rotation":0,"texture":"#0","tintindex":0},"east":{"uv":[12.0,2.0,16.0,5.0],"rotation":0,"texture":"#0","tintindex":0},"north":{"uv":[0.0,0.0,0.0,3.0],"rotation":0,"texture":"#0","tintindex":0},"south":{"uv":[0.0,0.0,0.0,3.0],"rotation":0,"texture":"#0","tintindex":0},"up":{"uv":[0.0,4.0,0.0,0.0],"rotation":0,"texture":"#0","tintindex":0},"west":{"uv":[12.0,2.0,16.0,5.0],"rotation":0,"texture":"#0","tintindex":0}}},{"name":"cube","from":[4.6915917,7.19,13.44033],"to":[6.8515916,8.81,13.44033],"rotation":{"angle":-22.5,"axis":"y","origin":[6.8515916,8.0,13.44033]},"faces":{"down":{"uv":[0.0,0.0,0.0,4.0],"rotation":270,"texture":"#0","tintindex":0},"east":{"uv":[0.0,0.0,0.0,3.0],"rotation":0,"texture":"#0","tintindex":0},"north":{"uv":[12.0,2.0,16.0,5.0],"rotation":0,"texture":"#0","tintindex":0},"south":{"uv":[12.0,2.0,16.0,5.0],"rotation":0,"texture":"#0","tintindex":0},"up":{"uv":[0.0,4.0,0.0,0.0],"rotation":90,"texture":"#0","tintindex":0},"west":{"uv":[0.0,0.0,0.0,3.0],"rotation":0,"texture":"#0","tintindex":0}}},{"name":"cube","from":[6.8515916,7.19,13.44033],"to":[9.011592,8.81,13.44033],"rotation":{"angle":0.0,"axis":"y","origin":[9.011592,8.0,13.44033]},"faces":{"down":{"uv":[0.0,0.0,0.0,4.0],"rotation":270,"texture":"#0","tintindex":0},"east":{"uv":[0.0,0.0,0.0,3.0],"rotation":0,"texture":"#0","tintindex":0},"north":{"uv":[12.0,2.0,16.0,5.0],"rotation":0,"texture":"#0","tintindex":0},"south":{"uv":[12.0,2.0,16.0,5.0],"rotation":0,"texture":"#0","tintindex":0},"up":{"uv":[0.0,4.0,0.0,0.0],"rotation":90,"texture":"#0","tintindex":0},"west":{"uv":[0.0,0.0,0.0,3.0],"rotation":0,"texture":"#0","tintindex":0}}},{"name":"cube","from":[8.846942,7.19,12.613778],"to":[11.006943,8.81,12.613778],"rotation":{"angle":22.5,"axis":"y","origin":[11.006943,8.0,12.613778]},"faces":{"down":{"uv":[0.0,0.0,0.0,4.0],"rotation":270,"texture":"#0","tintindex":0},"east":{"uv":[0.0,0.0,0.0,3.0],"rotation":0,"texture":"#0","tintindex":0},"north":{"uv":[12.0,2.0,16.0,5.0],"rotation":0,"texture":"#0","tintindex":0},"south":{"uv":[12.0,2.0,16.0,5.0],"rotation":0,"texture":"#0","tintindex":0},"up":{"uv":[0.0,4.0,0.0,0.0],"rotation":90,"texture":"#0","tintindex":0},"west":{"uv":[0.0,0.0,0.0,3.0],"rotation":0,"texture":"#0","tintindex":0}}},{"name":"cube","from":[8.847117,7.19,3.4082496],"to":[11.007118,8.81,3.4082496],"rotation":{"angle":-22.5,"axis":"y","origin":[11.007118,8.0,3.4082496]},"faces":{"down":{"uv":[0.0,0.0,0.0,4.0],"rotation":270,"texture":"#0","tintindex":0},"east":{"uv":[0.0,0.0,0.0,3.0],"rotation":0,"texture":"#0","tintindex":0},"north":{"uv":[16.0,2.0,12.0,5.0],"rotation":0,"texture":"#0","tintindex":0},"south":{"uv":[16.0,2.0,12.0,5.0],"rotation":0,"texture":"#0","tintindex":0},"up":{"uv":[0.0,4.0,0.0,0.0],"rotation":90,"texture":"#0","tintindex":0},"west":{"uv":[0.0,0.0,0.0,3.0],"rotation":0,"texture":"#0","tintindex":0}}},{"name":"cube","from":[6.8517675,7.19,2.581699],"to":[9.011767,8.81,2.581699],"rotation":{"angle":0.0,"axis":"y","origin":[9.011767,8.0,2.581699]},"faces":{"down":{"uv":[0.0,0.0,0.0,4.0],"rotation":270,"texture":"#0","tintindex":0},"east":{"uv":[0.0,0.0,0.0,3.0],"rotation":0,"texture":"#0","tintindex":0},"north":{"uv":[16.0,2.0,12.0,5.0],"rotation":0,"texture":"#0","tintindex":0},"south":{"uv":[16.0,2.0,12.0,5.0],"rotation":0,"texture":"#0","tintindex":0},"up":{"uv":[0.0,4.0,0.0,0.0],"rotation":90,"texture":"#0","tintindex":0},"west":{"uv":[0.0,0.0,0.0,3.0],"rotation":0,"texture":"#0","tintindex":0}}},{"name":"cube","from":[4.691767,7.19,2.581699],"to":[6.8517675,8.81,2.581699],"rotation":{"angle":22.5,"axis":"y","origin":[6.8517675,8.0,2.581699]},"faces":{"down":{"uv":[0.0,0.0,0.0,4.0],"rotation":270,"texture":"#0","tintindex":0},"east":{"uv":[0.0,0.0,0.0,3.0],"rotation":0,"texture":"#0","tintindex":0},"north":{"uv":[16.0,2.0,12.0,5.0],"rotation":0,"texture":"#0","tintindex":0},"south":{"uv":[16.0,2.0,12.0,5.0],"rotation":0,"texture":"#0","tintindex":0},"up":{"uv":[0.0,4.0,0.0,0.0],"rotation":90,"texture":"#0","tintindex":0},"west":{"uv":[0.0,0.0,0.0,3.0],"rotation":0,"texture":"#0","tintindex":0}}},{"name":"cube","from":[12.534044,7.19,2.7760243],"to":[12.534044,8.81,4.9360247],"rotation":{"angle":45.0,"axis":"y","origin":[12.534044,8.0,4.9360247]},"faces":{"down":{"uv":[0.0,4.0,0.0,0.0],"rotation":0,"texture":"#0","tintindex":0},"east":{"uv":[16.0,2.0,12.0,5.0],"rotation":0,"texture":"#0","tintindex":0},"north":{"uv":[0.0,0.0,0.0,3.0],"rotation":0,"texture":"#0","tintindex":0},"south":{"uv":[0.0,0.0,0.0,3.0],"rotation":0,"texture":"#0","tintindex":0},"up":{"uv":[0.0,0.0,0.0,4.0],"rotation":0,"texture":"#0","tintindex":0},"west":{"uv":[16.0,2.0,12.0,5.0],"rotation":0,"texture":"#0","tintindex":0}}},{"name":"cube","from":[13.360511,7.19,4.7714095],"to":[13.360511,8.81,6.93141],"rotation":{"angle":22.5,"axis":"y","origin":[13.360511,8.0,6.93141]},"faces":{"down":{"uv":[0.0,4.0,0.0,0.0],"rotation":0,"texture":"#0","tintindex":0},"east":{"uv":[16.0,2.0,12.0,5.0],"rotation":0,"texture":"#0","tintindex":0},"north":{"uv":[0.0,0.0,0.0,3.0],"rotation":0,"texture":"#0","tintindex":0},"south":{"uv":[0.0,0.0,0.0,3.0],"rotation":0,"texture":"#0","tintindex":0},"up":{"uv":[0.0,0.0,0.0,4.0],"rotation":0,"texture":"#0","tintindex":0},"west":{"uv":[16.0,2.0,12.0,5.0],"rotation":0,"texture":"#0","tintindex":0}}},{"name":"cube","from":[13.360518,7.19,6.9085984],"to":[13.360518,8.81,9.068598],"rotation":{"angle":0.0,"axis":"x","origin":[13.360518,8.0,9.068598]},"faces":{"down":{"uv":[0.0,4.0,0.0,0.0],"rotation":0,"texture":"#0","tintindex":0},"east":{"uv":[16.0,2.0,12.0,5.0],"rotation":0,"texture":"#0","tintindex":0},"north":{"uv":[0.0,0.0,0.0,3.0],"rotation":0,"texture":"#0","tintindex":0},"south":{"uv":[0.0,0.0,0.0,3.0],"rotation":0,"texture":"#0","tintindex":0},"up":{"uv":[0.0,0.0,0.0,4.0],"rotation":0,"texture":"#0","tintindex":0},"west":{"uv":[16.0,2.0,12.0,5.0],"rotation":0,"texture":"#0","tintindex":0}}},{"name":"cube","from":[13.360518,7.19,6.9085984],"to":[13.360518,8.81,9.068598],"rotation":{"angle":0.0,"axis":"x","origin":[13.360518,8.0,9.068598]},"faces":{"down":{"uv":[0.0,4.0,0.0,0.0],"rotation":0,"texture":"#0","tintindex":0},"east":{"uv":[16.0,2.0,12.0,5.0],"rotation":0,"texture":"#0","tintindex":0},"north":{"uv":[0.0,0.0,0.0,3.0],"rotation":0,"texture":"#0","tintindex":0},"south":{"uv":[0.0,0.0,0.0,3.0],"rotation":0,"texture":"#0","tintindex":0},"up":{"uv":[0.0,0.0,0.0,4.0],"rotation":0,"texture":"#0","tintindex":0},"west":{"uv":[16.0,2.0,12.0,5.0],"rotation":0,"texture":"#0","tintindex":0}}},{"name":"cube","from":[13.360564,7.19,9.091171],"to":[13.360564,8.81,11.251172],"rotation":{"angle":-22.5,"axis":"y","origin":[13.360564,8.0,9.091171]},"faces":{"down":{"uv":[0.0,0.0,0.0,4.0],"rotation":0,"texture":"#0","tintindex":0},"east":{"uv":[12.0,2.0,16.0,5.0],"rotation":0,"texture":"#0","tintindex":0},"north":{"uv":[0.0,0.0,0.0,3.0],"rotation":0,"texture":"#0","tintindex":0},"south":{"uv":[0.0,0.0,0.0,3.0],"rotation":0,"texture":"#0","tintindex":0},"up":{"uv":[0.0,4.0,0.0,0.0],"rotation":0,"texture":"#0","tintindex":0},"west":{"uv":[12.0,2.0,16.0,5.0],"rotation":0,"texture":"#0","tintindex":0}}},{"name":"cube","from":[12.534098,7.19,11.086557],"to":[12.534098,8.81,13.246558],"rotation":{"angle":-45.0,"axis":"y","origin":[12.534098,8.0,11.086557]},"faces":{"down":{"uv":[0.0,0.0,0.0,4.0],"rotation":0,"texture":"#0","tintindex":0},"east":{"uv":[12.0,2.0,16.0,5.0],"rotation":0,"texture":"#0","tintindex":0},"north":{"uv":[0.0,0.0,0.0,3.0],"rotation":0,"texture":"#0","tintindex":0},"south":{"uv":[0.0,0.0,0.0,3.0],"rotation":0,"texture":"#0","tintindex":0},"up":{"uv":[0.0,4.0,0.0,0.0],"rotation":0,"texture":"#0","tintindex":0},"west":{"uv":[12.0,2.0,16.0,5.0],"rotation":0,"texture":"#0","tintindex":0}}},{"name":"cube","from":[8.846942,7.19,12.613778],"to":[11.006943,8.81,12.613778],"rotation":{"angle":22.5,"axis":"y","origin":[11.006943,8.0,12.613778]},"faces":{"down":{"uv":[0.0,0.0,0.0,4.0],"rotation":270,"texture":"#0","tintindex":0},"east":{"uv":[0.0,0.0,0.0,3.0],"rotation":0,"texture":"#0","tintindex":0},"north":{"uv":[12.0,2.0,16.0,5.0],"rotation":0,"texture":"#0","tintindex":0},"south":{"uv":[12.0,2.0,16.0,5.0],"rotation":0,"texture":"#0","tintindex":0},"up":{"uv":[0.0,4.0,0.0,0.0],"rotation":90,"texture":"#0","tintindex":0},"west":{"uv":[0.0,0.0,0.0,3.0],"rotation":0,"texture":"#0","tintindex":0}}},{"name":"cube","from":[6.8515916,7.19,13.44033],"to":[9.011592,8.81,13.44033],"rotation":{"angle":0.0,"axis":"y","origin":[9.011592,8.0,13.44033]},"faces":{"down":{"uv":[0.0,0.0,0.0,4.0],"rotation":270,"texture":"#0","tintindex":0},"east":{"uv":[0.0,0.0,0.0,3.0],"rotation":0,"texture":"#0","tintindex":0},"north":{"uv":[12.0,2.0,16.0,5.0],"rotation":0,"texture":"#0","tintindex":0},"south":{"uv":[12.0,2.0,16.0,5.0],"rotation":0,"texture":"#0","tintindex":0},"up":{"uv":[0.0,4.0,0.0,0.0],"rotation":90,"texture":"#0","tintindex":0},"west":{"uv":[0.0,0.0,0.0,3.0],"rotation":0,"texture":"#0","tintindex":0}}},{"name":"cube","from":[2.696566,7.19,12.6135025],"to":[4.8565664,8.81,12.6135025],"rotation":{"angle":-45.0,"axis":"y","origin":[4.8565664,8.0,12.6135025]},"faces":{"down":{"uv":[0.0,0.0,0.0,4.0],"rotation":270,"texture":"#0","tintindex":0},"east":{"uv":[0.0,0.0,0.0,3.0],"rotation":0,"texture":"#0","tintindex":0},"north":{"uv":[12.0,2.0,16.0,5.0],"rotation":0,"texture":"#0","tintindex":0},"south":{"uv":[12.0,2.0,16.0,5.0],"rotation":0,"texture":"#0","tintindex":0},"up":{"uv":[0.0,4.0,0.0,0.0],"rotation":90,"texture":"#0","tintindex":0},"west":{"uv":[0.0,0.0,0.0,3.0],"rotation":0,"texture":"#0","tintindex":0}}},{"name":"cube","from":[3.3287911,7.19,8.926577],"to":[3.3287911,8.81,11.086576],"rotation":{"angle":22.5,"axis":"y","origin":[3.3287911,8.0,11.086576]},"faces":{"down":{"uv":[0.0,0.0,0.0,4.0],"rotation":180,"texture":"#0","tintindex":0},"east":{"uv":[12.0,2.0,16.0,5.0],"rotation":0,"texture":"#0","tintindex":0},"north":{"uv":[0.0,0.0,0.0,3.0],"rotation":0,"texture":"#0","tintindex":0},"south":{"uv":[0.0,0.0,0.0,3.0],"rotation":0,"texture":"#0","tintindex":0},"up":{"uv":[0.0,4.0,0.0,0.0],"rotation":180,"texture":"#0","tintindex":0},"west":{"uv":[12.0,2.0,16.0,5.0],"rotation":0,"texture":"#0","tintindex":0}}},{"name":"cube","from":[2.5022404,7.19,6.931226],"to":[2.5022404,8.81,9.091226],"rotation":{"angle":0.0,"axis":"y","origin":[2.5022404,8.0,9.091226]},"faces":{"down":{"uv":[0.0,0.0,0.0,4.0],"rotation":180,"texture":"#0","tintindex":0},"east":{"uv":[12.0,2.0,16.0,5.0],"rotation":0,"texture":"#0","tintindex":0},"north":{"uv":[0.0,0.0,0.0,3.0],"rotation":0,"texture":"#0","tintindex":0},"south":{"uv":[0.0,0.0,0.0,3.0],"rotation":0,"texture":"#0","tintindex":0},"up":{"uv":[0.0,4.0,0.0,0.0],"rotation":180,"texture":"#0","tintindex":0},"west":{"uv":[12.0,2.0,16.0,5.0],"rotation":0,"texture":"#0","tintindex":0}}},{"name":"cube","from":[2.5022404,7.19,4.7712255],"to":[2.5022404,8.81,6.931226],"rotation":{"angle":-22.5,"axis":"y","origin":[2.5022404,8.0,6.931226]},"faces":{"down":{"uv":[0.0,0.0,0.0,4.0],"rotation":180,"texture":"#0","tintindex":0},"east":{"uv":[12.0,2.0,16.0,5.0],"rotation":0,"texture":"#0","tintindex":0},"north":{"uv":[0.0,0.0,0.0,3.0],"rotation":0,"texture":"#0","tintindex":0},"south":{"uv":[0.0,0.0,0.0,3.0],"rotation":0,"texture":"#0","tintindex":0},"up":{"uv":[0.0,4.0,0.0,0.0],"rotation":180,"texture":"#0","tintindex":0},"west":{"uv":[12.0,2.0,16.0,5.0],"rotation":0,"texture":"#0","tintindex":0}}},{"name":"cube","from":[3.328837,7.19,2.775646],"to":[3.328837,8.81,4.935646],"rotation":{"angle":-45.0,"axis":"y","origin":[3.328837,8.0,4.935646]},"faces":{"down":{"uv":[0.0,0.0,0.0,4.0],"rotation":180,"texture":"#0","tintindex":0},"east":{"uv":[12.0,2.0,16.0,5.0],"rotation":0,"texture":"#0","tintindex":0},"north":{"uv":[0.0,0.0,0.0,3.0],"rotation":0,"texture":"#0","tintindex":0},"south":{"uv":[0.0,0.0,0.0,3.0],"rotation":0,"texture":"#0","tintindex":0},"up":{"uv":[0.0,4.0,0.0,0.0],"rotation":180,"texture":"#0","tintindex":0},"west":{"uv":[12.0,2.0,16.0,5.0],"rotation":0,"texture":"#0","tintindex":0}}},{"name":"cube","from":[4.721598,6.38,13.49552],"to":[8.501598,10.16,13.49552],"rotation":{"angle":-22.5,"axis":"y","origin":[6.611598,8.27,14.035518]},"faces":{"down":{"uv":[0.0,0.0,0.0,7.0],"rotation":270,"texture":"#0","tintindex":0},"east":{"uv":[0.0,0.0,0.0,7.0],"rotation":0,"texture":"#0","tintindex":0},"north":{"uv":[0.0,4.0,11.0,16.0],"rotation":0,"texture":"#0","tintindex":0},"south":{"uv":[0.0,4.0,11.0,16.0],"rotation":0,"texture":"#0","tintindex":0},"up":{"uv":[0.0,7.0,0.0,0.0],"rotation":90,"texture":"#0","tintindex":0},"west":{"uv":[0.0,0.0,0.0,7.0],"rotation":0,"texture":"#0","tintindex":0}}},{"name":"cube","from":[4.721598,6.38,2.504481],"to":[8.501598,10.16,2.504481],"rotation":{"angle":22.5,"axis":"y","origin":[6.611598,8.27,1.9644814]},"faces":{"down":{"uv":[0.0,0.0,0.0,7.0],"rotation":270,"texture":"#0","tintindex":0},"east":{"uv":[0.0,0.0,0.0,7.0],"rotation":0,"texture":"#0","tintindex":0},"north":{"uv":[11.0,4.0,0.0,16.0],"rotation":0,"texture":"#0","tintindex":0},"south":{"uv":[11.0,4.0,0.0,16.0],"rotation":0,"texture":"#0","tintindex":0},"up":{"uv":[0.0,7.0,0.0,0.0],"rotation":90,"texture":"#0","tintindex":0},"west":{"uv":[0.0,0.0,0.0,7.0],"rotation":0,"texture":"#0","tintindex":0}}}],"display":{"head":{"translation":[0.0,-6.4,0.0],"rotation":[0.0,0.0,0.0],"scale":[3.8095,3.8095,3.8095]}}}