{"textures":{"0":"modelengine:entity/phoenix"},"elements":[{"name":"cube","from":[-8.8,8.600002,5.6],"to":[14.0,14.600002,9.8],"rotation":{"angle":0.0,"axis":"x","origin":[32.9,8.300002,0.49999976]},"faces":{"down":{"uv":[14.55625,1.38125,12.19375,1.80625],"rotation":0,"texture":"#0","tintindex":0},"east":{"uv":[13.50625,7.81875,13.93125,8.43125],"rotation":0,"texture":"#0","tintindex":0},"north":{"uv":[9.38125,7.19375,11.74375,7.80625],"rotation":0,"texture":"#0","tintindex":0},"south":{"uv":[10.81875,0.00625,13.18125,0.61875],"rotation":0,"texture":"#0","tintindex":0},"up":{"uv":[14.11875,7.55625,11.75625,7.13125],"rotation":0,"texture":"#0","tintindex":0},"west":{"uv":[13.56875,0.56875,13.99375,1.18125],"rotation":0,"texture":"#0","tintindex":0}}},{"name":"cube","from":[-8.8,-1.6747646,8.240516],"to":[16.4,9.125236,8.240516],"rotation":{"angle":-22.5,"axis":"x","origin":[1.3999996,2.2252355,8.240516]},"faces":{"down":{"uv":[2.61875,0.00625,0.00625,0.00625],"rotation":0,"texture":"#0","tintindex":0},"east":{"uv":[0.00625,0.00625,0.00625,1.11875],"rotation":0,"texture":"#0","tintindex":0},"north":{"uv":[4.31875,5.13125,6.93125,6.24375],"rotation":0,"texture":"#0","tintindex":0},"south":{"uv":[6.93125,5.13125,4.31875,6.24375],"rotation":0,"texture":"#0","tintindex":0},"up":{"uv":[2.61875,0.00625,0.00625,0.00625],"rotation":0,"texture":"#0","tintindex":0},"west":{"uv":[0.00625,0.00625,0.00625,1.11875],"rotation":0,"texture":"#0","tintindex":0}}},{"name":"cube","from":[-8.8,-16.0,9.8],"to":[14.0,8.600002,9.8],"rotation":{"angle":0.0,"axis":"x","origin":[32.9,8.300002,0.49999976]},"faces":{"down":{"uv":[2.36875,0.00625,0.00625,0.00625],"rotation":0,"texture":"#0","tintindex":0},"east":{"uv":[0.00625,0.00625,0.00625,2.55625],"rotation":0,"texture":"#0","tintindex":0},"north":{"uv":[4.31875,0.00625,6.68125,2.55625],"rotation":0,"texture":"#0","tintindex":0},"south":{"uv":[6.68125,0.00625,4.31875,2.55625],"rotation":0,"texture":"#0","tintindex":0},"up":{"uv":[2.36875,0.00625,0.00625,0.00625],"rotation":0,"texture":"#0","tintindex":0},"west":{"uv":[0.00625,0.00625,0.00625,2.55625],"rotation":0,"texture":"#0","tintindex":0}}},{"name":"cube","from":[-16.0,14.600002,10.4],"to":[0.79999924,21.800003,10.4],"rotation":{"angle":22.5,"axis":"y","origin":[-8.8,18.200003,10.4]},"faces":{"down":{"uv":[1.74375,0.00625,0.00625,0.00625],"rotation":0,"texture":"#0","tintindex":0},"east":{"uv":[0.00625,0.00625,0.00625,0.74375],"rotation":0,"texture":"#0","tintindex":0},"north":{"uv":[10.81875,0.63125,12.55625,1.36875],"rotation":0,"texture":"#0","tintindex":0},"south":{"uv":[12.55625,0.63125,10.81875,1.36875],"rotation":0,"texture":"#0","tintindex":0},"up":{"uv":[1.74375,0.00625,0.00625,0.00625],"rotation":0,"texture":"#0","tintindex":0},"west":{"uv":[0.00625,0.00625,0.00625,0.74375],"rotation":0,"texture":"#0","tintindex":0}}}],"display":{"head":{"translation":[-22.4,-31.040009,0.0],"rotation":[0.0,0.0,0.0],"scale":[3.8095,3.8095,3.8095]}}}