{"textures":{"0":"modelengine:entity/phoenix"},"elements":[{"name":"cube","from":[6.596365,7.1,1.5401464],"to":[14.996366,14.3,11.740147],"rotation":{"angle":0.0,"axis":"x","origin":[10.796366,14.3,6.340147]},"faces":{"down":{"uv":[5.93125,12.31875,5.06875,13.36875],"rotation":0,"texture":"#0","tintindex":0},"east":{"uv":[12.38125,10.19375,13.43125,10.93125],"rotation":0,"texture":"#0","tintindex":0},"north":{"uv":[13.00625,2.44375,13.86875,3.18125],"rotation":0,"texture":"#0","tintindex":0},"south":{"uv":[13.00625,3.19375,13.86875,3.93125],"rotation":0,"texture":"#0","tintindex":0},"up":{"uv":[12.49375,13.30625,11.63125,12.25625],"rotation":0,"texture":"#0","tintindex":0},"west":{"uv":[12.50625,12.25625,13.55625,12.99375],"rotation":0,"texture":"#0","tintindex":0}}},{"name":"cube","from":[10.796366,0.49999976,6.340147],"to":[10.796366,19.7,18.940147],"rotation":{"angle":0.0,"axis":"x","origin":[10.796366,14.3,6.340147]},"faces":{"down":{"uv":[0.00625,0.00625,0.00625,1.30625],"rotation":0,"texture":"#0","tintindex":0},"east":{"uv":[7.99375,2.00625,6.69375,3.99375],"rotation":0,"texture":"#0","tintindex":0},"north":{"uv":[0.00625,0.00625,0.00625,1.99375],"rotation":0,"texture":"#0","tintindex":0},"south":{"uv":[0.00625,0.00625,0.00625,1.99375],"rotation":0,"texture":"#0","tintindex":0},"up":{"uv":[0.00625,1.30625,0.00625,0.00625],"rotation":0,"texture":"#0","tintindex":0},"west":{"uv":[6.69375,2.00625,7.99375,3.99375],"rotation":0,"texture":"#0","tintindex":0}}}],"display":{"head":{"translation":[0.0,-6.4,0.0],"rotation":[0.0,0.0,0.0],"scale":[3.8095,3.8095,3.8095]}}}