{"textures":{"0":"modelengine:entity/phoenix"},"elements":[{"name":"cube","from":[10.348051,-13.000001,6.4283614],"to":[13.9480505,-5.8,11.228361],"rotation":{"angle":0.0,"axis":"x","origin":[13.648051,3.4999998,9.128361]},"faces":{"down":{"uv":[8.81875,12.69375,9.18125,13.18125],"rotation":0,"texture":"#0","tintindex":0},"east":{"uv":[3.80625,8.69375,3.31875,9.43125],"rotation":0,"texture":"#0","tintindex":0},"north":{"uv":[3.30625,10.00625,2.94375,10.74375],"rotation":0,"texture":"#0","tintindex":0},"south":{"uv":[5.93125,13.38125,5.56875,14.11875],"rotation":0,"texture":"#0","tintindex":0},"up":{"uv":[8.88125,5.30625,9.24375,4.81875],"rotation":0,"texture":"#0","tintindex":0},"west":{"uv":[7.43125,5.31875,6.94375,6.05625],"rotation":0,"texture":"#0","tintindex":0}}},{"name":"cube","from":[8.548051,-5.8,2.228361],"to":[16.348051,9.8,13.028361],"rotation":{"angle":0.0,"axis":"x","origin":[13.648051,3.4999998,9.128361]},"faces":{"down":{"uv":[12.06875,3.81875,12.86875,4.94375],"rotation":0,"texture":"#0","tintindex":0},"east":{"uv":[10.80625,0.00625,9.69375,1.63125],"rotation":0,"texture":"#0","tintindex":0},"north":{"uv":[0.80625,10.56875,0.00625,12.18125],"rotation":0,"texture":"#0","tintindex":0},"south":{"uv":[6.99375,10.56875,6.19375,12.18125],"rotation":0,"texture":"#0","tintindex":0},"up":{"uv":[12.06875,3.81875,12.86875,2.69375],"rotation":0,"texture":"#0","tintindex":0},"west":{"uv":[4.44375,9.44375,3.31875,11.05625],"rotation":0,"texture":"#0","tintindex":0}}},{"name":"cube","from":[15.2,-5.8,12.8],"to":[15.2,9.8,18.8],"rotation":{"angle":-22.5,"axis":"y","origin":[15.2,1.9999998,15.8]},"faces":{"down":{"uv":[0.00625,0.00625,0.00625,0.61875],"rotation":0,"texture":"#0","tintindex":0},"east":{"uv":[6.80625,12.19375,6.19375,13.80625],"rotation":0,"texture":"#0","tintindex":0},"north":{"uv":[0.00625,0.00625,0.00625,1.61875],"rotation":0,"texture":"#0","tintindex":0},"south":{"uv":[0.00625,0.00625,0.00625,1.61875],"rotation":0,"texture":"#0","tintindex":0},"up":{"uv":[0.00625,0.61875,0.00625,0.00625],"rotation":0,"texture":"#0","tintindex":0},"west":{"uv":[6.19375,12.19375,6.80625,13.80625],"rotation":0,"texture":"#0","tintindex":0}}}],"display":{"head":{"translation":[0.0,-6.4,0.0],"rotation":[0.0,0.0,0.0],"scale":[3.8095,3.8095,3.8095]}}}