{"textures":{"0":"modelengine:entity/phoenix"},"elements":[{"name":"cube","from":[6.8,6.8782806,1.7437757],"to":[9.5,9.5782795,8.0437765],"rotation":{"angle":0.0,"axis":"x","origin":[12.35,-16.971718,-13.106225]},"faces":{"down":{"uv":[6.81875,12.19375,7.11875,12.86875],"rotation":0,"texture":"#0","tintindex":0},"east":{"uv":[13.99375,11.44375,13.31875,11.74375],"rotation":0,"texture":"#0","tintindex":0},"north":{"uv":[3.24375,10.75625,2.94375,11.05625],"rotation":0,"texture":"#0","tintindex":0},"south":{"uv":[4.18125,11.06875,3.88125,11.36875],"rotation":0,"texture":"#0","tintindex":0},"up":{"uv":[1.44375,9.93125,1.74375,9.25625],"rotation":0,"texture":"#0","tintindex":0},"west":{"uv":[11.11875,9.88125,10.44375,10.18125],"rotation":0,"texture":"#0","tintindex":0}}},{"name":"cube","from":[6.8,3.2782807,-0.95622444],"to":[9.5,9.5782795,1.7437757],"rotation":{"angle":0.0,"axis":"x","origin":[12.35,-16.971718,-13.106225]},"faces":{"down":{"uv":[11.50625,3.31875,11.80625,3.61875],"rotation":0,"texture":"#0","tintindex":0},"east":{"uv":[4.11875,13.63125,3.81875,14.24375],"rotation":0,"texture":"#0","tintindex":0},"north":{"uv":[13.86875,12.19375,13.56875,12.80625],"rotation":0,"texture":"#0","tintindex":0},"south":{"uv":[13.86875,13.56875,13.56875,14.18125],"rotation":0,"texture":"#0","tintindex":0},"up":{"uv":[11.13125,10.18125,11.43125,9.88125],"rotation":0,"texture":"#0","tintindex":0},"west":{"uv":[13.55625,13.56875,13.25625,14.18125],"rotation":0,"texture":"#0","tintindex":0}}},{"name":"cube","from":[8.15,0.5782807,-0.95622444],"to":[8.15,5.078281,5.3437767],"rotation":{"angle":0.0,"axis":"x","origin":[12.35,-16.971718,-13.106225]},"faces":{"down":{"uv":[0.00625,0.00625,0.00625,0.68125],"rotation":0,"texture":"#0","tintindex":0},"east":{"uv":[13.99375,10.94375,13.31875,11.43125],"rotation":0,"texture":"#0","tintindex":0},"north":{"uv":[0.00625,0.00625,0.00625,0.49375],"rotation":0,"texture":"#0","tintindex":0},"south":{"uv":[0.00625,0.00625,0.00625,0.49375],"rotation":0,"texture":"#0","tintindex":0},"up":{"uv":[0.00625,0.68125,0.00625,0.00625],"rotation":0,"texture":"#0","tintindex":0},"west":{"uv":[13.31875,10.94375,13.99375,11.43125],"rotation":0,"texture":"#0","tintindex":0}}}],"display":{"head":{"translation":[0.0,-6.4,0.0],"rotation":[0.0,0.0,0.0],"scale":[3.8095,3.8095,3.8095]}}}