{"textures":{"0":"modelengine:entity/phoenix"},"elements":[{"name":"cube","from":[3.4999998,8.0,8.0],"to":[12.5,8.0,20.600002],"rotation":{"angle":0.0,"axis":"x","origin":[8.0,13.7,4.0999994]},"faces":{"down":{"uv":[10.94375,5.81875,11.86875,7.11875],"rotation":0,"texture":"#0","tintindex":0},"east":{"uv":[0.00625,0.00625,1.30625,0.00625],"rotation":0,"texture":"#0","tintindex":0},"north":{"uv":[0.00625,0.00625,0.93125,0.00625],"rotation":0,"texture":"#0","tintindex":0},"south":{"uv":[0.00625,0.00625,0.93125,0.00625],"rotation":0,"texture":"#0","tintindex":0},"up":{"uv":[11.86875,7.11875,10.94375,5.81875],"rotation":0,"texture":"#0","tintindex":0},"west":{"uv":[0.00625,0.00625,1.30625,0.00625],"rotation":0,"texture":"#0","tintindex":0}}}],"display":{"head":{"translation":[0.0,-6.4,0.0],"rotation":[0.0,0.0,0.0],"scale":[3.8095,3.8095,3.8095]}}}