{"textures":{"0":"modelengine:entity/phoenix"},"elements":[{"name":"cube","from":[-0.10000038,8.0,8.0],"to":[16.1,8.0,20.600002],"rotation":{"angle":0.0,"axis":"x","origin":[8.0,13.7,4.1]},"faces":{"down":{"uv":[8.00625,0.00625,9.68125,1.30625],"rotation":0,"texture":"#0","tintindex":0},"east":{"uv":[0.00625,0.00625,1.30625,0.00625],"rotation":0,"texture":"#0","tintindex":0},"north":{"uv":[0.00625,0.00625,1.68125,0.00625],"rotation":0,"texture":"#0","tintindex":0},"south":{"uv":[0.00625,0.00625,1.68125,0.00625],"rotation":0,"texture":"#0","tintindex":0},"up":{"uv":[9.68125,1.30625,8.00625,0.00625],"rotation":0,"texture":"#0","tintindex":0},"west":{"uv":[0.00625,0.00625,1.30625,0.00625],"rotation":0,"texture":"#0","tintindex":0}}}],"display":{"head":{"translation":[0.0,-6.4,0.0],"rotation":[0.0,0.0,0.0],"scale":[3.8095,3.8095,3.8095]}}}