{"textures":{"0":"modelengine:entity/direwolf_taiga"},"elements":[{"name":"cube","from":[6.92,4.4238787,6.232954],"to":[8.12,8.023879,8.032953],"rotation":{"angle":0.0,"axis":"x","origin":[7.835,10.423879,7.0129538]},"faces":{"down":{"uv":[1.0,7.75,1.25,8.125],"rotation":0,"texture":"#0","tintindex":0},"east":{"uv":[5.0,8.125,4.625,8.875],"rotation":0,"texture":"#0","tintindex":0},"north":{"uv":[8.75,5.125,8.5,5.875],"rotation":0,"texture":"#0","tintindex":0},"south":{"uv":[8.625,8.5,8.375,9.25],"rotation":0,"texture":"#0","tintindex":0},"up":{"uv":[4.75,7.0,5.0,6.625],"rotation":0,"texture":"#0","tintindex":0},"west":{"uv":[4.0,8.0,3.625,8.75],"rotation":0,"texture":"#0","tintindex":0}}},{"name":"cube","from":[6.71,2.8638787,5.752954],"to":[8.51,4.6638784,8.152954],"rotation":{"angle":0.0,"axis":"x","origin":[7.4449997,11.983879,7.0129538]},"faces":{"down":{"uv":[2.375,8.625,2.75,9.125],"rotation":0,"texture":"#0","tintindex":0},"east":{"uv":[0.5,8.625,0.0,9.0],"rotation":0,"texture":"#0","tintindex":0},"north":{"uv":[6.0,8.875,5.625,9.25],"rotation":0,"texture":"#0","tintindex":0},"south":{"uv":[6.375,8.875,6.0,9.25],"rotation":0,"texture":"#0","tintindex":0},"up":{"uv":[0.5,9.125,0.875,8.625],"rotation":0,"texture":"#0","tintindex":0},"west":{"uv":[9.0,5.875,8.5,6.25],"rotation":0,"texture":"#0","tintindex":0}}},{"name":"cube","from":[6.3050003,3.257575,4.5258384],"to":[8.705,5.057575,6.325838],"rotation":{"angle":45.0,"axis":"x","origin":[7.4449997,3.6429977,5.030821]},"faces":{"down":{"uv":[8.75,0.75,9.25,1.125],"rotation":0,"texture":"#0","tintindex":0},"east":{"uv":[7.125,8.875,6.75,9.25],"rotation":0,"texture":"#0","tintindex":0},"north":{"uv":[8.375,8.625,7.875,9.0],"rotation":0,"texture":"#0","tintindex":0},"south":{"uv":[9.125,8.5,8.625,8.875],"rotation":0,"texture":"#0","tintindex":0},"up":{"uv":[8.75,0.75,9.25,0.375],"rotation":0,"texture":"#0","tintindex":0},"west":{"uv":[6.75,8.875,6.375,9.25],"rotation":0,"texture":"#0","tintindex":0}}},{"name":"cube","from":[6.3050003,2.3721085,4.4333744],"to":[8.705,3.5721085,4.4333744],"rotation":{"angle":22.5,"axis":"x","origin":[7.4449997,3.7321854,4.8082933]},"faces":{"down":{"uv":[0.0,0.0,0.5,0.0],"rotation":0,"texture":"#0","tintindex":0},"east":{"uv":[0.0,0.0,0.0,0.25],"rotation":0,"texture":"#0","tintindex":0},"north":{"uv":[6.75,5.625,6.25,5.875],"rotation":0,"texture":"#0","tintindex":0},"south":{"uv":[6.75,5.625,6.25,5.875],"rotation":0,"texture":"#0","tintindex":0},"up":{"uv":[0.0,0.0,0.5,0.0],"rotation":0,"texture":"#0","tintindex":0},"west":{"uv":[0.0,0.0,0.0,0.25],"rotation":0,"texture":"#0","tintindex":0}}}],"display":{"head":{"translation":[0.0,-6.4,0.0],"rotation":[0.0,0.0,0.0],"scale":[3.8095,3.8095,3.8095]}}}