{"textures":{"0":"modelengine:entity/direwolf_taiga"},"elements":[{"name":"cube","from":[7.6792936,6.6113176,7.994721],"to":[9.479294,8.411318,10.394721],"rotation":{"angle":45.0,"axis":"z","origin":[7.97,7.53842,8.069721]},"faces":{"down":{"uv":[9.125,6.75,8.75,7.25],"rotation":0,"texture":"#0","tintindex":0},"east":{"uv":[3.625,8.75,4.125,9.125],"rotation":0,"texture":"#0","tintindex":0},"north":{"uv":[8.875,7.625,9.25,8.0],"rotation":0,"texture":"#0","tintindex":0},"south":{"uv":[8.875,8.0,9.25,8.375],"rotation":0,"texture":"#0","tintindex":0},"up":{"uv":[9.125,5.625,8.75,5.125],"rotation":0,"texture":"#0","tintindex":0},"west":{"uv":[4.125,8.75,4.625,9.125],"rotation":0,"texture":"#0","tintindex":0}}},{"name":"cube","from":[7.979294,6.911318,7.394721],"to":[9.179294,8.111318,10.99472],"rotation":{"angle":45.0,"axis":"z","origin":[7.97,7.53842,10.469721]},"faces":{"down":{"uv":[1.375,8.875,1.125,9.625],"rotation":0,"texture":"#0","tintindex":0},"east":{"uv":[0.0,3.0,0.75,3.25],"rotation":0,"texture":"#0","tintindex":0},"north":{"uv":[1.0,8.125,1.25,8.375],"rotation":0,"texture":"#0","tintindex":0},"south":{"uv":[6.125,8.125,6.375,8.375],"rotation":0,"texture":"#0","tintindex":0},"up":{"uv":[1.125,9.625,0.875,8.875],"rotation":0,"texture":"#0","tintindex":0},"west":{"uv":[0.75,3.0,1.5,3.25],"rotation":0,"texture":"#0","tintindex":0}}}],"display":{"head":{"translation":[0.0,-6.4,0.0],"rotation":[0.0,0.0,0.0],"scale":[3.8095,3.8095,3.8095]}}}