{"textures":{"0":"modelengine:entity/medusa_bow","1":"modelengine:entity/medusa_head","2":"modelengine:entity/medusa_arrow","3":"modelengine:entity/glarefx","4":"modelengine:entity/medusa","5":"modelengine:entity/medusa_claw"},"elements":[{"name":"cube","from":[7.5637193,5.716857,5.8720045],"to":[8.163719,6.916857,10.072004],"rotation":{"angle":0.0,"axis":"x","origin":[-3.892068,6.3574286,11.720004]},"faces":{"down":{"uv":[7.0,7.25,6.75,9.0],"rotation":0,"texture":"#0","tintindex":0},"east":{"uv":[6.5,4.0,8.25,4.5],"rotation":0,"texture":"#0","tintindex":0},"north":{"uv":[2.0,6.0,2.25,6.5],"rotation":0,"texture":"#0","tintindex":0},"south":{"uv":[2.0,6.5,2.25,7.0],"rotation":0,"texture":"#0","tintindex":0},"up":{"uv":[6.75,9.0,6.5,7.25],"rotation":0,"texture":"#0","tintindex":0},"west":{"uv":[2.0,7.0,3.75,7.5],"rotation":0,"texture":"#0","tintindex":0}}},{"name":"cube","from":[6.9637194,5.116856,1.6720041],"to":[8.76372,7.5168567,5.8720045],"rotation":{"angle":0.0,"axis":"x","origin":[-3.892068,6.3574286,11.720004]},"faces":{"down":{"uv":[6.0,5.5,5.25,7.25],"rotation":0,"texture":"#0","tintindex":0},"east":{"uv":[4.5,4.5,6.25,5.5],"rotation":0,"texture":"#0","tintindex":0},"north":{"uv":[4.25,7.25,5.0,8.25],"rotation":0,"texture":"#0","tintindex":0},"south":{"uv":[5.0,7.25,5.75,8.25],"rotation":0,"texture":"#0","tintindex":0},"up":{"uv":[5.25,7.25,4.5,5.5],"rotation":0,"texture":"#0","tintindex":0},"west":{"uv":[4.75,0.0,6.5,1.0],"rotation":0,"texture":"#0","tintindex":0}}},{"name":"cube","from":[6.9637194,3.316856,2.872004],"to":[8.76372,5.116856,4.6720047],"rotation":{"angle":0.0,"axis":"x","origin":[-3.892068,6.3574286,11.720004]},"faces":{"down":{"uv":[8.25,3.25,7.5,4.0],"rotation":0,"texture":"#0","tintindex":0},"east":{"uv":[7.5,1.75,8.25,2.5],"rotation":0,"texture":"#0","tintindex":0},"north":{"uv":[7.5,1.0,8.25,1.75],"rotation":0,"texture":"#0","tintindex":0},"south":{"uv":[2.0,7.5,2.75,8.25],"rotation":0,"texture":"#0","tintindex":0},"up":{"uv":[3.5,8.25,2.75,7.5],"rotation":0,"texture":"#0","tintindex":0},"west":{"uv":[7.5,2.5,8.25,3.25],"rotation":0,"texture":"#0","tintindex":0}}},{"name":"cube","from":[6.9637194,5.5916605,-1.9784861],"to":[8.76372,7.9916606,2.821514],"rotation":{"angle":22.5,"axis":"x","origin":[8.407932,8.243744,1.0532575]},"faces":{"down":{"uv":[4.5,5.0,3.75,7.0],"rotation":0,"texture":"#0","tintindex":0},"east":{"uv":[4.5,2.5,6.5,3.5],"rotation":0,"texture":"#0","tintindex":0},"north":{"uv":[5.75,7.25,6.5,8.25],"rotation":0,"texture":"#0","tintindex":0},"south":{"uv":[7.5,0.0,8.25,1.0],"rotation":0,"texture":"#0","tintindex":0},"up":{"uv":[3.75,7.0,3.0,5.0],"rotation":0,"texture":"#0","tintindex":0},"west":{"uv":[4.5,3.5,6.5,4.5],"rotation":0,"texture":"#0","tintindex":0}}},{"name":"cube","from":[7.263719,7.745893,-3.948297],"to":[8.463719,9.545893,0.25170302],"rotation":{"angle":45.0,"axis":"x","origin":[8.407932,10.9884205,-2.2116747]},"faces":{"down":{"uv":[7.5,6.25,7.0,8.0],"rotation":0,"texture":"#0","tintindex":0},"east":{"uv":[6.0,5.5,7.75,6.25],"rotation":0,"texture":"#0","tintindex":0},"north":{"uv":[7.5,7.0,8.0,7.75],"rotation":0,"texture":"#0","tintindex":0},"south":{"uv":[0.0,7.75,0.5,8.5],"rotation":0,"texture":"#0","tintindex":0},"up":{"uv":[4.25,8.75,3.75,7.0],"rotation":0,"texture":"#0","tintindex":0},"west":{"uv":[6.25,4.5,8.0,5.25],"rotation":0,"texture":"#0","tintindex":0}}},{"name":"cube","from":[6.663719,7.145893,-6.348297],"to":[9.063719,9.545893,-3.948297],"rotation":{"angle":45.0,"axis":"x","origin":[8.407932,10.9884205,-2.2116747]},"faces":{"down":{"uv":[1.0,6.75,0.0,7.75],"rotation":0,"texture":"#0","tintindex":0},"east":{"uv":[6.5,0.0,7.5,1.0],"rotation":0,"texture":"#0","tintindex":0},"north":{"uv":[6.0,6.25,7.0,7.25],"rotation":0,"texture":"#0","tintindex":0},"south":{"uv":[6.5,1.0,7.5,2.0],"rotation":0,"texture":"#0","tintindex":0},"up":{"uv":[7.5,4.0,6.5,3.0],"rotation":0,"texture":"#0","tintindex":0},"west":{"uv":[6.5,2.0,7.5,3.0],"rotation":0,"texture":"#0","tintindex":0}}},{"name":"cube","from":[8.76372,2.716856,4.6720047],"to":[10.563719,7.5168567,11.272005],"rotation":{"angle":0.0,"axis":"x","origin":[-3.892068,6.3574286,11.720004]},"faces":{"down":{"uv":[1.5,4.0,0.75,6.75],"rotation":0,"texture":"#0","tintindex":0},"east":{"uv":[0.0,0.0,2.75,2.0],"rotation":0,"texture":"#0","tintindex":0},"north":{"uv":[1.5,4.0,2.25,6.0],"rotation":0,"texture":"#0","tintindex":0},"south":{"uv":[2.25,5.0,3.0,7.0],"rotation":0,"texture":"#0","tintindex":0},"up":{"uv":[0.75,6.75,0.0,4.0],"rotation":0,"texture":"#0","tintindex":0},"west":{"uv":[0.0,2.0,2.75,4.0],"rotation":0,"texture":"#0","tintindex":0}}},{"name":"cube","from":[6.663719,10.325044,21.209156],"to":[9.063719,12.725043,23.609158],"rotation":{"angle":-45.0,"axis":"x","origin":[8.407932,10.9884205,22.651684]},"faces":{"down":{"uv":[1.0,7.75,0.0,6.75],"rotation":0,"texture":"#0","tintindex":0},"east":{"uv":[7.5,0.0,6.5,1.0],"rotation":0,"texture":"#0","tintindex":0},"north":{"uv":[7.5,1.0,6.5,2.0],"rotation":0,"texture":"#0","tintindex":0},"south":{"uv":[7.0,6.25,6.0,7.25],"rotation":0,"texture":"#0","tintindex":0},"up":{"uv":[7.5,3.0,6.5,4.0],"rotation":0,"texture":"#0","tintindex":0},"west":{"uv":[7.5,2.0,6.5,3.0],"rotation":0,"texture":"#0","tintindex":0}}},{"name":"cube","from":[7.263719,10.925043,17.009155],"to":[8.463719,12.725043,21.209156],"rotation":{"angle":-45.0,"axis":"x","origin":[8.407932,10.9884205,22.651684]},"faces":{"down":{"uv":[7.5,8.0,7.0,6.25],"rotation":0,"texture":"#0","tintindex":0},"east":{"uv":[7.75,5.5,6.0,6.25],"rotation":0,"texture":"#0","tintindex":0},"north":{"uv":[0.5,7.75,0.0,8.5],"rotation":0,"texture":"#0","tintindex":0},"south":{"uv":[8.0,7.0,7.5,7.75],"rotation":0,"texture":"#0","tintindex":0},"up":{"uv":[4.25,7.0,3.75,8.75],"rotation":0,"texture":"#0","tintindex":0},"west":{"uv":[8.0,4.5,6.25,5.25],"rotation":0,"texture":"#0","tintindex":0}}},{"name":"cube","from":[6.9637194,3.316856,11.272005],"to":[8.76372,5.116856,13.072005],"rotation":{"angle":0.0,"axis":"x","origin":[-3.892068,6.3574286,8.720004]},"faces":{"down":{"uv":[8.25,4.0,7.5,3.25],"rotation":0,"texture":"#0","tintindex":0},"east":{"uv":[8.25,1.75,7.5,2.5],"rotation":0,"texture":"#0","tintindex":0},"north":{"uv":[2.75,7.5,2.0,8.25],"rotation":0,"texture":"#0","tintindex":0},"south":{"uv":[8.25,1.0,7.5,1.75],"rotation":0,"texture":"#0","tintindex":0},"up":{"uv":[3.5,7.5,2.75,8.25],"rotation":0,"texture":"#0","tintindex":0},"west":{"uv":[8.25,2.5,7.5,3.25],"rotation":0,"texture":"#0","tintindex":0}}},{"name":"cube","from":[6.9637194,7.3122044,13.464734],"to":[8.76372,9.712204,18.264734],"rotation":{"angle":-22.5,"axis":"x","origin":[8.407932,8.243744,19.38675]},"faces":{"down":{"uv":[4.5,7.0,3.75,5.0],"rotation":0,"texture":"#0","tintindex":0},"east":{"uv":[6.5,2.5,4.5,3.5],"rotation":0,"texture":"#0","tintindex":0},"north":{"uv":[8.25,0.0,7.5,1.0],"rotation":0,"texture":"#0","tintindex":0},"south":{"uv":[6.5,7.25,5.75,8.25],"rotation":0,"texture":"#0","tintindex":0},"up":{"uv":[3.75,5.0,3.0,7.0],"rotation":0,"texture":"#0","tintindex":0},"west":{"uv":[6.5,3.5,4.5,4.5],"rotation":0,"texture":"#0","tintindex":0}}},{"name":"arrow","from":[5.827933,2.6374283,8.120004],"to":[10.027933,16.077429,8.120004],"rotation":{"angle":0.0,"axis":"x","origin":[7.9279327,-3.3225722,11.120005]},"faces":{"down":{"uv":[8.0,0.0,8.0,2.5],"rotation":270,"texture":"#2","tintindex":0},"east":{"uv":[16.0,0.0,8.0,0.0],"rotation":270,"texture":"#2","tintindex":0},"north":{"uv":[0.0,0.0,8.0,2.5],"rotation":90,"texture":"#2","tintindex":0},"south":{"uv":[8.0,0.0,0.0,2.5],"rotation":270,"texture":"#2","tintindex":0},"up":{"uv":[0.0,0.0,0.0,2.5],"rotation":270,"texture":"#2","tintindex":0},"west":{"uv":[8.0,0.0,0.0,0.0],"rotation":270,"texture":"#2","tintindex":0}}},{"name":"arrow","from":[5.827933,15.237429,6.0200033],"to":[10.027933,15.237429,10.220004],"rotation":{"angle":0.0,"axis":"x","origin":[7.9279327,-3.3225722,11.120005]},"faces":{"down":{"uv":[2.5,2.5,5.0,5.0],"rotation":270,"texture":"#2","tintindex":0},"east":{"uv":[2.5,0.0,2.5,2.5],"rotation":270,"texture":"#2","tintindex":0},"north":{"uv":[2.5,2.5,2.5,5.0],"rotation":90,"texture":"#2","tintindex":0},"south":{"uv":[5.0,2.5,5.0,5.0],"rotation":270,"texture":"#2","tintindex":0},"up":{"uv":[0.0,2.5,2.5,5.0],"rotation":270,"texture":"#2","tintindex":0},"west":{"uv":[2.5,2.5,2.5,0.0],"rotation":270,"texture":"#2","tintindex":0}}},{"name":"arrow","from":[7.9279327,2.6374283,6.0200033],"to":[7.9279327,16.077429,10.220004],"rotation":{"angle":0.0,"axis":"x","origin":[7.9279327,-3.3225722,11.120005]},"faces":{"down":{"uv":[8.0,2.5,10.5,2.5],"rotation":270,"texture":"#2","tintindex":0},"east":{"uv":[8.0,0.0,0.0,2.5],"rotation":270,"texture":"#2","tintindex":0},"north":{"uv":[0.0,2.5,8.0,2.5],"rotation":90,"texture":"#2","tintindex":0},"south":{"uv":[10.5,2.5,18.5,2.5],"rotation":270,"texture":"#2","tintindex":0},"up":{"uv":[-2.5,2.5,0.0,2.5],"rotation":270,"texture":"#2","tintindex":0},"west":{"uv":[8.0,2.5,0.0,0.0],"rotation":270,"texture":"#2","tintindex":0}}},{"name":"cube","from":[6.9637194,5.116856,10.072004],"to":[8.76372,7.5168567,14.272006],"rotation":{"angle":0.0,"axis":"x","origin":[-3.892068,6.3574286,8.720004]},"faces":{"down":{"uv":[6.0,7.25,5.25,5.5],"rotation":0,"texture":"#0","tintindex":0},"east":{"uv":[6.25,4.5,4.5,5.5],"rotation":0,"texture":"#0","tintindex":0},"north":{"uv":[5.75,7.25,5.0,8.25],"rotation":0,"texture":"#0","tintindex":0},"south":{"uv":[5.0,7.25,4.25,8.25],"rotation":0,"texture":"#0","tintindex":0},"up":{"uv":[5.25,5.5,4.5,7.25],"rotation":0,"texture":"#0","tintindex":0},"west":{"uv":[6.5,0.0,4.75,1.0],"rotation":0,"texture":"#0","tintindex":0}}},{"name":"cube","from":[7.863719,10.947849,-6.259673],"to":[7.863719,11.54785,9.340326],"rotation":{"angle":-22.5,"axis":"x","origin":[7.863719,11.247849,-4.459673]},"faces":{"down":{"uv":[13.5,3.75,13.75,15.25],"rotation":0,"texture":"#0","tintindex":0},"east":{"uv":[0.0,9.0,11.5,9.25],"rotation":0,"texture":"#0","tintindex":0},"north":{"uv":[4.0,12.5,4.0,12.75],"rotation":0,"texture":"#0","tintindex":0},"south":{"uv":[0.25,10.0,0.25,10.25],"rotation":0,"texture":"#0","tintindex":0},"up":{"uv":[14.0,13.5,14.0,2.0],"rotation":0,"texture":"#0","tintindex":0},"west":{"uv":[0.0,9.0,11.5,9.25],"rotation":0,"texture":"#0","tintindex":0}}},{"name":"cube","from":[7.863719,8.54785,7.4996805],"to":[7.863719,9.147849,21.899681],"rotation":{"angle":22.5,"axis":"x","origin":[7.863719,11.247849,26.69968]},"faces":{"down":{"uv":[13.5,15.25,13.75,3.75],"rotation":0,"texture":"#0","tintindex":0},"east":{"uv":[11.5,9.0,0.0,9.25],"rotation":0,"texture":"#0","tintindex":0},"north":{"uv":[0.25,10.0,0.25,10.25],"rotation":0,"texture":"#0","tintindex":0},"south":{"uv":[4.0,12.5,4.0,12.75],"rotation":0,"texture":"#0","tintindex":0},"up":{"uv":[14.0,2.0,14.0,13.5],"rotation":0,"texture":"#0","tintindex":0},"west":{"uv":[11.5,9.0,0.0,9.25],"rotation":0,"texture":"#0","tintindex":0}}}],"display":{"head":{"translation":[0.0,-6.4,0.0],"rotation":[0.0,0.0,0.0],"scale":[3.8095,3.8095,3.8095]}}}