{"textures":{"0":"modelengine:entity/medusa_bow","1":"modelengine:entity/medusa_head","2":"modelengine:entity/medusa_arrow","3":"modelengine:entity/glarefx","4":"modelengine:entity/medusa","5":"modelengine:entity/medusa_claw"},"elements":[{"name":"cube","from":[5.3,8.534632,4.3549604],"to":[10.700001,12.134631,9.754961],"rotation":{"angle":0.0,"axis":"x","origin":[5.3,6.7346315,4.3549604]},"faces":{"down":{"uv":[7.75,2.75,5.5,5.0],"rotation":0,"texture":"#1","tintindex":0},"east":{"uv":[6.0,0.0,8.25,1.5],"rotation":0,"texture":"#1","tintindex":0},"north":{"uv":[4.25,5.5,6.5,7.0],"rotation":0,"texture":"#1","tintindex":0},"south":{"uv":[6.5,5.0,8.75,6.5],"rotation":0,"texture":"#1","tintindex":0},"up":{"uv":[4.25,7.75,2.0,5.5],"rotation":0,"texture":"#1","tintindex":0},"west":{"uv":[6.5,6.5,8.75,8.0],"rotation":0,"texture":"#1","tintindex":0}}},{"name":"cube","from":[5.3,12.134631,3.7549605],"to":[10.1,13.334632,10.354961],"rotation":{"angle":0.0,"axis":"x","origin":[5.3,10.334631,4.3549604]},"faces":{"down":{"uv":[2.0,5.5,0.0,8.25],"rotation":0,"texture":"#1","tintindex":0},"east":{"uv":[8.25,1.0,11.0,1.5],"rotation":0,"texture":"#1","tintindex":0},"north":{"uv":[9.5,2.0,11.5,2.5],"rotation":0,"texture":"#1","tintindex":0},"south":{"uv":[9.5,2.5,11.5,3.0],"rotation":0,"texture":"#1","tintindex":0},"up":{"uv":[6.0,2.75,4.0,0.0],"rotation":0,"texture":"#1","tintindex":0},"west":{"uv":[9.5,1.5,12.25,2.0],"rotation":0,"texture":"#1","tintindex":0}}},{"name":"cube","from":[5.3,4.9346313,9.154961],"to":[10.1,12.734632,10.954961],"rotation":{"angle":0.0,"axis":"x","origin":[5.3,10.334631,4.3549604]},"faces":{"down":{"uv":[10.75,4.5,8.75,5.25],"rotation":0,"texture":"#1","tintindex":0},"east":{"uv":[2.0,7.75,2.75,11.0],"rotation":0,"texture":"#1","tintindex":0},"north":{"uv":[0.0,0.0,2.0,3.25],"rotation":0,"texture":"#1","tintindex":0},"south":{"uv":[2.0,0.0,4.0,3.25],"rotation":0,"texture":"#1","tintindex":0},"up":{"uv":[5.5,9.25,3.5,8.5],"rotation":0,"texture":"#1","tintindex":0},"west":{"uv":[2.75,7.75,3.5,11.0],"rotation":0,"texture":"#1","tintindex":0}}},{"name":"cube","from":[10.1,10.934631,4.3549604],"to":[11.3,12.734632,10.354961],"rotation":{"angle":0.0,"axis":"x","origin":[5.3,10.334631,4.9549603]},"faces":{"down":{"uv":[2.0,9.75,1.5,12.25],"rotation":0,"texture":"#1","tintindex":0},"east":{"uv":[7.75,3.0,10.25,3.75],"rotation":0,"texture":"#1","tintindex":0},"north":{"uv":[6.0,7.0,6.5,7.75],"rotation":0,"texture":"#1","tintindex":0},"south":{"uv":[3.5,7.75,4.0,8.5],"rotation":0,"texture":"#1","tintindex":0},"up":{"uv":[1.5,12.25,1.0,9.75],"rotation":0,"texture":"#1","tintindex":0},"west":{"uv":[7.75,3.75,10.25,4.5],"rotation":0,"texture":"#1","tintindex":0}}},{"name":"cube","from":[8.9,5.5346313,7.954961],"to":[11.3,10.934631,10.354961],"rotation":{"angle":0.0,"axis":"x","origin":[5.3,10.334631,4.9549603]},"faces":{"down":{"uv":[11.0,7.25,10.0,8.25],"rotation":0,"texture":"#1","tintindex":0},"east":{"uv":[7.0,8.0,8.0,10.25],"rotation":0,"texture":"#1","tintindex":0},"north":{"uv":[6.0,8.0,7.0,10.25],"rotation":0,"texture":"#1","tintindex":0},"south":{"uv":[8.0,8.0,9.0,10.25],"rotation":0,"texture":"#1","tintindex":0},"up":{"uv":[11.0,1.0,10.0,0.0],"rotation":0,"texture":"#1","tintindex":0},"west":{"uv":[0.0,8.25,1.0,10.5],"rotation":0,"texture":"#1","tintindex":0}}},{"name":"cube","from":[4.1,7.9346313,3.7549605],"to":[5.3,13.334632,10.354961],"rotation":{"angle":0.0,"axis":"x","origin":[5.3,10.334631,4.3549604]},"faces":{"down":{"uv":[5.5,9.25,5.0,12.0],"rotation":0,"texture":"#1","tintindex":0},"east":{"uv":[0.0,3.25,2.75,5.5],"rotation":0,"texture":"#1","tintindex":0},"north":{"uv":[9.0,9.75,9.5,12.0],"rotation":0,"texture":"#1","tintindex":0},"south":{"uv":[9.5,9.75,10.0,12.0],"rotation":0,"texture":"#1","tintindex":0},"up":{"uv":[6.0,11.25,5.5,8.5],"rotation":0,"texture":"#1","tintindex":0},"west":{"uv":[2.75,3.25,5.5,5.5],"rotation":0,"texture":"#1","tintindex":0}}},{"name":"cube","from":[4.1,5.5346313,6.7549605],"to":[6.5,7.9346313,10.354961],"rotation":{"angle":0.0,"axis":"x","origin":[5.3,10.334631,4.3549604]},"faces":{"down":{"uv":[10.0,7.25,9.0,8.75],"rotation":0,"texture":"#1","tintindex":0},"east":{"uv":[8.75,5.25,10.25,6.25],"rotation":0,"texture":"#1","tintindex":0},"north":{"uv":[10.0,9.75,11.0,10.75],"rotation":0,"texture":"#1","tintindex":0},"south":{"uv":[10.25,3.0,11.25,4.0],"rotation":0,"texture":"#1","tintindex":0},"up":{"uv":[2.0,9.75,1.0,8.25],"rotation":0,"texture":"#1","tintindex":0},"west":{"uv":[8.75,6.25,10.25,7.25],"rotation":0,"texture":"#1","tintindex":0}}},{"name":"cube","from":[10.352447,9.134631,6.824093],"to":[10.952446,10.934631,8.024094],"rotation":{"angle":22.5,"axis":"y","origin":[10.652447,10.034632,7.4240932]},"faces":{"down":{"uv":[4.5,2.75,4.25,3.25],"rotation":0,"texture":"#1","tintindex":0},"east":{"uv":[3.5,10.25,4.0,11.0],"rotation":0,"texture":"#1","tintindex":0},"north":{"uv":[4.0,7.75,4.25,8.5],"rotation":0,"texture":"#1","tintindex":0},"south":{"uv":[8.75,7.25,9.0,8.0],"rotation":0,"texture":"#1","tintindex":0},"up":{"uv":[4.25,3.25,4.0,2.75],"rotation":0,"texture":"#1","tintindex":0},"west":{"uv":[4.0,10.25,4.5,11.0],"rotation":0,"texture":"#1","tintindex":0}}},{"name":"cube","from":[7.4,8.6037655,4.0074067],"to":[8.6,10.403765,4.6074066],"rotation":{"angle":22.5,"axis":"x","origin":[8.0,9.203766,4.307407]},"faces":{"down":{"uv":[5.0,3.0,4.5,3.25],"rotation":0,"texture":"#1","tintindex":0},"east":{"uv":[6.0,10.25,6.25,11.0],"rotation":0,"texture":"#1","tintindex":0},"north":{"uv":[4.5,10.25,5.0,11.0],"rotation":0,"texture":"#1","tintindex":0},"south":{"uv":[10.25,5.25,10.75,6.0],"rotation":0,"texture":"#1","tintindex":0},"up":{"uv":[5.0,3.0,4.5,2.75],"rotation":0,"texture":"#1","tintindex":0},"west":{"uv":[10.25,6.0,10.5,6.75],"rotation":0,"texture":"#1","tintindex":0}}},{"name":"cube","from":[5.8999996,6.8,4.7],"to":[10.1,9.2,8.3],"rotation":{"angle":-22.5,"axis":"x","origin":[8.0,8.0,6.2]},"faces":{"down":{"uv":[9.5,1.5,7.75,3.0],"rotation":0,"texture":"#1","tintindex":0},"east":{"uv":[9.0,8.75,10.5,9.75],"rotation":0,"texture":"#1","tintindex":0},"north":{"uv":[6.0,1.5,7.75,2.5],"rotation":0,"texture":"#1","tintindex":0},"south":{"uv":[8.25,0.0,10.0,1.0],"rotation":0,"texture":"#1","tintindex":0},"up":{"uv":[6.0,8.5,4.25,7.0],"rotation":0,"texture":"#1","tintindex":0},"west":{"uv":[3.5,9.25,5.0,10.25],"rotation":0,"texture":"#1","tintindex":0}}}],"display":{"head":{"translation":[0.0,-6.4,0.0],"rotation":[0.0,0.0,0.0],"scale":[3.8095,3.8095,3.8095]}}}