{"textures":{"0":"modelengine:entity/medusa_bow","1":"modelengine:entity/medusa_head","2":"modelengine:entity/medusa_arrow","3":"modelengine:entity/glarefx","4":"modelengine:entity/medusa","5":"modelengine:entity/medusa_claw"},"elements":[{"name":"cube","from":[7.1,7.4,5.6],"to":[8.9,8.6,8.0],"rotation":{"angle":0.0,"axis":"x","origin":[8.0,8.0,8.0]},"faces":{"down":{"uv":[0.0,12.125,0.375,12.625],"rotation":0,"texture":"#4","tintindex":0},"east":{"uv":[3.375,9.625,2.875,9.875],"rotation":0,"texture":"#4","tintindex":0},"north":{"uv":[12.5,10.625,12.125,10.875],"rotation":0,"texture":"#4","tintindex":0},"south":{"uv":[1.125,12.25,0.75,12.5],"rotation":0,"texture":"#4","tintindex":0},"up":{"uv":[12.0,2.875,12.375,2.375],"rotation":0,"texture":"#4","tintindex":0},"west":{"uv":[9.5,8.75,9.0,9.0],"rotation":0,"texture":"#4","tintindex":0}}}],"display":{"head":{"translation":[0.0,-6.4,0.0],"rotation":[0.0,0.0,0.0],"scale":[3.8095,3.8095,3.8095]}}}