{"textures":{"0":"modelengine:entity/medusa_bow","1":"modelengine:entity/medusa_head","2":"modelengine:entity/medusa_arrow","3":"modelengine:entity/glarefx","4":"modelengine:entity/medusa","5":"modelengine:entity/medusa_claw"},"elements":[{"name":"cube","from":[7.1,7.4,4.3999996],"to":[8.9,8.6,8.0],"rotation":{"angle":0.0,"axis":"x","origin":[8.0,8.0,8.0]},"faces":{"down":{"uv":[11.875,1.625,12.25,2.375],"rotation":0,"texture":"#4","tintindex":0},"east":{"uv":[12.625,8.75,11.875,9.0],"rotation":0,"texture":"#4","tintindex":0},"north":{"uv":[5.25,6.625,4.875,6.875],"rotation":0,"texture":"#4","tintindex":0},"south":{"uv":[11.625,10.25,11.25,10.5],"rotation":0,"texture":"#4","tintindex":0},"up":{"uv":[4.0,1.75,4.375,1.0],"rotation":0,"texture":"#4","tintindex":0},"west":{"uv":[4.875,7.625,4.125,7.875],"rotation":0,"texture":"#4","tintindex":0}}}],"display":{"head":{"translation":[0.0,-6.4,0.0],"rotation":[0.0,0.0,0.0],"scale":[3.8095,3.8095,3.8095]}}}