{"textures":{"0":"modelengine:entity/quartzspikes"},"elements":[{"name":"cube","from":[6.8,4.3999996,6.8],"to":[9.2,20.0,9.2],"rotation":{"angle":0.0,"axis":"x","origin":[6.8,33.8,12.8]},"faces":{"down":{"uv":[10.75,3.0,9.75,4.0],"rotation":0,"texture":"#0","tintindex":0},"east":{"uv":[2.25,8.75,3.25,15.25],"rotation":0,"texture":"#0","tintindex":0},"north":{"uv":[8.75,0.0,9.75,6.5],"rotation":0,"texture":"#0","tintindex":0},"south":{"uv":[3.25,8.75,4.25,15.25],"rotation":0,"texture":"#0","tintindex":0},"up":{"uv":[6.25,9.75,5.25,8.75],"rotation":0,"texture":"#0","tintindex":0},"west":{"uv":[4.25,8.75,5.25,15.25],"rotation":0,"texture":"#0","tintindex":0}}}],"display":{"head":{"translation":[0.0,-6.4,0.0],"rotation":[0.0,0.0,0.0],"scale":[3.8095,3.8095,3.8095]}}}