{"textures":{"0":"modelengine:entity/quartzspikes"},"elements":[{"name":"cube","from":[5.3,4.1,5.3],"to":[10.700001,14.3,10.700001],"rotation":{"angle":0.0,"axis":"x","origin":[10.1,33.5,9.5]},"faces":{"down":{"uv":[11.0,8.75,8.75,11.0],"rotation":0,"texture":"#0","tintindex":0},"east":{"uv":[6.5,4.25,8.75,8.5],"rotation":0,"texture":"#0","tintindex":0},"north":{"uv":[6.5,0.0,8.75,4.25],"rotation":0,"texture":"#0","tintindex":0},"south":{"uv":[6.5,8.5,8.75,12.75],"rotation":0,"texture":"#0","tintindex":0},"up":{"uv":[11.0,8.75,8.75,6.5],"rotation":0,"texture":"#0","tintindex":0},"west":{"uv":[0.0,8.75,2.25,13.0],"rotation":0,"texture":"#0","tintindex":0}}}],"display":{"head":{"translation":[0.0,-6.4,0.0],"rotation":[0.0,0.0,0.0],"scale":[3.8095,3.8095,3.8095]}}}