{"textures":{"0":"modelengine:entity/redstonegolem"},"elements":[{"name":"cube","from":[4.1,-0.40000033,4.7],"to":[11.900001,15.2,11.3],"rotation":{"angle":0.0,"axis":"x","origin":[11.3,8.0,8.3]},"faces":{"down":{"uv":[2.1875,11.5625,1.375,12.25],"rotation":0,"texture":"#0","tintindex":0},"east":{"uv":[0.8125,9.0625,1.5,10.6875],"rotation":0,"texture":"#0","tintindex":0},"north":{"uv":[3.0,7.875,3.8125,9.5],"rotation":0,"texture":"#0","tintindex":0},"south":{"uv":[0.0,8.0,0.8125,9.625],"rotation":0,"texture":"#0","tintindex":0},"up":{"uv":[1.375,12.25,0.5625,11.5625],"rotation":0,"texture":"#0","tintindex":0},"west":{"uv":[1.5,9.0625,2.1875,10.6875],"rotation":0,"texture":"#0","tintindex":0}}}],"display":{"head":{"translation":[0.0,-6.4,0.0],"rotation":[0.0,0.0,0.0],"scale":[3.8095,3.8095,3.8095]}}}