{"textures":{"0":"modelengine:entity/phoenix_ash"},"elements":[{"name":"cube","from":[-13.900294,-16.0,8.180046],"to":[27.499706,10.400001,8.180046],"rotation":{"angle":0.0,"axis":"x","origin":[52.39971,8.300001,-1.1199541]},"faces":{"down":{"uv":[4.30625,0.00625,0.00625,0.00625],"rotation":0,"texture":"#0","tintindex":0},"east":{"uv":[0.00625,0.00625,0.00625,2.74375],"rotation":0,"texture":"#0","tintindex":0},"north":{"uv":[0.00625,0.00625,4.30625,2.74375],"rotation":0,"texture":"#0","tintindex":0},"south":{"uv":[4.30625,0.00625,0.00625,2.74375],"rotation":0,"texture":"#0","tintindex":0},"up":{"uv":[4.30625,0.00625,0.00625,0.00625],"rotation":0,"texture":"#0","tintindex":0},"west":{"uv":[0.00625,0.00625,0.00625,2.74375],"rotation":0,"texture":"#0","tintindex":0}}},{"name":"cube","from":[-13.900294,10.400001,5.780047],"to":[10.699707,14.6,8.180046],"rotation":{"angle":0.0,"axis":"x","origin":[29.599709,8.300001,-1.1199541]},"faces":{"down":{"uv":[15.11875,11.94375,12.56875,12.18125],"rotation":0,"texture":"#0","tintindex":0},"east":{"uv":[3.88125,7.38125,4.11875,7.80625],"rotation":0,"texture":"#0","tintindex":0},"north":{"uv":[10.94375,7.81875,13.49375,8.24375],"rotation":0,"texture":"#0","tintindex":0},"south":{"uv":[10.94375,8.25625,13.49375,8.68125],"rotation":0,"texture":"#0","tintindex":0},"up":{"uv":[14.30625,7.80625,11.75625,7.56875],"rotation":0,"texture":"#0","tintindex":0},"west":{"uv":[5.06875,11.44375,5.30625,11.86875],"rotation":0,"texture":"#0","tintindex":0}}}],"display":{"head":{"translation":[0.0,-27.268822,0.0],"rotation":[0.0,0.0,0.0],"scale":[3.8095,3.8095,3.8095]}}}