{"textures":{"0":"modelengine:entity/phoenix_ash"},"elements":[{"name":"cube","from":[4.7,4.300539,-4.2000237],"to":[10.700001,10.300539,7.7999763],"rotation":{"angle":-22.5,"axis":"x","origin":[7.7,7.3005395,1.7999765]},"faces":{"down":{"uv":[2.49375,14.19375,1.88125,15.43125],"rotation":0,"texture":"#0","tintindex":0},"east":{"uv":[0.00625,14.81875,1.24375,15.43125],"rotation":0,"texture":"#0","tintindex":0},"north":{"uv":[2.50625,14.81875,3.11875,15.43125],"rotation":0,"texture":"#0","tintindex":0},"south":{"uv":[2.50625,14.19375,3.11875,14.80625],"rotation":0,"texture":"#0","tintindex":0},"up":{"uv":[1.86875,15.43125,1.25625,14.19375],"rotation":0,"texture":"#0","tintindex":0},"west":{"uv":[0.00625,14.19375,1.24375,14.80625],"rotation":0,"texture":"#0","tintindex":0}}}],"display":{"head":{"translation":[0.0,-6.4,0.0],"rotation":[0.0,0.0,0.0],"scale":[3.8095,3.8095,3.8095]}}}