{"textures":{"0":"modelengine:entity/phoenix_ash"},"elements":[{"name":"cube","from":[6.5,6.8782806,1.7437757],"to":[9.2,9.5782795,8.0437765],"rotation":{"angle":0.0,"axis":"x","origin":[3.65,-16.971718,-13.106225]},"faces":{"down":{"uv":[7.11875,12.19375,6.81875,12.86875],"rotation":0,"texture":"#0","tintindex":0},"east":{"uv":[10.44375,9.88125,11.11875,10.18125],"rotation":0,"texture":"#0","tintindex":0},"north":{"uv":[2.94375,10.75625,3.24375,11.05625],"rotation":0,"texture":"#0","tintindex":0},"south":{"uv":[3.88125,11.06875,4.18125,11.36875],"rotation":0,"texture":"#0","tintindex":0},"up":{"uv":[1.74375,9.93125,1.44375,9.25625],"rotation":0,"texture":"#0","tintindex":0},"west":{"uv":[13.31875,11.44375,13.99375,11.74375],"rotation":0,"texture":"#0","tintindex":0}}},{"name":"cube","from":[6.5,3.2782807,-0.95622444],"to":[9.2,9.5782795,1.7437757],"rotation":{"angle":0.0,"axis":"x","origin":[3.65,-16.971718,-13.106225]},"faces":{"down":{"uv":[11.80625,3.31875,11.50625,3.61875],"rotation":0,"texture":"#0","tintindex":0},"east":{"uv":[13.25625,13.56875,13.55625,14.18125],"rotation":0,"texture":"#0","tintindex":0},"north":{"uv":[13.56875,12.19375,13.86875,12.80625],"rotation":0,"texture":"#0","tintindex":0},"south":{"uv":[13.56875,13.56875,13.86875,14.18125],"rotation":0,"texture":"#0","tintindex":0},"up":{"uv":[11.43125,10.18125,11.13125,9.88125],"rotation":0,"texture":"#0","tintindex":0},"west":{"uv":[3.81875,13.63125,4.11875,14.24375],"rotation":0,"texture":"#0","tintindex":0}}},{"name":"cube","from":[7.85,0.5782807,-0.95622444],"to":[7.85,5.078281,5.3437767],"rotation":{"angle":0.0,"axis":"x","origin":[3.65,-16.971718,-13.106225]},"faces":{"down":{"uv":[0.00625,0.00625,0.00625,0.68125],"rotation":0,"texture":"#0","tintindex":0},"east":{"uv":[13.99375,10.94375,13.31875,11.43125],"rotation":0,"texture":"#0","tintindex":0},"north":{"uv":[0.00625,0.00625,0.00625,0.49375],"rotation":0,"texture":"#0","tintindex":0},"south":{"uv":[0.00625,0.00625,0.00625,0.49375],"rotation":0,"texture":"#0","tintindex":0},"up":{"uv":[0.00625,0.68125,0.00625,0.00625],"rotation":0,"texture":"#0","tintindex":0},"west":{"uv":[13.31875,10.94375,13.99375,11.43125],"rotation":0,"texture":"#0","tintindex":0}}}],"display":{"head":{"translation":[0.0,-6.4,0.0],"rotation":[0.0,0.0,0.0],"scale":[3.8095,3.8095,3.8095]}}}