{"textures":{"0":"modelengine:entity/phoenix_ash"},"elements":[{"name":"cube","from":[8.0,-2.2000003,8.0],"to":[22.400002,15.8,8.0],"rotation":{"angle":0.0,"axis":"x","origin":[9.8,12.2,8.0]},"faces":{"down":{"uv":[0.00625,0.00625,1.49375,0.00625],"rotation":0,"texture":"#0","tintindex":0},"east":{"uv":[0.00625,0.00625,0.00625,1.86875],"rotation":0,"texture":"#0","tintindex":0},"north":{"uv":[4.13125,6.25625,5.61875,8.11875],"rotation":0,"texture":"#0","tintindex":0},"south":{"uv":[5.61875,6.25625,4.13125,8.11875],"rotation":0,"texture":"#0","tintindex":0},"up":{"uv":[0.00625,0.00625,1.49375,0.00625],"rotation":0,"texture":"#0","tintindex":0},"west":{"uv":[0.00625,0.00625,0.00625,1.86875],"rotation":0,"texture":"#0","tintindex":0}}}],"display":{"head":{"translation":[0.0,-6.4,0.0],"rotation":[0.0,0.0,0.0],"scale":[3.8095,3.8095,3.8095]}}}