{"textures":{"0":"modelengine:entity/phoenix_ash"},"elements":[{"name":"cube","from":[5.3,4.300539,-4.2000237],"to":[11.3,10.300539,7.7999763],"rotation":{"angle":-22.5,"axis":"x","origin":[8.3,7.3005395,1.7999765]},"faces":{"down":{"uv":[1.88125,14.19375,2.49375,15.43125],"rotation":0,"texture":"#0","tintindex":0},"east":{"uv":[1.24375,14.19375,0.00625,14.80625],"rotation":0,"texture":"#0","tintindex":0},"north":{"uv":[3.11875,14.81875,2.50625,15.43125],"rotation":0,"texture":"#0","tintindex":0},"south":{"uv":[3.11875,14.19375,2.50625,14.80625],"rotation":0,"texture":"#0","tintindex":0},"up":{"uv":[1.25625,15.43125,1.86875,14.19375],"rotation":0,"texture":"#0","tintindex":0},"west":{"uv":[1.24375,14.81875,0.00625,15.43125],"rotation":0,"texture":"#0","tintindex":0}}}],"display":{"head":{"translation":[0.0,-6.4,0.0],"rotation":[0.0,0.0,0.0],"scale":[3.8095,3.8095,3.8095]}}}