{"textures":{"0":"modelengine:entity/phoenix_ash"},"elements":[{"name":"cube","from":[5.0,0.19999981,6.2],"to":[20.0,11.6,10.4],"rotation":{"angle":0.0,"axis":"x","origin":[1.0999997,5.3,1.0999997]},"faces":{"down":{"uv":[12.81875,6.06875,14.36875,6.49375],"rotation":0,"texture":"#0","tintindex":0},"east":{"uv":[11.61875,13.06875,11.19375,14.24375],"rotation":0,"texture":"#0","tintindex":0},"north":{"uv":[10.93125,4.81875,9.38125,5.99375],"rotation":0,"texture":"#0","tintindex":0},"south":{"uv":[10.93125,6.00625,9.38125,7.18125],"rotation":0,"texture":"#0","tintindex":0},"up":{"uv":[12.81875,6.05625,14.36875,5.63125],"rotation":0,"texture":"#0","tintindex":0},"west":{"uv":[7.99375,13.00625,7.56875,14.18125],"rotation":0,"texture":"#0","tintindex":0}}},{"name":"cube","from":[5.0,-5.571641,9.251949],"to":[20.0,0.42835975,9.251949],"rotation":{"angle":22.5,"axis":"x","origin":[12.5,-2.5716405,9.251949]},"faces":{"down":{"uv":[0.00625,0.00625,1.55625,0.00625],"rotation":0,"texture":"#0","tintindex":0},"east":{"uv":[0.00625,0.00625,0.00625,0.61875],"rotation":0,"texture":"#0","tintindex":0},"north":{"uv":[13.74375,1.81875,12.19375,2.43125],"rotation":0,"texture":"#0","tintindex":0},"south":{"uv":[12.19375,1.81875,13.74375,2.43125],"rotation":0,"texture":"#0","tintindex":0},"up":{"uv":[0.00625,0.00625,1.55625,0.00625],"rotation":0,"texture":"#0","tintindex":0},"west":{"uv":[0.00625,0.00625,0.00625,0.61875],"rotation":0,"texture":"#0","tintindex":0}}}],"display":{"head":{"translation":[0.0,-6.4,0.0],"rotation":[0.0,0.0,0.0],"scale":[3.8095,3.8095,3.8095]}}}