{"textures":{"0":"modelengine:entity/phoenix_ash"},"elements":[{"name":"cube","from":[5.737689,4.1,6.5],"to":[12.337689,9.5,8.3],"rotation":{"angle":22.5,"axis":"z","origin":[9.037689,5.8999996,7.4]},"faces":{"down":{"uv":[11.88125,6.94375,12.55625,7.11875],"rotation":0,"texture":"#0","tintindex":0},"east":{"uv":[6.86875,4.00625,6.69375,4.74375],"rotation":0,"texture":"#0","tintindex":0},"north":{"uv":[2.61875,6.63125,1.94375,7.36875],"rotation":0,"texture":"#0","tintindex":0},"south":{"uv":[8.99375,9.25625,8.31875,9.99375],"rotation":0,"texture":"#0","tintindex":0},"up":{"uv":[8.00625,3.99375,8.68125,3.81875],"rotation":0,"texture":"#0","tintindex":0},"west":{"uv":[4.30625,5.50625,4.13125,6.24375],"rotation":0,"texture":"#0","tintindex":0}}},{"name":"cube","from":[10.708831,-0.9111805,8.3],"to":[19.708832,10.48882,8.3],"rotation":{"angle":0.0,"axis":"x","origin":[-3.3911695,18.588821,5.6]},"faces":{"down":{"uv":[0.00625,0.00625,0.93125,0.00625],"rotation":0,"texture":"#0","tintindex":0},"east":{"uv":[0.00625,0.00625,0.00625,1.18125],"rotation":0,"texture":"#0","tintindex":0},"north":{"uv":[12.55625,11.06875,11.63125,12.24375],"rotation":0,"texture":"#0","tintindex":0},"south":{"uv":[11.63125,11.06875,12.55625,12.24375],"rotation":0,"texture":"#0","tintindex":0},"up":{"uv":[0.00625,0.00625,0.93125,0.00625],"rotation":0,"texture":"#0","tintindex":0},"west":{"uv":[0.00625,0.00625,0.00625,1.18125],"rotation":0,"texture":"#0","tintindex":0}}},{"name":"cube","from":[17.599998,-0.9111805,3.2088308],"to":[32.0,10.48882,3.2088308],"rotation":{"angle":45.0,"axis":"y","origin":[24.800003,4.78882,3.2088308]},"faces":{"down":{"uv":[0.00625,0.00625,1.49375,0.00625],"rotation":0,"texture":"#0","tintindex":0},"east":{"uv":[0.00625,0.00625,0.00625,1.18125],"rotation":0,"texture":"#0","tintindex":0},"north":{"uv":[1.44375,10.00625,2.93125,11.18125],"rotation":0,"texture":"#0","tintindex":0},"south":{"uv":[2.93125,10.00625,1.44375,11.18125],"rotation":0,"texture":"#0","tintindex":0},"up":{"uv":[0.00625,0.00625,1.49375,0.00625],"rotation":0,"texture":"#0","tintindex":0},"west":{"uv":[0.00625,0.00625,0.00625,1.18125],"rotation":0,"texture":"#0","tintindex":0}}}],"display":{"head":{"translation":[7.32596,-6.4,0.0],"rotation":[0.0,0.0,0.0],"scale":[3.8095,3.8095,3.8095]}}}