{"textures":{"0":"modelengine:entity/glume_vines"},"elements":[{"name":"cube","from":[-0.40000033,0.7999997,1.0999997],"to":[16.400002,15.2,14.900001],"rotation":{"angle":0.0,"axis":"x","origin":[8.0,9.8,6.5000005]},"faces":{"down":{"uv":[0.0,0.0,1.75,1.4375],"rotation":0,"texture":"#0","tintindex":0},"east":{"uv":[0.0,0.0,1.4375,1.5],"rotation":0,"texture":"#0","tintindex":0},"north":{"uv":[0.0,0.0,1.75,1.5],"rotation":0,"texture":"#0","tintindex":0},"south":{"uv":[0.0,0.0,1.75,1.5],"rotation":0,"texture":"#0","tintindex":0},"up":{"uv":[0.0,0.0,1.75,1.4375],"rotation":0,"texture":"#0","tintindex":0},"west":{"uv":[0.0,0.0,1.4375,1.5],"rotation":0,"texture":"#0","tintindex":0}}}],"display":{"head":{"translation":[0.0,-6.4,0.0],"rotation":[0.0,0.0,0.0],"scale":[3.8095,3.8095,3.8095]}}}