{"textures":{"0":"modelengine:entity/glume_vines"},"elements":[{"name":"cube","from":[0.7571428,16.400002,0.84285665],"to":[15.157144,22.400002,15.242857],"rotation":{"angle":0.0,"axis":"x","origin":[8.557143,-11.200001,8.642857]},"faces":{"down":{"uv":[2.998,6.252,1.502,7.748],"rotation":0,"texture":"#0","tintindex":0},"east":{"uv":[8.127,9.6895,9.623,10.3105],"rotation":0,"texture":"#0","tintindex":0},"north":{"uv":[9.502,6.877,10.998,7.498],"rotation":0,"texture":"#0","tintindex":0},"south":{"uv":[9.627,9.6895,11.123,10.3105],"rotation":0,"texture":"#0","tintindex":0},"up":{"uv":[1.498,7.748,0.002,6.252],"rotation":0,"texture":"#0","tintindex":0},"west":{"uv":[0.002,9.752,1.498,10.373],"rotation":0,"texture":"#0","tintindex":0}}},{"name":"cube","from":[-7.042857,12.8,-6.957144],"to":[22.957146,16.400002,23.042858],"rotation":{"angle":0.0,"axis":"x","origin":[8.557143,-11.200001,8.642857]},"faces":{"down":{"uv":[3.123,3.127,0.002,6.248],"rotation":0,"texture":"#0","tintindex":0},"east":{"uv":[8.9395,8.5645,12.0605,8.9355],"rotation":0,"texture":"#0","tintindex":0},"north":{"uv":[8.9395,8.1895,12.0605,8.5605],"rotation":0,"texture":"#0","tintindex":0},"south":{"uv":[8.9395,8.9395,12.0605,9.3105],"rotation":0,"texture":"#0","tintindex":0},"up":{"uv":[3.123,3.123,0.002,0.002],"rotation":0,"texture":"#0","tintindex":0},"west":{"uv":[0.002,9.002,3.123,9.373],"rotation":0,"texture":"#0","tintindex":0}}},{"name":"cube","from":[-7.042857,9.2,-6.957144],"to":[-4.6428576,12.8,23.042858],"rotation":{"angle":0.0,"axis":"x","origin":[-5.8428574,11.6,8.042857]},"faces":{"down":{"uv":[7.8105,10.0645,7.5645,13.1855],"rotation":0,"texture":"#0","tintindex":0},"east":{"uv":[9.002,0.877,12.123,1.248],"rotation":0,"texture":"#0","tintindex":0},"north":{"uv":[1.252,10.377,1.498,10.748],"rotation":0,"texture":"#0","tintindex":0},"south":{"uv":[10.3145,10.8145,10.5605,11.1855],"rotation":0,"texture":"#0","tintindex":0},"up":{"uv":[7.5605,13.1855,7.3145,10.0645],"rotation":0,"texture":"#0","tintindex":0},"west":{"uv":[9.002,1.252,12.123,1.623],"rotation":0,"texture":"#0","tintindex":0}}},{"name":"cube","from":[-4.6428576,9.2,-6.957144],"to":[20.557144,12.8,-5.1571436],"rotation":{"angle":0.0,"axis":"x","origin":[-5.8428574,11.6,8.042857]},"faces":{"down":{"uv":[12.6855,6.127,10.0645,6.3105],"rotation":0,"texture":"#0","tintindex":0},"east":{"uv":[6.1895,6.627,6.373,6.998],"rotation":0,"texture":"#0","tintindex":0},"north":{"uv":[8.127,9.3145,10.748,9.6855],"rotation":0,"texture":"#0","tintindex":0},"south":{"uv":[2.627,9.377,5.248,9.748],"rotation":0,"texture":"#0","tintindex":0},"up":{"uv":[12.123,7.6855,9.502,7.502],"rotation":0,"texture":"#0","tintindex":0},"west":{"uv":[6.1895,7.002,6.373,7.373],"rotation":0,"texture":"#0","tintindex":0}}},{"name":"cube","from":[20.557144,9.2,-6.957144],"to":[22.957146,12.8,23.042858],"rotation":{"angle":0.0,"axis":"x","origin":[8.557143,-11.200001,8.642857]},"faces":{"down":{"uv":[7.3105,10.0645,7.0645,13.1855],"rotation":0,"texture":"#0","tintindex":0},"east":{"uv":[8.627,6.502,11.748,6.873],"rotation":0,"texture":"#0","tintindex":0},"north":{"uv":[5.9395,8.502,6.1855,8.873],"rotation":0,"texture":"#0","tintindex":0},"south":{"uv":[3.627,8.877,3.873,9.248],"rotation":0,"texture":"#0","tintindex":0},"up":{"uv":[7.0605,13.123,6.8145,10.002],"rotation":0,"texture":"#0","tintindex":0},"west":{"uv":[0.002,5.8145,3.123,6.1855],"rotation":0,"texture":"#0","tintindex":0}}},{"name":"cube","from":[-4.6428576,9.2,21.242859],"to":[20.557144,12.8,23.042858],"rotation":{"angle":0.0,"axis":"x","origin":[-5.8428574,11.6,36.24286]},"faces":{"down":{"uv":[13.373,9.3145,10.752,9.498],"rotation":0,"texture":"#0","tintindex":0},"east":{"uv":[6.1895,7.377,6.373,7.748],"rotation":0,"texture":"#0","tintindex":0},"north":{"uv":[2.627,9.377,5.248,9.748],"rotation":0,"texture":"#0","tintindex":0},"south":{"uv":[9.502,0.002,12.123,0.373],"rotation":0,"texture":"#0","tintindex":0},"up":{"uv":[12.6855,6.498,10.0645,6.3145],"rotation":0,"texture":"#0","tintindex":0},"west":{"uv":[9.002,1.627,9.1855,1.998],"rotation":0,"texture":"#0","tintindex":0}}},{"name":"cube","from":[1.3571428,8.0,-0.3571434],"to":[15.157144,12.8,15.842857],"rotation":{"angle":0.0,"axis":"x","origin":[8.557143,-8.8,8.642857]},"faces":{"down":{"uv":[6.373,4.9395,4.9395,6.623],"rotation":0,"texture":"#0","tintindex":0},"east":{"uv":[9.502,0.377,11.1855,0.873],"rotation":0,"texture":"#0","tintindex":0},"north":{"uv":[7.8145,10.3145,9.248,10.8105],"rotation":0,"texture":"#0","tintindex":0},"south":{"uv":[9.252,10.3145,10.6855,10.8105],"rotation":0,"texture":"#0","tintindex":0},"up":{"uv":[6.373,4.9355,4.9395,3.252],"rotation":0,"texture":"#0","tintindex":0},"west":{"uv":[10.002,3.752,11.6855,4.248],"rotation":0,"texture":"#0","tintindex":0}}}],"display":{"head":{"translation":[0.0,-6.4,0.0],"rotation":[0.0,0.0,0.0],"scale":[3.8095,3.8095,3.8095]}}}