{"textures":{"0":"modelengine:entity/glume_vines"},"elements":[{"name":"cube","from":[9.575001,12.086924,3.7775836],"to":[13.175,13.286923,7.377584],"rotation":{"angle":0.0,"axis":"x","origin":[11.075001,5.7869234,-36.722416]},"faces":{"down":{"uv":[3.248,10.8145,2.877,11.1855],"rotation":0,"texture":"#0","tintindex":0},"east":{"uv":[2.502,8.877,2.873,8.998],"rotation":0,"texture":"#0","tintindex":0},"north":{"uv":[2.502,7.752,2.873,7.873],"rotation":0,"texture":"#0","tintindex":0},"south":{"uv":[9.1895,2.877,9.5605,2.998],"rotation":0,"texture":"#0","tintindex":0},"up":{"uv":[4.248,8.248,3.877,7.877],"rotation":0,"texture":"#0","tintindex":0},"west":{"uv":[8.127,9.1895,8.498,9.3105],"rotation":0,"texture":"#0","tintindex":0}}},{"name":"cube","from":[10.475,10.886923,4.6775837],"to":[12.275001,12.086924,6.477584],"rotation":{"angle":0.0,"axis":"x","origin":[11.075001,5.7869234,-36.722416]},"faces":{"down":{"uv":[6.373,7.752,6.1895,7.9355],"rotation":0,"texture":"#0","tintindex":0},"east":{"uv":[9.6895,2.6895,9.873,2.8105],"rotation":0,"texture":"#0","tintindex":0},"north":{"uv":[9.002,2.002,9.1855,2.123],"rotation":0,"texture":"#0","tintindex":0},"south":{"uv":[5.127,9.752,5.3105,9.873],"rotation":0,"texture":"#0","tintindex":0},"up":{"uv":[7.623,3.248,7.4395,3.0645],"rotation":0,"texture":"#0","tintindex":0},"west":{"uv":[9.752,7.6895,9.9355,7.8105],"rotation":0,"texture":"#0","tintindex":0}}},{"name":"cube","from":[4.475,9.686924,2.8775837],"to":[6.2749996,10.886923,4.6775837],"rotation":{"angle":-22.5,"axis":"x","origin":[5.375,10.886923,2.5775838]},"faces":{"down":{"uv":[6.373,7.752,6.1895,7.9355],"rotation":0,"texture":"#0","tintindex":0},"east":{"uv":[9.6895,2.6895,9.873,2.8105],"rotation":0,"texture":"#0","tintindex":0},"north":{"uv":[9.002,2.002,9.1855,2.123],"rotation":0,"texture":"#0","tintindex":0},"south":{"uv":[5.127,9.752,5.3105,9.873],"rotation":0,"texture":"#0","tintindex":0},"up":{"uv":[7.623,3.248,7.4395,3.0645],"rotation":0,"texture":"#0","tintindex":0},"west":{"uv":[9.752,7.6895,9.9355,7.8105],"rotation":0,"texture":"#0","tintindex":0}}},{"name":"cube","from":[3.5749998,10.886923,1.9775836],"to":[7.175,12.086924,5.577584],"rotation":{"angle":-22.5,"axis":"x","origin":[5.375,10.886923,2.5775838]},"faces":{"down":{"uv":[3.248,10.8145,2.877,11.1855],"rotation":0,"texture":"#0","tintindex":0},"east":{"uv":[2.502,8.877,2.873,8.998],"rotation":0,"texture":"#0","tintindex":0},"north":{"uv":[2.502,7.752,2.873,7.873],"rotation":0,"texture":"#0","tintindex":0},"south":{"uv":[9.1895,2.877,9.5605,2.998],"rotation":0,"texture":"#0","tintindex":0},"up":{"uv":[4.248,8.248,3.877,7.877],"rotation":0,"texture":"#0","tintindex":0},"west":{"uv":[8.127,9.1895,8.498,9.3105],"rotation":0,"texture":"#0","tintindex":0}}},{"name":"cube","from":[2.975,11.486923,6.777584],"to":[7.775,13.286923,11.577584],"rotation":{"angle":0.0,"axis":"x","origin":[12.875,5.186923,-31.922417]},"faces":{"down":{"uv":[10.3105,10.8145,9.8145,11.3105],"rotation":0,"texture":"#0","tintindex":0},"east":{"uv":[6.9395,3.0645,7.4355,3.248],"rotation":0,"texture":"#0","tintindex":0},"north":{"uv":[6.4395,3.0645,6.9355,3.248],"rotation":0,"texture":"#0","tintindex":0},"south":{"uv":[8.127,9.002,8.623,9.1855],"rotation":0,"texture":"#0","tintindex":0},"up":{"uv":[3.623,9.373,3.127,8.877],"rotation":0,"texture":"#0","tintindex":0},"west":{"uv":[9.1895,2.6895,9.6855,2.873],"rotation":0,"texture":"#0","tintindex":0}}},{"name":"cube","from":[4.1749997,10.286923,7.977584],"to":[6.575,11.486923,10.377584],"rotation":{"angle":0.0,"axis":"x","origin":[12.875,5.186923,-31.922417]},"faces":{"down":{"uv":[8.873,9.002,8.627,9.248],"rotation":0,"texture":"#0","tintindex":0},"east":{"uv":[3.627,9.252,3.873,9.373],"rotation":0,"texture":"#0","tintindex":0},"north":{"uv":[2.877,8.877,3.123,8.998],"rotation":0,"texture":"#0","tintindex":0},"south":{"uv":[9.502,7.6895,9.748,7.8105],"rotation":0,"texture":"#0","tintindex":0},"up":{"uv":[4.123,8.498,3.877,8.252],"rotation":0,"texture":"#0","tintindex":0},"west":{"uv":[9.5645,2.877,9.8105,2.998],"rotation":0,"texture":"#0","tintindex":0}}},{"name":"cube","from":[4.7749996,7.8869233,8.577583],"to":[5.975,10.286923,9.777584],"rotation":{"angle":0.0,"axis":"x","origin":[12.875,5.186923,-31.922417]},"faces":{"down":{"uv":[7.6855,8.877,7.5645,8.998],"rotation":0,"texture":"#0","tintindex":0},"east":{"uv":[7.5645,8.1895,7.6855,8.4355],"rotation":0,"texture":"#0","tintindex":0},"north":{"uv":[7.5645,7.9395,7.6855,8.1855],"rotation":0,"texture":"#0","tintindex":0},"south":{"uv":[4.127,8.252,4.248,8.498],"rotation":0,"texture":"#0","tintindex":0},"up":{"uv":[2.998,7.873,2.877,7.752],"rotation":0,"texture":"#0","tintindex":0},"west":{"uv":[7.5645,8.4395,7.6855,8.6855],"rotation":0,"texture":"#0","tintindex":0}}},{"name":"cube","from":[4.7749996,7.8869233,6.777584],"to":[5.975,9.086924,8.577583],"rotation":{"angle":0.0,"axis":"x","origin":[12.875,5.186923,-31.922417]},"faces":{"down":{"uv":[7.9355,10.0645,7.8145,10.248],"rotation":0,"texture":"#0","tintindex":0},"east":{"uv":[9.8145,2.8145,9.998,2.9355],"rotation":0,"texture":"#0","tintindex":0},"north":{"uv":[8.502,9.1895,8.623,9.3105],"rotation":0,"texture":"#0","tintindex":0},"south":{"uv":[9.877,2.6895,9.998,2.8105],"rotation":0,"texture":"#0","tintindex":0},"up":{"uv":[7.6855,8.873,7.5645,8.6895],"rotation":0,"texture":"#0","tintindex":0},"west":{"uv":[5.127,9.877,5.3105,9.998],"rotation":0,"texture":"#0","tintindex":0}}},{"name":"cube","from":[13.775001,4.886923,8.577583],"to":[16.175,6.086923,10.977584],"rotation":{"angle":45.0,"axis":"y","origin":[14.975,4.811923,9.402584]},"faces":{"down":{"uv":[8.873,9.002,8.627,9.248],"rotation":0,"texture":"#0","tintindex":0},"east":{"uv":[3.627,9.252,3.873,9.373],"rotation":0,"texture":"#0","tintindex":0},"north":{"uv":[2.877,8.877,3.123,8.998],"rotation":0,"texture":"#0","tintindex":0},"south":{"uv":[9.502,7.6895,9.748,7.8105],"rotation":0,"texture":"#0","tintindex":0},"up":{"uv":[4.123,8.498,3.877,8.252],"rotation":0,"texture":"#0","tintindex":0},"west":{"uv":[9.5645,2.877,9.8105,2.998],"rotation":0,"texture":"#0","tintindex":0}}},{"name":"cube","from":[12.575,6.086923,7.377584],"to":[17.375,7.8869233,12.177584],"rotation":{"angle":45.0,"axis":"y","origin":[14.975,4.811923,9.402584]},"faces":{"down":{"uv":[10.3105,10.8145,9.8145,11.3105],"rotation":0,"texture":"#0","tintindex":0},"east":{"uv":[6.9395,3.0645,7.4355,3.248],"rotation":0,"texture":"#0","tintindex":0},"north":{"uv":[6.4395,3.0645,6.9355,3.248],"rotation":0,"texture":"#0","tintindex":0},"south":{"uv":[8.127,9.002,8.623,9.1855],"rotation":0,"texture":"#0","tintindex":0},"up":{"uv":[3.623,9.373,3.127,8.877],"rotation":0,"texture":"#0","tintindex":0},"west":{"uv":[9.1895,2.6895,9.6855,2.873],"rotation":0,"texture":"#0","tintindex":0}}},{"name":"cube","from":[14.375,2.486923,9.177584],"to":[15.575001,4.886923,10.377584],"rotation":{"angle":45.0,"axis":"y","origin":[14.975,4.811923,9.402584]},"faces":{"down":{"uv":[7.6855,8.877,7.5645,8.998],"rotation":0,"texture":"#0","tintindex":0},"east":{"uv":[7.5645,8.1895,7.6855,8.4355],"rotation":0,"texture":"#0","tintindex":0},"north":{"uv":[7.5645,7.9395,7.6855,8.1855],"rotation":0,"texture":"#0","tintindex":0},"south":{"uv":[4.127,8.252,4.248,8.498],"rotation":0,"texture":"#0","tintindex":0},"up":{"uv":[2.998,7.873,2.877,7.752],"rotation":0,"texture":"#0","tintindex":0},"west":{"uv":[7.5645,8.4395,7.6855,8.6855],"rotation":0,"texture":"#0","tintindex":0}}},{"name":"cube","from":[14.375,2.486923,7.377584],"to":[15.575001,3.686923,9.177584],"rotation":{"angle":45.0,"axis":"y","origin":[14.975,4.811923,9.402584]},"faces":{"down":{"uv":[7.9355,10.0645,7.8145,10.248],"rotation":0,"texture":"#0","tintindex":0},"east":{"uv":[9.8145,2.8145,9.998,2.9355],"rotation":0,"texture":"#0","tintindex":0},"north":{"uv":[8.502,9.1895,8.623,9.3105],"rotation":0,"texture":"#0","tintindex":0},"south":{"uv":[9.877,2.6895,9.998,2.8105],"rotation":0,"texture":"#0","tintindex":0},"up":{"uv":[7.6855,8.873,7.5645,8.6895],"rotation":0,"texture":"#0","tintindex":0},"west":{"uv":[5.127,9.877,5.3105,9.998],"rotation":0,"texture":"#0","tintindex":0}}},{"name":"cube","from":[1.1749997,7.2869234,9.177584],"to":[3.5749998,8.486923,11.577584],"rotation":{"angle":-22.5,"axis":"y","origin":[2.3749998,7.211923,10.002584]},"faces":{"down":{"uv":[8.873,9.002,8.627,9.248],"rotation":0,"texture":"#0","tintindex":0},"east":{"uv":[3.627,9.252,3.873,9.373],"rotation":0,"texture":"#0","tintindex":0},"north":{"uv":[2.877,8.877,3.123,8.998],"rotation":0,"texture":"#0","tintindex":0},"south":{"uv":[9.502,7.6895,9.748,7.8105],"rotation":0,"texture":"#0","tintindex":0},"up":{"uv":[4.123,8.498,3.877,8.252],"rotation":0,"texture":"#0","tintindex":0},"west":{"uv":[9.5645,2.877,9.8105,2.998],"rotation":0,"texture":"#0","tintindex":0}}},{"name":"cube","from":[-0.025000334,8.486923,7.977584],"to":[4.7749996,10.286923,12.777584],"rotation":{"angle":-22.5,"axis":"y","origin":[2.3749998,7.211923,10.002584]},"faces":{"down":{"uv":[10.3105,10.8145,9.8145,11.3105],"rotation":0,"texture":"#0","tintindex":0},"east":{"uv":[6.9395,3.0645,7.4355,3.248],"rotation":0,"texture":"#0","tintindex":0},"north":{"uv":[6.4395,3.0645,6.9355,3.248],"rotation":0,"texture":"#0","tintindex":0},"south":{"uv":[8.127,9.002,8.623,9.1855],"rotation":0,"texture":"#0","tintindex":0},"up":{"uv":[3.623,9.373,3.127,8.877],"rotation":0,"texture":"#0","tintindex":0},"west":{"uv":[9.1895,2.6895,9.6855,2.873],"rotation":0,"texture":"#0","tintindex":0}}},{"name":"cube","from":[1.7749997,4.886923,9.777584],"to":[2.975,7.2869234,10.977584],"rotation":{"angle":-22.5,"axis":"y","origin":[2.3749998,7.211923,10.002584]},"faces":{"down":{"uv":[7.6855,8.877,7.5645,8.998],"rotation":0,"texture":"#0","tintindex":0},"east":{"uv":[7.5645,8.1895,7.6855,8.4355],"rotation":0,"texture":"#0","tintindex":0},"north":{"uv":[7.5645,7.9395,7.6855,8.1855],"rotation":0,"texture":"#0","tintindex":0},"south":{"uv":[4.127,8.252,4.248,8.498],"rotation":0,"texture":"#0","tintindex":0},"up":{"uv":[2.998,7.873,2.877,7.752],"rotation":0,"texture":"#0","tintindex":0},"west":{"uv":[7.5645,8.4395,7.6855,8.6855],"rotation":0,"texture":"#0","tintindex":0}}},{"name":"cube","from":[1.7749997,4.886923,7.977584],"to":[2.975,6.086923,9.777584],"rotation":{"angle":-22.5,"axis":"y","origin":[2.3749998,7.211923,10.002584]},"faces":{"down":{"uv":[7.9355,10.0645,7.8145,10.248],"rotation":0,"texture":"#0","tintindex":0},"east":{"uv":[9.8145,2.8145,9.998,2.9355],"rotation":0,"texture":"#0","tintindex":0},"north":{"uv":[8.502,9.1895,8.623,9.3105],"rotation":0,"texture":"#0","tintindex":0},"south":{"uv":[9.877,2.6895,9.998,2.8105],"rotation":0,"texture":"#0","tintindex":0},"up":{"uv":[7.6855,8.873,7.5645,8.6895],"rotation":0,"texture":"#0","tintindex":0},"west":{"uv":[5.127,9.877,5.3105,9.998],"rotation":0,"texture":"#0","tintindex":0}}},{"name":"cube","from":[8.975,7.8869233,9.177584],"to":[11.375,9.086924,11.577584],"rotation":{"angle":22.5,"axis":"y","origin":[10.175,7.811923,10.002584]},"faces":{"down":{"uv":[8.873,9.002,8.627,9.248],"rotation":0,"texture":"#0","tintindex":0},"east":{"uv":[3.627,9.252,3.873,9.373],"rotation":0,"texture":"#0","tintindex":0},"north":{"uv":[2.877,8.877,3.123,8.998],"rotation":0,"texture":"#0","tintindex":0},"south":{"uv":[9.502,7.6895,9.748,7.8105],"rotation":0,"texture":"#0","tintindex":0},"up":{"uv":[4.123,8.498,3.877,8.252],"rotation":0,"texture":"#0","tintindex":0},"west":{"uv":[9.5645,2.877,9.8105,2.998],"rotation":0,"texture":"#0","tintindex":0}}},{"name":"cube","from":[7.775,9.086924,7.977584],"to":[12.575,10.886923,12.777584],"rotation":{"angle":22.5,"axis":"y","origin":[10.175,7.811923,10.002584]},"faces":{"down":{"uv":[10.3105,10.8145,9.8145,11.3105],"rotation":0,"texture":"#0","tintindex":0},"east":{"uv":[6.9395,3.0645,7.4355,3.248],"rotation":0,"texture":"#0","tintindex":0},"north":{"uv":[6.4395,3.0645,6.9355,3.248],"rotation":0,"texture":"#0","tintindex":0},"south":{"uv":[8.127,9.002,8.623,9.1855],"rotation":0,"texture":"#0","tintindex":0},"up":{"uv":[3.623,9.373,3.127,8.877],"rotation":0,"texture":"#0","tintindex":0},"west":{"uv":[9.1895,2.6895,9.6855,2.873],"rotation":0,"texture":"#0","tintindex":0}}},{"name":"cube","from":[9.575001,5.486923,9.777584],"to":[10.775,7.8869233,10.977584],"rotation":{"angle":22.5,"axis":"y","origin":[10.175,7.811923,10.002584]},"faces":{"down":{"uv":[7.6855,8.877,7.5645,8.998],"rotation":0,"texture":"#0","tintindex":0},"east":{"uv":[7.5645,8.1895,7.6855,8.4355],"rotation":0,"texture":"#0","tintindex":0},"north":{"uv":[7.5645,7.9395,7.6855,8.1855],"rotation":0,"texture":"#0","tintindex":0},"south":{"uv":[4.127,8.252,4.248,8.498],"rotation":0,"texture":"#0","tintindex":0},"up":{"uv":[2.998,7.873,2.877,7.752],"rotation":0,"texture":"#0","tintindex":0},"west":{"uv":[7.5645,8.4395,7.6855,8.6855],"rotation":0,"texture":"#0","tintindex":0}}},{"name":"cube","from":[9.575001,5.486923,7.977584],"to":[10.775,6.686923,9.777584],"rotation":{"angle":22.5,"axis":"y","origin":[10.175,7.811923,10.002584]},"faces":{"down":{"uv":[7.9355,10.0645,7.8145,10.248],"rotation":0,"texture":"#0","tintindex":0},"east":{"uv":[9.8145,2.8145,9.998,2.9355],"rotation":0,"texture":"#0","tintindex":0},"north":{"uv":[8.502,9.1895,8.623,9.3105],"rotation":0,"texture":"#0","tintindex":0},"south":{"uv":[9.877,2.6895,9.998,2.8105],"rotation":0,"texture":"#0","tintindex":0},"up":{"uv":[7.6855,8.873,7.5645,8.6895],"rotation":0,"texture":"#0","tintindex":0},"west":{"uv":[5.127,9.877,5.3105,9.998],"rotation":0,"texture":"#0","tintindex":0}}},{"name":"cube","from":[5.375,4.286923,10.377584],"to":[7.775,5.486923,12.777584],"rotation":{"angle":0.0,"axis":"x","origin":[6.575,4.211923,11.202584]},"faces":{"down":{"uv":[8.873,9.002,8.627,9.248],"rotation":0,"texture":"#0","tintindex":0},"east":{"uv":[3.627,9.252,3.873,9.373],"rotation":0,"texture":"#0","tintindex":0},"north":{"uv":[2.877,8.877,3.123,8.998],"rotation":0,"texture":"#0","tintindex":0},"south":{"uv":[9.502,7.6895,9.748,7.8105],"rotation":0,"texture":"#0","tintindex":0},"up":{"uv":[4.123,8.498,3.877,8.252],"rotation":0,"texture":"#0","tintindex":0},"west":{"uv":[9.5645,2.877,9.8105,2.998],"rotation":0,"texture":"#0","tintindex":0}}},{"name":"cube","from":[4.1749997,5.486923,9.177584],"to":[8.975,7.2869234,13.977584],"rotation":{"angle":0.0,"axis":"x","origin":[6.575,4.211923,11.202584]},"faces":{"down":{"uv":[10.3105,10.8145,9.8145,11.3105],"rotation":0,"texture":"#0","tintindex":0},"east":{"uv":[6.9395,3.0645,7.4355,3.248],"rotation":0,"texture":"#0","tintindex":0},"north":{"uv":[6.4395,3.0645,6.9355,3.248],"rotation":0,"texture":"#0","tintindex":0},"south":{"uv":[8.127,9.002,8.623,9.1855],"rotation":0,"texture":"#0","tintindex":0},"up":{"uv":[3.623,9.373,3.127,8.877],"rotation":0,"texture":"#0","tintindex":0},"west":{"uv":[9.1895,2.6895,9.6855,2.873],"rotation":0,"texture":"#0","tintindex":0}}},{"name":"cube","from":[5.975,1.886923,10.977584],"to":[7.175,4.286923,12.177584],"rotation":{"angle":0.0,"axis":"x","origin":[6.575,4.211923,11.202584]},"faces":{"down":{"uv":[7.6855,8.877,7.5645,8.998],"rotation":0,"texture":"#0","tintindex":0},"east":{"uv":[7.5645,8.1895,7.6855,8.4355],"rotation":0,"texture":"#0","tintindex":0},"north":{"uv":[7.5645,7.9395,7.6855,8.1855],"rotation":0,"texture":"#0","tintindex":0},"south":{"uv":[4.127,8.252,4.248,8.498],"rotation":0,"texture":"#0","tintindex":0},"up":{"uv":[2.998,7.873,2.877,7.752],"rotation":0,"texture":"#0","tintindex":0},"west":{"uv":[7.5645,8.4395,7.6855,8.6855],"rotation":0,"texture":"#0","tintindex":0}}},{"name":"cube","from":[5.975,1.886923,9.177584],"to":[7.175,3.0869231,10.977584],"rotation":{"angle":0.0,"axis":"x","origin":[6.575,4.211923,11.202584]},"faces":{"down":{"uv":[7.9355,10.0645,7.8145,10.248],"rotation":0,"texture":"#0","tintindex":0},"east":{"uv":[9.8145,2.8145,9.998,2.9355],"rotation":0,"texture":"#0","tintindex":0},"north":{"uv":[8.502,9.1895,8.623,9.3105],"rotation":0,"texture":"#0","tintindex":0},"south":{"uv":[9.877,2.6895,9.998,2.8105],"rotation":0,"texture":"#0","tintindex":0},"up":{"uv":[7.6855,8.873,7.5645,8.6895],"rotation":0,"texture":"#0","tintindex":0},"west":{"uv":[5.127,9.877,5.3105,9.998],"rotation":0,"texture":"#0","tintindex":0}}},{"name":"cube","from":[4.1749997,5.486923,9.177584],"to":[8.975,7.2869234,13.977584],"rotation":{"angle":0.0,"axis":"x","origin":[6.575,4.211923,11.202584]},"faces":{"down":{"uv":[10.3105,10.8145,9.8145,11.3105],"rotation":0,"texture":"#0","tintindex":0},"east":{"uv":[6.9395,3.0645,7.4355,3.248],"rotation":0,"texture":"#0","tintindex":0},"north":{"uv":[6.4395,3.0645,6.9355,3.248],"rotation":0,"texture":"#0","tintindex":0},"south":{"uv":[8.127,9.002,8.623,9.1855],"rotation":0,"texture":"#0","tintindex":0},"up":{"uv":[3.623,9.373,3.127,8.877],"rotation":0,"texture":"#0","tintindex":0},"west":{"uv":[9.1895,2.6895,9.6855,2.873],"rotation":0,"texture":"#0","tintindex":0}}},{"name":"cube","from":[5.375,4.286923,10.377584],"to":[7.775,5.486923,12.777584],"rotation":{"angle":0.0,"axis":"x","origin":[6.575,4.211923,11.202584]},"faces":{"down":{"uv":[8.873,9.002,8.627,9.248],"rotation":0,"texture":"#0","tintindex":0},"east":{"uv":[3.627,9.252,3.873,9.373],"rotation":0,"texture":"#0","tintindex":0},"north":{"uv":[2.877,8.877,3.123,8.998],"rotation":0,"texture":"#0","tintindex":0},"south":{"uv":[9.502,7.6895,9.748,7.8105],"rotation":0,"texture":"#0","tintindex":0},"up":{"uv":[4.123,8.498,3.877,8.252],"rotation":0,"texture":"#0","tintindex":0},"west":{"uv":[9.5645,2.877,9.8105,2.998],"rotation":0,"texture":"#0","tintindex":0}}},{"name":"cube","from":[5.975,1.886923,10.977584],"to":[7.175,4.286923,12.177584],"rotation":{"angle":0.0,"axis":"x","origin":[6.575,4.211923,11.202584]},"faces":{"down":{"uv":[7.6855,8.877,7.5645,8.998],"rotation":0,"texture":"#0","tintindex":0},"east":{"uv":[7.5645,8.1895,7.6855,8.4355],"rotation":0,"texture":"#0","tintindex":0},"north":{"uv":[7.5645,7.9395,7.6855,8.1855],"rotation":0,"texture":"#0","tintindex":0},"south":{"uv":[4.127,8.252,4.248,8.498],"rotation":0,"texture":"#0","tintindex":0},"up":{"uv":[2.998,7.873,2.877,7.752],"rotation":0,"texture":"#0","tintindex":0},"west":{"uv":[7.5645,8.4395,7.6855,8.6855],"rotation":0,"texture":"#0","tintindex":0}}},{"name":"cube","from":[5.975,1.886923,9.177584],"to":[7.175,3.0869231,10.977584],"rotation":{"angle":0.0,"axis":"x","origin":[6.575,4.211923,11.202584]},"faces":{"down":{"uv":[7.9355,10.0645,7.8145,10.248],"rotation":0,"texture":"#0","tintindex":0},"east":{"uv":[9.8145,2.8145,9.998,2.9355],"rotation":0,"texture":"#0","tintindex":0},"north":{"uv":[8.502,9.1895,8.623,9.3105],"rotation":0,"texture":"#0","tintindex":0},"south":{"uv":[9.877,2.6895,9.998,2.8105],"rotation":0,"texture":"#0","tintindex":0},"up":{"uv":[7.6855,8.873,7.5645,8.6895],"rotation":0,"texture":"#0","tintindex":0},"west":{"uv":[5.127,9.877,5.3105,9.998],"rotation":0,"texture":"#0","tintindex":0}}},{"name":"cube","from":[-0.025000334,1.2869229,9.777584],"to":[4.7749996,3.0869231,14.577583],"rotation":{"angle":-22.5,"axis":"y","origin":[2.3749998,0.011922836,11.802584]},"faces":{"down":{"uv":[10.3105,10.8145,9.8145,11.3105],"rotation":0,"texture":"#0","tintindex":0},"east":{"uv":[6.9395,3.0645,7.4355,3.248],"rotation":0,"texture":"#0","tintindex":0},"north":{"uv":[6.4395,3.0645,6.9355,3.248],"rotation":0,"texture":"#0","tintindex":0},"south":{"uv":[8.127,9.002,8.623,9.1855],"rotation":0,"texture":"#0","tintindex":0},"up":{"uv":[3.623,9.373,3.127,8.877],"rotation":0,"texture":"#0","tintindex":0},"west":{"uv":[9.1895,2.6895,9.6855,2.873],"rotation":0,"texture":"#0","tintindex":0}}},{"name":"cube","from":[1.1749997,0.086922884,10.977584],"to":[3.5749998,1.2869229,13.3775835],"rotation":{"angle":-22.5,"axis":"y","origin":[2.3749998,0.011922836,11.802584]},"faces":{"down":{"uv":[8.873,9.002,8.627,9.248],"rotation":0,"texture":"#0","tintindex":0},"east":{"uv":[3.627,9.252,3.873,9.373],"rotation":0,"texture":"#0","tintindex":0},"north":{"uv":[2.877,8.877,3.123,8.998],"rotation":0,"texture":"#0","tintindex":0},"south":{"uv":[9.502,7.6895,9.748,7.8105],"rotation":0,"texture":"#0","tintindex":0},"up":{"uv":[4.123,8.498,3.877,8.252],"rotation":0,"texture":"#0","tintindex":0},"west":{"uv":[9.5645,2.877,9.8105,2.998],"rotation":0,"texture":"#0","tintindex":0}}},{"name":"cube","from":[1.7749997,-2.313077,11.577584],"to":[2.975,0.086922884,12.777584],"rotation":{"angle":-22.5,"axis":"y","origin":[2.3749998,0.011922836,11.802584]},"faces":{"down":{"uv":[7.6855,8.877,7.5645,8.998],"rotation":0,"texture":"#0","tintindex":0},"east":{"uv":[7.5645,8.1895,7.6855,8.4355],"rotation":0,"texture":"#0","tintindex":0},"north":{"uv":[7.5645,7.9395,7.6855,8.1855],"rotation":0,"texture":"#0","tintindex":0},"south":{"uv":[4.127,8.252,4.248,8.498],"rotation":0,"texture":"#0","tintindex":0},"up":{"uv":[2.998,7.873,2.877,7.752],"rotation":0,"texture":"#0","tintindex":0},"west":{"uv":[7.5645,8.4395,7.6855,8.6855],"rotation":0,"texture":"#0","tintindex":0}}},{"name":"cube","from":[1.7749997,-2.313077,9.777584],"to":[2.975,-1.1130772,11.577584],"rotation":{"angle":-22.5,"axis":"y","origin":[2.3749998,0.011922836,11.802584]},"faces":{"down":{"uv":[7.9355,10.0645,7.8145,10.248],"rotation":0,"texture":"#0","tintindex":0},"east":{"uv":[9.8145,2.8145,9.998,2.9355],"rotation":0,"texture":"#0","tintindex":0},"north":{"uv":[8.502,9.1895,8.623,9.3105],"rotation":0,"texture":"#0","tintindex":0},"south":{"uv":[9.877,2.6895,9.998,2.8105],"rotation":0,"texture":"#0","tintindex":0},"up":{"uv":[7.6855,8.873,7.5645,8.6895],"rotation":0,"texture":"#0","tintindex":0},"west":{"uv":[5.127,9.877,5.3105,9.998],"rotation":0,"texture":"#0","tintindex":0}}},{"name":"cube","from":[10.175,1.2869229,9.777584],"to":[14.975,3.0869231,14.577583],"rotation":{"angle":45.0,"axis":"y","origin":[12.575,0.011922836,11.802584]},"faces":{"down":{"uv":[10.3105,10.8145,9.8145,11.3105],"rotation":0,"texture":"#0","tintindex":0},"east":{"uv":[6.9395,3.0645,7.4355,3.248],"rotation":0,"texture":"#0","tintindex":0},"north":{"uv":[6.4395,3.0645,6.9355,3.248],"rotation":0,"texture":"#0","tintindex":0},"south":{"uv":[8.127,9.002,8.623,9.1855],"rotation":0,"texture":"#0","tintindex":0},"up":{"uv":[3.623,9.373,3.127,8.877],"rotation":0,"texture":"#0","tintindex":0},"west":{"uv":[9.1895,2.6895,9.6855,2.873],"rotation":0,"texture":"#0","tintindex":0}}},{"name":"cube","from":[11.375,0.086922884,10.977584],"to":[13.775001,1.2869229,13.3775835],"rotation":{"angle":45.0,"axis":"y","origin":[12.575,0.011922836,11.802584]},"faces":{"down":{"uv":[8.873,9.002,8.627,9.248],"rotation":0,"texture":"#0","tintindex":0},"east":{"uv":[3.627,9.252,3.873,9.373],"rotation":0,"texture":"#0","tintindex":0},"north":{"uv":[2.877,8.877,3.123,8.998],"rotation":0,"texture":"#0","tintindex":0},"south":{"uv":[9.502,7.6895,9.748,7.8105],"rotation":0,"texture":"#0","tintindex":0},"up":{"uv":[4.123,8.498,3.877,8.252],"rotation":0,"texture":"#0","tintindex":0},"west":{"uv":[9.5645,2.877,9.8105,2.998],"rotation":0,"texture":"#0","tintindex":0}}},{"name":"cube","from":[11.975,-2.313077,11.577584],"to":[13.175,0.086922884,12.777584],"rotation":{"angle":45.0,"axis":"y","origin":[12.575,0.011922836,11.802584]},"faces":{"down":{"uv":[7.6855,8.877,7.5645,8.998],"rotation":0,"texture":"#0","tintindex":0},"east":{"uv":[7.5645,8.1895,7.6855,8.4355],"rotation":0,"texture":"#0","tintindex":0},"north":{"uv":[7.5645,7.9395,7.6855,8.1855],"rotation":0,"texture":"#0","tintindex":0},"south":{"uv":[4.127,8.252,4.248,8.498],"rotation":0,"texture":"#0","tintindex":0},"up":{"uv":[2.998,7.873,2.877,7.752],"rotation":0,"texture":"#0","tintindex":0},"west":{"uv":[7.5645,8.4395,7.6855,8.6855],"rotation":0,"texture":"#0","tintindex":0}}},{"name":"cube","from":[11.975,-2.313077,9.777584],"to":[13.175,-1.1130772,11.577584],"rotation":{"angle":45.0,"axis":"y","origin":[12.575,0.011922836,11.802584]},"faces":{"down":{"uv":[7.9355,10.0645,7.8145,10.248],"rotation":0,"texture":"#0","tintindex":0},"east":{"uv":[9.8145,2.8145,9.998,2.9355],"rotation":0,"texture":"#0","tintindex":0},"north":{"uv":[8.502,9.1895,8.623,9.3105],"rotation":0,"texture":"#0","tintindex":0},"south":{"uv":[9.877,2.6895,9.998,2.8105],"rotation":0,"texture":"#0","tintindex":0},"up":{"uv":[7.6855,8.873,7.5645,8.6895],"rotation":0,"texture":"#0","tintindex":0},"west":{"uv":[5.127,9.877,5.3105,9.998],"rotation":0,"texture":"#0","tintindex":0}}},{"name":"cube","from":[7.775,-4.713077,13.3775835],"to":[8.975,-2.313077,14.577583],"rotation":{"angle":22.5,"axis":"x","origin":[8.375,-2.3880773,13.602584]},"faces":{"down":{"uv":[7.6855,8.877,7.5645,8.998],"rotation":0,"texture":"#0","tintindex":0},"east":{"uv":[7.5645,8.1895,7.6855,8.4355],"rotation":0,"texture":"#0","tintindex":0},"north":{"uv":[7.5645,7.9395,7.6855,8.1855],"rotation":0,"texture":"#0","tintindex":0},"south":{"uv":[4.127,8.252,4.248,8.498],"rotation":0,"texture":"#0","tintindex":0},"up":{"uv":[2.998,7.873,2.877,7.752],"rotation":0,"texture":"#0","tintindex":0},"west":{"uv":[7.5645,8.4395,7.6855,8.6855],"rotation":0,"texture":"#0","tintindex":0}}},{"name":"cube","from":[7.175,-2.313077,12.777584],"to":[9.575001,-1.1130772,15.177584],"rotation":{"angle":22.5,"axis":"x","origin":[8.375,-2.3880773,13.602584]},"faces":{"down":{"uv":[8.873,9.002,8.627,9.248],"rotation":0,"texture":"#0","tintindex":0},"east":{"uv":[3.627,9.252,3.873,9.373],"rotation":0,"texture":"#0","tintindex":0},"north":{"uv":[2.877,8.877,3.123,8.998],"rotation":0,"texture":"#0","tintindex":0},"south":{"uv":[9.502,7.6895,9.748,7.8105],"rotation":0,"texture":"#0","tintindex":0},"up":{"uv":[4.123,8.498,3.877,8.252],"rotation":0,"texture":"#0","tintindex":0},"west":{"uv":[9.5645,2.877,9.8105,2.998],"rotation":0,"texture":"#0","tintindex":0}}},{"name":"cube","from":[5.975,-1.1130772,11.577584],"to":[10.775,0.686923,16.377583],"rotation":{"angle":22.5,"axis":"x","origin":[8.375,-2.3880773,13.602584]},"faces":{"down":{"uv":[10.3105,10.8145,9.8145,11.3105],"rotation":0,"texture":"#0","tintindex":0},"east":{"uv":[6.9395,3.0645,7.4355,3.248],"rotation":0,"texture":"#0","tintindex":0},"north":{"uv":[6.4395,3.0645,6.9355,3.248],"rotation":0,"texture":"#0","tintindex":0},"south":{"uv":[8.127,9.002,8.623,9.1855],"rotation":0,"texture":"#0","tintindex":0},"up":{"uv":[3.623,9.373,3.127,8.877],"rotation":0,"texture":"#0","tintindex":0},"west":{"uv":[9.1895,2.6895,9.6855,2.873],"rotation":0,"texture":"#0","tintindex":0}}},{"name":"cube","from":[7.775,-4.713077,11.577584],"to":[8.975,-3.5130773,13.3775835],"rotation":{"angle":22.5,"axis":"x","origin":[8.375,-2.3880773,13.602584]},"faces":{"down":{"uv":[7.9355,10.0645,7.8145,10.248],"rotation":0,"texture":"#0","tintindex":0},"east":{"uv":[9.8145,2.8145,9.998,2.9355],"rotation":0,"texture":"#0","tintindex":0},"north":{"uv":[8.502,9.1895,8.623,9.3105],"rotation":0,"texture":"#0","tintindex":0},"south":{"uv":[9.877,2.6895,9.998,2.8105],"rotation":0,"texture":"#0","tintindex":0},"up":{"uv":[7.6855,8.873,7.5645,8.6895],"rotation":0,"texture":"#0","tintindex":0},"west":{"uv":[5.127,9.877,5.3105,9.998],"rotation":0,"texture":"#0","tintindex":0}}},{"name":"cube","from":[-1.2250004,9.086924,3.7775836],"to":[1.1749997,10.286923,6.1775837],"rotation":{"angle":22.5,"axis":"z","origin":[0.34999967,9.011923,4.977584]},"faces":{"down":{"uv":[8.873,9.002,8.627,9.248],"rotation":270,"texture":"#0","tintindex":0},"east":{"uv":[2.877,8.877,3.123,8.998],"rotation":0,"texture":"#0","tintindex":0},"north":{"uv":[9.5645,2.877,9.8105,2.998],"rotation":0,"texture":"#0","tintindex":0},"south":{"uv":[3.627,9.252,3.873,9.373],"rotation":0,"texture":"#0","tintindex":0},"up":{"uv":[4.123,8.498,3.877,8.252],"rotation":90,"texture":"#0","tintindex":0},"west":{"uv":[9.502,7.6895,9.748,7.8105],"rotation":0,"texture":"#0","tintindex":0}}},{"name":"cube","from":[-2.4250002,10.286923,2.5775838],"to":[2.3749998,12.086924,7.377584],"rotation":{"angle":22.5,"axis":"z","origin":[0.34999967,9.011923,4.977584]},"faces":{"down":{"uv":[10.3105,10.8145,9.8145,11.3105],"rotation":270,"texture":"#0","tintindex":0},"east":{"uv":[6.4395,3.0645,6.9355,3.248],"rotation":0,"texture":"#0","tintindex":0},"north":{"uv":[9.1895,2.6895,9.6855,2.873],"rotation":0,"texture":"#0","tintindex":0},"south":{"uv":[6.9395,3.0645,7.4355,3.248],"rotation":0,"texture":"#0","tintindex":0},"up":{"uv":[3.623,9.373,3.127,8.877],"rotation":90,"texture":"#0","tintindex":0},"west":{"uv":[8.127,9.002,8.623,9.1855],"rotation":0,"texture":"#0","tintindex":0}}},{"name":"cube","from":[-0.62500024,6.686923,4.3775835],"to":[0.5749998,9.086924,5.577584],"rotation":{"angle":22.5,"axis":"z","origin":[0.34999967,9.011923,4.977584]},"faces":{"down":{"uv":[7.6855,8.877,7.5645,8.998],"rotation":270,"texture":"#0","tintindex":0},"east":{"uv":[7.5645,7.9395,7.6855,8.1855],"rotation":0,"texture":"#0","tintindex":0},"north":{"uv":[7.5645,8.4395,7.6855,8.6855],"rotation":0,"texture":"#0","tintindex":0},"south":{"uv":[7.5645,8.1895,7.6855,8.4355],"rotation":0,"texture":"#0","tintindex":0},"up":{"uv":[2.998,7.873,2.877,7.752],"rotation":90,"texture":"#0","tintindex":0},"west":{"uv":[4.127,8.252,4.248,8.498],"rotation":0,"texture":"#0","tintindex":0}}},{"name":"cube","from":[0.5749998,6.686923,4.3775835],"to":[2.3749998,7.8869233,5.577584],"rotation":{"angle":22.5,"axis":"z","origin":[0.34999967,9.011923,4.977584]},"faces":{"down":{"uv":[7.9355,10.0645,7.8145,10.248],"rotation":270,"texture":"#0","tintindex":0},"east":{"uv":[8.502,9.1895,8.623,9.3105],"rotation":0,"texture":"#0","tintindex":0},"north":{"uv":[5.127,9.877,5.3105,9.998],"rotation":0,"texture":"#0","tintindex":0},"south":{"uv":[9.8145,2.8145,9.998,2.9355],"rotation":0,"texture":"#0","tintindex":0},"up":{"uv":[7.6855,8.873,7.5645,8.6895],"rotation":90,"texture":"#0","tintindex":0},"west":{"uv":[9.877,2.6895,9.998,2.8105],"rotation":0,"texture":"#0","tintindex":0}}},{"name":"cube","from":[14.975,9.086924,3.7775836],"to":[17.375,10.286923,6.1775837],"rotation":{"angle":-22.5,"axis":"z","origin":[15.8,9.011923,4.977584]},"faces":{"down":{"uv":[8.873,9.248,8.627,9.002],"rotation":270,"texture":"#0","tintindex":0},"east":{"uv":[9.748,7.6895,9.502,7.8105],"rotation":0,"texture":"#0","tintindex":0},"north":{"uv":[9.8105,2.877,9.5645,2.998],"rotation":0,"texture":"#0","tintindex":0},"south":{"uv":[3.873,9.252,3.627,9.373],"rotation":0,"texture":"#0","tintindex":0},"up":{"uv":[4.123,8.252,3.877,8.498],"rotation":90,"texture":"#0","tintindex":0},"west":{"uv":[3.123,8.877,2.877,8.998],"rotation":0,"texture":"#0","tintindex":0}}},{"name":"cube","from":[13.775001,10.286923,2.5775838],"to":[18.575,12.086924,7.377584],"rotation":{"angle":-22.5,"axis":"z","origin":[15.8,9.011923,4.977584]},"faces":{"down":{"uv":[10.3105,11.3105,9.8145,10.8145],"rotation":270,"texture":"#0","tintindex":0},"east":{"uv":[8.623,9.002,8.127,9.1855],"rotation":0,"texture":"#0","tintindex":0},"north":{"uv":[9.6855,2.6895,9.1895,2.873],"rotation":0,"texture":"#0","tintindex":0},"south":{"uv":[7.4355,3.0645,6.9395,3.248],"rotation":0,"texture":"#0","tintindex":0},"up":{"uv":[3.623,8.877,3.127,9.373],"rotation":90,"texture":"#0","tintindex":0},"west":{"uv":[6.9355,3.0645,6.4395,3.248],"rotation":0,"texture":"#0","tintindex":0}}},{"name":"cube","from":[15.575001,6.686923,4.3775835],"to":[16.775002,9.086924,5.577584],"rotation":{"angle":-22.5,"axis":"z","origin":[15.8,9.011923,4.977584]},"faces":{"down":{"uv":[7.6855,8.998,7.5645,8.877],"rotation":270,"texture":"#0","tintindex":0},"east":{"uv":[4.248,8.252,4.127,8.498],"rotation":0,"texture":"#0","tintindex":0},"north":{"uv":[7.6855,8.4395,7.5645,8.6855],"rotation":0,"texture":"#0","tintindex":0},"south":{"uv":[7.6855,8.1895,7.5645,8.4355],"rotation":0,"texture":"#0","tintindex":0},"up":{"uv":[2.998,7.752,2.877,7.873],"rotation":90,"texture":"#0","tintindex":0},"west":{"uv":[7.6855,7.9395,7.5645,8.1855],"rotation":0,"texture":"#0","tintindex":0}}},{"name":"cube","from":[13.775001,6.686923,4.3775835],"to":[15.575001,7.8869233,5.577584],"rotation":{"angle":-22.5,"axis":"z","origin":[15.8,9.011923,4.977584]},"faces":{"down":{"uv":[7.9355,10.248,7.8145,10.0645],"rotation":270,"texture":"#0","tintindex":0},"east":{"uv":[9.998,2.6895,9.877,2.8105],"rotation":0,"texture":"#0","tintindex":0},"north":{"uv":[5.3105,9.877,5.127,9.998],"rotation":0,"texture":"#0","tintindex":0},"south":{"uv":[9.998,2.8145,9.8145,2.9355],"rotation":0,"texture":"#0","tintindex":0},"up":{"uv":[7.6855,8.6895,7.5645,8.873],"rotation":90,"texture":"#0","tintindex":0},"west":{"uv":[8.623,9.1895,8.502,9.3105],"rotation":0,"texture":"#0","tintindex":0}}}],"display":{"head":{"translation":[0.0,-6.4,0.0],"rotation":[0.0,0.0,0.0],"scale":[3.8095,3.8095,3.8095]}}}