{"textures":{"0":"modelengine:entity/glume_vines"},"elements":[{"name":"cube","from":[1.0999997,-0.40000033,8.0],"to":[14.900001,8.0,8.0],"rotation":{"angle":0.0,"axis":"x","origin":[1.6999998,-13.600001,22.400002]},"faces":{"down":{"uv":[1.4355,-0.001,0.002,-0.06875],"rotation":0,"texture":"#0","tintindex":0},"east":{"uv":[-0.001,0.002,-0.06875,0.873],"rotation":0,"texture":"#0","tintindex":0},"north":{"uv":[7.752,2.127,9.1855,2.998],"rotation":0,"texture":"#0","tintindex":0},"south":{"uv":[9.1855,2.127,7.752,2.998],"rotation":0,"texture":"#0","tintindex":0},"up":{"uv":[1.4355,-0.001,0.002,-0.06875],"rotation":0,"texture":"#0","tintindex":0},"west":{"uv":[-0.001,0.002,-0.06875,0.873],"rotation":0,"texture":"#0","tintindex":0}}}],"display":{"head":{"translation":[0.0,-6.4,0.0],"rotation":[0.0,0.0,0.0],"scale":[3.8095,3.8095,3.8095]}}}